ISO-10303-21;
HEADER;
/* Generated by software containing ST-Developer
 * from STEP Tools, Inc. (www.steptools.com) 
 */
/* OPTION: using custom schema-name function */

FILE_DESCRIPTION(
/* description */ (''),
/* implementation_level */ '2;1');

FILE_NAME(
/* name */ 'valve_key_arm_revision_2.stp',
/* time_stamp */ '2026-10-01T03:17:04-04:00',
/* author */ (''),
/* organization */ (''),
/* preprocessor_version */ 'ST-DEVELOPER v18.102',
/* originating_system */ 'SIEMENS PLM Software NX 2027',
/* authorisation */ '');

FILE_SCHEMA (('AUTOMOTIVE_DESIGN { 1 0 10303 214 3 1 1 1 }'));
ENDSEC;

DATA;
#10=PROPERTY_DEFINITION_REPRESENTATION(#14,#12);
#11=PROPERTY_DEFINITION_REPRESENTATION(#15,#13);
#12=REPRESENTATION('',(#16),#2287);
#13=REPRESENTATION('',(#17),#2287);
#14=PROPERTY_DEFINITION('pmi validation property','',#21);
#15=PROPERTY_DEFINITION('pmi validation property','',#21);
#16=VALUE_REPRESENTATION_ITEM('number of annotations',COUNT_MEASURE(0.));
#17=VALUE_REPRESENTATION_ITEM('number of views',COUNT_MEASURE(0.));
#18=SHAPE_REPRESENTATION_RELATIONSHIP('None',
'relationship between A_objects-None and A_objects-None',#30,#19);
#19=ADVANCED_BREP_SHAPE_REPRESENTATION('A_objects-None',(#40),#2287);
#20=SHAPE_DEFINITION_REPRESENTATION(#21,#30);
#21=PRODUCT_DEFINITION_SHAPE('','',#22);
#22=PRODUCT_DEFINITION(' ','',#24,#23);
#23=PRODUCT_DEFINITION_CONTEXT('part definition',#29,'design');
#24=PRODUCT_DEFINITION_FORMATION_WITH_SPECIFIED_SOURCE(' ',' ',#26,
 .NOT_KNOWN.);
#25=PRODUCT_RELATED_PRODUCT_CATEGORY('part','',(#26));
#26=PRODUCT('A_objects','A_objects',' ',(#27));
#27=PRODUCT_CONTEXT(' ',#29,'mechanical');
#28=APPLICATION_PROTOCOL_DEFINITION('international standard',
'automotive_design',2010,#29);
#29=APPLICATION_CONTEXT(
'core data for automotive mechanical design processes');
#30=SHAPE_REPRESENTATION('A_objects-None',(#1306),#2287);
#31=PRESENTATION_LAYER_ASSIGNMENT('51','Layer 51',(#40));
#32=STYLED_ITEM('',(#33),#40);
#33=PRESENTATION_STYLE_ASSIGNMENT((#34));
#34=SURFACE_STYLE_USAGE(.BOTH.,#35);
#35=SURFACE_SIDE_STYLE('',(#36));
#36=SURFACE_STYLE_FILL_AREA(#37);
#37=FILL_AREA_STYLE('',(#38));
#38=FILL_AREA_STYLE_COLOUR('',#39);
#39=COLOUR_RGB('medium brown',0.8,0.6,0.2);
#40=MANIFOLD_SOLID_BREP('',#41);
#41=CLOSED_SHELL('',(#124,#125,#126,#127,#128,#129,#130,#131,#132,#133,
#134,#135,#136,#137,#138,#139,#140,#141,#142,#143,#144,#145,#146,#147,#148,
#149,#150,#151,#152,#153,#154,#155,#156,#157,#158,#159,#160,#161,#162,#163,
#164,#165,#166,#167,#168,#169,#170,#171,#172,#173,#174,#175,#176,#177,#178,
#179,#180,#181,#182,#183,#184,#185,#186,#187,#188,#189,#190,#191,#192,#193,
#194,#195,#196,#197,#198,#199,#200));
#42=B_SPLINE_SURFACE_WITH_KNOTS('',1,3,((#2163,#2164,#2165,#2166),(#2167,
#2168,#2169,#2170)),.UNSPECIFIED.,.F.,.F.,.F.,(2,2),(4,4),(0.,1.),(0.,1.),
 .UNSPECIFIED.);
#43=B_SPLINE_SURFACE_WITH_KNOTS('',1,3,((#2175,#2176,#2177,#2178),(#2179,
#2180,#2181,#2182)),.UNSPECIFIED.,.F.,.F.,.F.,(2,2),(4,4),(0.,1.),(0.,1.),
 .UNSPECIFIED.);
#44=B_SPLINE_SURFACE_WITH_KNOTS('',1,3,((#2207,#2208,#2209,#2210),(#2211,
#2212,#2213,#2214)),.UNSPECIFIED.,.F.,.F.,.F.,(2,2),(4,4),(0.,1.),(0.,1.),
 .UNSPECIFIED.);
#45=B_SPLINE_SURFACE_WITH_KNOTS('',1,3,((#2219,#2220,#2221,#2222),(#2223,
#2224,#2225,#2226)),.UNSPECIFIED.,.F.,.F.,.F.,(2,2),(4,4),(0.,1.),(0.,1.),
 .UNSPECIFIED.);
#46=CONICAL_SURFACE('',#1403,0.0399999999999982,45.0000000000064);
#47=CONICAL_SURFACE('',#1404,0.0399999999999996,44.9999999999974);
#48=CONICAL_SURFACE('',#1405,0.614999999999989,45.0000000000016);
#49=CONICAL_SURFACE('',#1406,0.195070866141733,45.000000000006);
#50=CONICAL_SURFACE('',#1409,0.195070866141734,45.0000000000042);
#51=CONICAL_SURFACE('',#1410,0.185070866141732,45.000000000004);
#52=CONICAL_SURFACE('',#1413,0.185070866141733,45.0000000000028);
#53=CONICAL_SURFACE('',#1415,0.039999999999999,45.0000000000024);
#54=CONICAL_SURFACE('',#1416,0.0399999999999991,45.0000000000037);
#55=CONICAL_SURFACE('',#1417,0.624999999999989,44.9999999999981);
#56=CONICAL_SURFACE('',#1418,0.0899999999999992,45.0000000000022);
#57=CONICAL_SURFACE('',#1420,5.01,44.9999999999971);
#58=CONICAL_SURFACE('',#1421,0.614999999999974,45.0000000000155);
#59=CONICAL_SURFACE('',#1422,0.0899999999999996,45.0000000000005);
#60=CONICAL_SURFACE('',#1425,0.262500000000056,45.0000000000215);
#61=CONICAL_SURFACE('',#1426,0.262499999999969,45.0000000000093);
#62=CONICAL_SURFACE('',#1429,0.252500000000056,45.0000000000041);
#63=CONICAL_SURFACE('',#1430,0.252499999999967,44.9999999999992);
#64=CONICAL_SURFACE('',#1432,0.0900000000000018,44.9999999999953);
#65=CONICAL_SURFACE('',#1434,5.,44.9999999999955);
#66=CONICAL_SURFACE('',#1435,0.624999999999975,44.9999999999948);
#67=CONICAL_SURFACE('',#1436,0.0899999999999997,45.0000000000005);
#68=SURFACE_OF_LINEAR_EXTRUSION('',#76,#1252);
#69=SURFACE_OF_LINEAR_EXTRUSION('',#79,#1255);
#70=B_SPLINE_CURVE_WITH_KNOTS('',3,(#1940,#1941,#1942,#1943),
 .UNSPECIFIED.,.F.,.F.,(4,4),(0.,1.),.UNSPECIFIED.);
#71=B_SPLINE_CURVE_WITH_KNOTS('',3,(#1947,#1948,#1949,#1950),
 .UNSPECIFIED.,.F.,.F.,(4,4),(0.,1.),.UNSPECIFIED.);
#72=B_SPLINE_CURVE_WITH_KNOTS('',3,(#1959,#1960,#1961,#1962),
 .UNSPECIFIED.,.F.,.F.,(4,4),(0.,1.),.UNSPECIFIED.);
#73=B_SPLINE_CURVE_WITH_KNOTS('',3,(#1966,#1967,#1968,#1969),
 .UNSPECIFIED.,.F.,.F.,(4,4),(0.,1.),.UNSPECIFIED.);
#74=B_SPLINE_CURVE_WITH_KNOTS('',3,(#1994,#1995,#1996,#1997,#1998,#1999,
#2000),.UNSPECIFIED.,.F.,.F.,(4,1,1,1,4),(0.,0.25,0.5,0.75,1.),
 .UNSPECIFIED.);
#75=B_SPLINE_CURVE_WITH_KNOTS('',3,(#2004,#2005,#2006,#2007,#2008,#2009,
#2010),.UNSPECIFIED.,.F.,.F.,(4,1,1,1,4),(0.,0.25,0.5,0.75,1.),
 .UNSPECIFIED.);
#76=B_SPLINE_CURVE_WITH_KNOTS('',3,(#2011,#2012,#2013,#2014,#2015,#2016,
#2017),.UNSPECIFIED.,.F.,.F.,(4,1,1,1,4),(0.,0.25,0.5,0.75,1.),
 .UNSPECIFIED.);
#77=B_SPLINE_CURVE_WITH_KNOTS('',3,(#2024,#2025,#2026,#2027,#2028,#2029,
#2030),.UNSPECIFIED.,.F.,.F.,(4,1,1,1,4),(0.,0.25,0.5,0.75,1.),
 .UNSPECIFIED.);
#78=B_SPLINE_CURVE_WITH_KNOTS('',3,(#2034,#2035,#2036,#2037,#2038,#2039,
#2040),.UNSPECIFIED.,.F.,.F.,(4,1,1,1,4),(0.,0.25,0.5,0.75,1.),
 .UNSPECIFIED.);
#79=B_SPLINE_CURVE_WITH_KNOTS('',3,(#2041,#2042,#2043,#2044,#2045,#2046,
#2047),.UNSPECIFIED.,.F.,.F.,(4,1,1,1,4),(0.,0.25,0.5,0.75,1.),
 .UNSPECIFIED.);
#80=B_SPLINE_CURVE_WITH_KNOTS('',3,(#2150,#2151,#2152,#2153),
 .UNSPECIFIED.,.F.,.F.,(4,4),(0.,1.),.UNSPECIFIED.);
#81=B_SPLINE_CURVE_WITH_KNOTS('',3,(#2154,#2155,#2156,#2157),
 .UNSPECIFIED.,.F.,.F.,(4,4),(0.,1.),.UNSPECIFIED.);
#82=B_SPLINE_CURVE_WITH_KNOTS('',3,(#2159,#2160,#2161,#2162),
 .UNSPECIFIED.,.F.,.F.,(4,4),(0.,1.),.UNSPECIFIED.);
#83=B_SPLINE_CURVE_WITH_KNOTS('',3,(#2171,#2172,#2173,#2174),
 .UNSPECIFIED.,.F.,.F.,(4,4),(0.,1.),.UNSPECIFIED.);
#84=B_SPLINE_CURVE_WITH_KNOTS('',3,(#2183,#2184,#2185,#2186),
 .UNSPECIFIED.,.F.,.F.,(4,4),(0.,1.),.UNSPECIFIED.);
#85=B_SPLINE_CURVE_WITH_KNOTS('',3,(#2188,#2189,#2190,#2191),
 .UNSPECIFIED.,.F.,.F.,(4,4),(0.,1.),.UNSPECIFIED.);
#86=B_SPLINE_CURVE_WITH_KNOTS('',3,(#2194,#2195,#2196,#2197),
 .UNSPECIFIED.,.F.,.F.,(4,4),(0.,1.),.UNSPECIFIED.);
#87=B_SPLINE_CURVE_WITH_KNOTS('',3,(#2198,#2199,#2200,#2201),
 .UNSPECIFIED.,.F.,.F.,(4,4),(0.,1.),.UNSPECIFIED.);
#88=B_SPLINE_CURVE_WITH_KNOTS('',3,(#2203,#2204,#2205,#2206),
 .UNSPECIFIED.,.F.,.F.,(4,4),(0.,1.),.UNSPECIFIED.);
#89=B_SPLINE_CURVE_WITH_KNOTS('',3,(#2215,#2216,#2217,#2218),
 .UNSPECIFIED.,.F.,.F.,(4,4),(0.,1.),.UNSPECIFIED.);
#90=B_SPLINE_CURVE_WITH_KNOTS('',3,(#2227,#2228,#2229,#2230),
 .UNSPECIFIED.,.F.,.F.,(4,4),(0.,1.),.UNSPECIFIED.);
#91=B_SPLINE_CURVE_WITH_KNOTS('',3,(#2232,#2233,#2234,#2235),
 .UNSPECIFIED.,.F.,.F.,(4,4),(0.,1.),.UNSPECIFIED.);
#92=FACE_BOUND('',#316,.T.);
#93=FACE_BOUND('',#317,.T.);
#94=FACE_BOUND('',#318,.T.);
#95=FACE_BOUND('',#319,.T.);
#96=FACE_BOUND('',#325,.T.);
#97=FACE_BOUND('',#326,.T.);
#98=FACE_BOUND('',#331,.T.);
#99=FACE_BOUND('',#332,.T.);
#100=FACE_BOUND('',#333,.T.);
#101=FACE_BOUND('',#334,.T.);
#102=FACE_BOUND('',#335,.T.);
#103=FACE_BOUND('',#336,.T.);
#104=FACE_BOUND('',#337,.T.);
#105=FACE_BOUND('',#338,.T.);
#106=CYLINDRICAL_SURFACE('',#1313,0.252500000000056);
#107=CYLINDRICAL_SURFACE('',#1316,0.252500000000056);
#108=CYLINDRICAL_SURFACE('',#1321,0.252499999999967);
#109=CYLINDRICAL_SURFACE('',#1324,0.252499999999967);
#110=CYLINDRICAL_SURFACE('',#1327,0.624999999999975);
#111=CYLINDRICAL_SURFACE('',#1330,0.624999999999975);
#112=CYLINDRICAL_SURFACE('',#1357,0.185070866141733);
#113=CYLINDRICAL_SURFACE('',#1361,0.185070866141732);
#114=CYLINDRICAL_SURFACE('',#1364,0.624999999999989);
#115=CYLINDRICAL_SURFACE('',#1368,5.);
#116=CYLINDRICAL_SURFACE('',#1370,5.);
#117=CYLINDRICAL_SURFACE('',#1387,0.325);
#118=CYLINDRICAL_SURFACE('',#1390,0.05);
#119=CYLINDRICAL_SURFACE('',#1393,0.05);
#120=CYLINDRICAL_SURFACE('',#1395,0.1);
#121=CYLINDRICAL_SURFACE('',#1397,0.1);
#122=CYLINDRICAL_SURFACE('',#1399,0.1);
#123=CYLINDRICAL_SURFACE('',#1401,0.1);
#124=ADVANCED_FACE('',(#232),#201,.F.);
#125=ADVANCED_FACE('',(#233),#202,.F.);
#126=ADVANCED_FACE('',(#234),#106,.F.);
#127=ADVANCED_FACE('',(#235),#107,.F.);
#128=ADVANCED_FACE('',(#236),#203,.F.);
#129=ADVANCED_FACE('',(#237),#204,.F.);
#130=ADVANCED_FACE('',(#238),#108,.F.);
#131=ADVANCED_FACE('',(#239),#109,.F.);
#132=ADVANCED_FACE('',(#240),#110,.T.);
#133=ADVANCED_FACE('',(#241),#111,.T.);
#134=ADVANCED_FACE('',(#242),#205,.F.);
#135=ADVANCED_FACE('',(#243),#206,.F.);
#136=ADVANCED_FACE('',(#244),#207,.F.);
#137=ADVANCED_FACE('',(#245),#208,.T.);
#138=ADVANCED_FACE('',(#92,#93),#209,.F.);
#139=ADVANCED_FACE('',(#94,#95),#210,.F.);
#140=ADVANCED_FACE('',(#246),#112,.F.);
#141=ADVANCED_FACE('',(#247),#211,.T.);
#142=ADVANCED_FACE('',(#248),#68,.T.);
#143=ADVANCED_FACE('',(#249),#113,.F.);
#144=ADVANCED_FACE('',(#250),#69,.T.);
#145=ADVANCED_FACE('',(#96,#97),#114,.T.);
#146=ADVANCED_FACE('',(#251),#212,.T.);
#147=ADVANCED_FACE('',(#252),#213,.T.);
#148=ADVANCED_FACE('',(#253),#115,.F.);
#149=ADVANCED_FACE('',(#254),#116,.F.);
#150=ADVANCED_FACE('',(#98,#99),#214,.F.);
#151=ADVANCED_FACE('',(#100,#101),#215,.T.);
#152=ADVANCED_FACE('',(#102,#103),#216,.T.);
#153=ADVANCED_FACE('',(#104,#105),#217,.T.);
#154=ADVANCED_FACE('',(#255),#117,.F.);
#155=ADVANCED_FACE('',(#256),#118,.T.);
#156=ADVANCED_FACE('',(#257),#119,.T.);
#157=ADVANCED_FACE('',(#258),#120,.T.);
#158=ADVANCED_FACE('',(#259),#121,.T.);
#159=ADVANCED_FACE('',(#260),#122,.T.);
#160=ADVANCED_FACE('',(#261),#123,.T.);
#161=ADVANCED_FACE('',(#262),#218,.T.);
#162=ADVANCED_FACE('',(#263),#46,.T.);
#163=ADVANCED_FACE('',(#264),#47,.T.);
#164=ADVANCED_FACE('',(#265),#48,.T.);
#165=ADVANCED_FACE('',(#266),#49,.F.);
#166=ADVANCED_FACE('',(#267),#42,.T.);
#167=ADVANCED_FACE('',(#268),#43,.T.);
#168=ADVANCED_FACE('',(#269),#219,.T.);
#169=ADVANCED_FACE('',(#270),#220,.T.);
#170=ADVANCED_FACE('',(#271),#50,.F.);
#171=ADVANCED_FACE('',(#272),#51,.F.);
#172=ADVANCED_FACE('',(#273),#44,.T.);
#173=ADVANCED_FACE('',(#274),#45,.T.);
#174=ADVANCED_FACE('',(#275),#221,.T.);
#175=ADVANCED_FACE('',(#276),#222,.T.);
#176=ADVANCED_FACE('',(#277),#52,.F.);
#177=ADVANCED_FACE('',(#278),#223,.T.);
#178=ADVANCED_FACE('',(#279),#53,.T.);
#179=ADVANCED_FACE('',(#280),#54,.T.);
#180=ADVANCED_FACE('',(#281),#55,.T.);
#181=ADVANCED_FACE('',(#282),#56,.T.);
#182=ADVANCED_FACE('',(#283),#224,.F.);
#183=ADVANCED_FACE('',(#284),#57,.F.);
#184=ADVANCED_FACE('',(#285),#58,.T.);
#185=ADVANCED_FACE('',(#286),#59,.T.);
#186=ADVANCED_FACE('',(#287),#225,.F.);
#187=ADVANCED_FACE('',(#288),#226,.F.);
#188=ADVANCED_FACE('',(#289),#60,.F.);
#189=ADVANCED_FACE('',(#290),#61,.F.);
#190=ADVANCED_FACE('',(#291),#227,.F.);
#191=ADVANCED_FACE('',(#292),#228,.T.);
#192=ADVANCED_FACE('',(#293),#62,.F.);
#193=ADVANCED_FACE('',(#294),#63,.F.);
#194=ADVANCED_FACE('',(#295),#229,.T.);
#195=ADVANCED_FACE('',(#296),#64,.T.);
#196=ADVANCED_FACE('',(#297),#230,.T.);
#197=ADVANCED_FACE('',(#298),#65,.F.);
#198=ADVANCED_FACE('',(#299),#66,.T.);
#199=ADVANCED_FACE('',(#300),#67,.T.);
#200=ADVANCED_FACE('',(#301),#231,.T.);
#201=PLANE('',#1308);
#202=PLANE('',#1310);
#203=PLANE('',#1317);
#204=PLANE('',#1318);
#205=PLANE('',#1331);
#206=PLANE('',#1332);
#207=PLANE('',#1337);
#208=PLANE('',#1342);
#209=PLANE('',#1348);
#210=PLANE('',#1354);
#211=PLANE('',#1358);
#212=PLANE('',#1365);
#213=PLANE('',#1366);
#214=PLANE('',#1377);
#215=PLANE('',#1384);
#216=PLANE('',#1385);
#217=PLANE('',#1386);
#218=PLANE('',#1402);
#219=PLANE('',#1407);
#220=PLANE('',#1408);
#221=PLANE('',#1411);
#222=PLANE('',#1412);
#223=PLANE('',#1414);
#224=PLANE('',#1419);
#225=PLANE('',#1423);
#226=PLANE('',#1424);
#227=PLANE('',#1427);
#228=PLANE('',#1428);
#229=PLANE('',#1431);
#230=PLANE('',#1433);
#231=PLANE('',#1437);
#232=FACE_OUTER_BOUND('',#302,.T.);
#233=FACE_OUTER_BOUND('',#303,.T.);
#234=FACE_OUTER_BOUND('',#304,.T.);
#235=FACE_OUTER_BOUND('',#305,.T.);
#236=FACE_OUTER_BOUND('',#306,.T.);
#237=FACE_OUTER_BOUND('',#307,.T.);
#238=FACE_OUTER_BOUND('',#308,.T.);
#239=FACE_OUTER_BOUND('',#309,.T.);
#240=FACE_OUTER_BOUND('',#310,.T.);
#241=FACE_OUTER_BOUND('',#311,.T.);
#242=FACE_OUTER_BOUND('',#312,.T.);
#243=FACE_OUTER_BOUND('',#313,.T.);
#244=FACE_OUTER_BOUND('',#314,.T.);
#245=FACE_OUTER_BOUND('',#315,.T.);
#246=FACE_OUTER_BOUND('',#320,.T.);
#247=FACE_OUTER_BOUND('',#321,.T.);
#248=FACE_OUTER_BOUND('',#322,.T.);
#249=FACE_OUTER_BOUND('',#323,.T.);
#250=FACE_OUTER_BOUND('',#324,.T.);
#251=FACE_OUTER_BOUND('',#327,.T.);
#252=FACE_OUTER_BOUND('',#328,.T.);
#253=FACE_OUTER_BOUND('',#329,.T.);
#254=FACE_OUTER_BOUND('',#330,.T.);
#255=FACE_OUTER_BOUND('',#339,.T.);
#256=FACE_OUTER_BOUND('',#340,.T.);
#257=FACE_OUTER_BOUND('',#341,.T.);
#258=FACE_OUTER_BOUND('',#342,.T.);
#259=FACE_OUTER_BOUND('',#343,.T.);
#260=FACE_OUTER_BOUND('',#344,.T.);
#261=FACE_OUTER_BOUND('',#345,.T.);
#262=FACE_OUTER_BOUND('',#346,.T.);
#263=FACE_OUTER_BOUND('',#347,.T.);
#264=FACE_OUTER_BOUND('',#348,.T.);
#265=FACE_OUTER_BOUND('',#349,.T.);
#266=FACE_OUTER_BOUND('',#350,.T.);
#267=FACE_OUTER_BOUND('',#351,.T.);
#268=FACE_OUTER_BOUND('',#352,.T.);
#269=FACE_OUTER_BOUND('',#353,.T.);
#270=FACE_OUTER_BOUND('',#354,.T.);
#271=FACE_OUTER_BOUND('',#355,.T.);
#272=FACE_OUTER_BOUND('',#356,.T.);
#273=FACE_OUTER_BOUND('',#357,.T.);
#274=FACE_OUTER_BOUND('',#358,.T.);
#275=FACE_OUTER_BOUND('',#359,.T.);
#276=FACE_OUTER_BOUND('',#360,.T.);
#277=FACE_OUTER_BOUND('',#361,.T.);
#278=FACE_OUTER_BOUND('',#362,.T.);
#279=FACE_OUTER_BOUND('',#363,.T.);
#280=FACE_OUTER_BOUND('',#364,.T.);
#281=FACE_OUTER_BOUND('',#365,.T.);
#282=FACE_OUTER_BOUND('',#366,.T.);
#283=FACE_OUTER_BOUND('',#367,.T.);
#284=FACE_OUTER_BOUND('',#368,.T.);
#285=FACE_OUTER_BOUND('',#369,.T.);
#286=FACE_OUTER_BOUND('',#370,.T.);
#287=FACE_OUTER_BOUND('',#371,.T.);
#288=FACE_OUTER_BOUND('',#372,.T.);
#289=FACE_OUTER_BOUND('',#373,.T.);
#290=FACE_OUTER_BOUND('',#374,.T.);
#291=FACE_OUTER_BOUND('',#375,.T.);
#292=FACE_OUTER_BOUND('',#376,.T.);
#293=FACE_OUTER_BOUND('',#377,.T.);
#294=FACE_OUTER_BOUND('',#378,.T.);
#295=FACE_OUTER_BOUND('',#379,.T.);
#296=FACE_OUTER_BOUND('',#380,.T.);
#297=FACE_OUTER_BOUND('',#381,.T.);
#298=FACE_OUTER_BOUND('',#382,.T.);
#299=FACE_OUTER_BOUND('',#383,.T.);
#300=FACE_OUTER_BOUND('',#384,.T.);
#301=FACE_OUTER_BOUND('',#385,.T.);
#302=EDGE_LOOP('',(#446,#447,#448,#449,#450,#451,#452,#453,#454,#455,#456,
#457));
#303=EDGE_LOOP('',(#458,#459,#460,#461,#462,#463,#464,#465,#466,#467,#468,
#469));
#304=EDGE_LOOP('',(#470,#471,#472,#473));
#305=EDGE_LOOP('',(#474,#475,#476,#477));
#306=EDGE_LOOP('',(#478,#479,#480,#481));
#307=EDGE_LOOP('',(#482,#483,#484,#485));
#308=EDGE_LOOP('',(#486,#487,#488,#489));
#309=EDGE_LOOP('',(#490,#491,#492,#493));
#310=EDGE_LOOP('',(#494,#495,#496,#497));
#311=EDGE_LOOP('',(#498,#499,#500,#501));
#312=EDGE_LOOP('',(#502,#503,#504,#505));
#313=EDGE_LOOP('',(#506,#507,#508,#509));
#314=EDGE_LOOP('',(#510,#511,#512,#513,#514,#515));
#315=EDGE_LOOP('',(#516,#517,#518,#519,#520,#521));
#316=EDGE_LOOP('',(#522,#523,#524,#525));
#317=EDGE_LOOP('',(#526,#527,#528,#529,#530,#531));
#318=EDGE_LOOP('',(#532,#533,#534,#535,#536,#537));
#319=EDGE_LOOP('',(#538,#539,#540,#541));
#320=EDGE_LOOP('',(#542,#543,#544,#545));
#321=EDGE_LOOP('',(#546,#547,#548,#549));
#322=EDGE_LOOP('',(#550,#551,#552,#553));
#323=EDGE_LOOP('',(#554,#555,#556,#557));
#324=EDGE_LOOP('',(#558,#559,#560,#561));
#325=EDGE_LOOP('',(#562,#563,#564,#565));
#326=EDGE_LOOP('',(#566,#567,#568,#569));
#327=EDGE_LOOP('',(#570,#571,#572,#573));
#328=EDGE_LOOP('',(#574,#575,#576,#577));
#329=EDGE_LOOP('',(#578,#579,#580,#581));
#330=EDGE_LOOP('',(#582,#583,#584,#585));
#331=EDGE_LOOP('',(#586,#587,#588,#589,#590,#591));
#332=EDGE_LOOP('',(#592,#593,#594,#595));
#333=EDGE_LOOP('',(#596,#597,#598,#599));
#334=EDGE_LOOP('',(#600,#601,#602,#603,#604,#605));
#335=EDGE_LOOP('',(#606,#607,#608,#609));
#336=EDGE_LOOP('',(#610,#611,#612,#613));
#337=EDGE_LOOP('',(#614,#615,#616,#617));
#338=EDGE_LOOP('',(#618,#619,#620,#621));
#339=EDGE_LOOP('',(#622,#623,#624,#625));
#340=EDGE_LOOP('',(#626,#627,#628,#629));
#341=EDGE_LOOP('',(#630,#631,#632,#633));
#342=EDGE_LOOP('',(#634,#635,#636,#637));
#343=EDGE_LOOP('',(#638,#639,#640,#641));
#344=EDGE_LOOP('',(#642,#643,#644,#645));
#345=EDGE_LOOP('',(#646,#647,#648,#649));
#346=EDGE_LOOP('',(#650,#651,#652,#653));
#347=EDGE_LOOP('',(#654,#655,#656,#657));
#348=EDGE_LOOP('',(#658,#659,#660,#661));
#349=EDGE_LOOP('',(#662,#663,#664,#665));
#350=EDGE_LOOP('',(#666,#667,#668,#669));
#351=EDGE_LOOP('',(#670,#671,#672,#673));
#352=EDGE_LOOP('',(#674,#675,#676,#677));
#353=EDGE_LOOP('',(#678,#679,#680,#681));
#354=EDGE_LOOP('',(#682,#683,#684,#685));
#355=EDGE_LOOP('',(#686,#687,#688,#689));
#356=EDGE_LOOP('',(#690,#691,#692,#693));
#357=EDGE_LOOP('',(#694,#695,#696,#697));
#358=EDGE_LOOP('',(#698,#699,#700,#701));
#359=EDGE_LOOP('',(#702,#703,#704,#705));
#360=EDGE_LOOP('',(#706,#707,#708,#709));
#361=EDGE_LOOP('',(#710,#711,#712,#713));
#362=EDGE_LOOP('',(#714,#715,#716,#717));
#363=EDGE_LOOP('',(#718,#719,#720,#721));
#364=EDGE_LOOP('',(#722,#723,#724,#725));
#365=EDGE_LOOP('',(#726,#727,#728,#729));
#366=EDGE_LOOP('',(#730,#731,#732,#733));
#367=EDGE_LOOP('',(#734,#735,#736,#737));
#368=EDGE_LOOP('',(#738,#739,#740,#741));
#369=EDGE_LOOP('',(#742,#743,#744,#745));
#370=EDGE_LOOP('',(#746,#747,#748,#749));
#371=EDGE_LOOP('',(#750,#751,#752,#753));
#372=EDGE_LOOP('',(#754,#755,#756,#757));
#373=EDGE_LOOP('',(#758,#759,#760,#761));
#374=EDGE_LOOP('',(#762,#763,#764,#765));
#375=EDGE_LOOP('',(#766,#767,#768,#769));
#376=EDGE_LOOP('',(#770,#771,#772,#773));
#377=EDGE_LOOP('',(#774,#775,#776,#777));
#378=EDGE_LOOP('',(#778,#779,#780,#781));
#379=EDGE_LOOP('',(#782,#783,#784,#785));
#380=EDGE_LOOP('',(#786,#787,#788,#789));
#381=EDGE_LOOP('',(#790,#791,#792,#793));
#382=EDGE_LOOP('',(#794,#795,#796,#797));
#383=EDGE_LOOP('',(#798,#799,#800,#801));
#384=EDGE_LOOP('',(#802,#803,#804,#805));
#385=EDGE_LOOP('',(#806,#807,#808,#809));
#386=CIRCLE('',#1307,0.325);
#387=CIRCLE('',#1309,0.325);
#388=CIRCLE('',#1311,0.252500000000056);
#389=CIRCLE('',#1312,0.252500000000056);
#390=CIRCLE('',#1314,0.252500000000056);
#391=CIRCLE('',#1315,0.252500000000056);
#392=CIRCLE('',#1319,0.252499999999967);
#393=CIRCLE('',#1320,0.252499999999967);
#394=CIRCLE('',#1322,0.252499999999967);
#395=CIRCLE('',#1323,0.252499999999967);
#396=CIRCLE('',#1325,0.624999999999975);
#397=CIRCLE('',#1326,0.624999999999975);
#398=CIRCLE('',#1328,0.624999999999975);
#399=CIRCLE('',#1329,0.624999999999975);
#400=CIRCLE('',#1333,5.);
#401=CIRCLE('',#1334,0.1);
#402=CIRCLE('',#1335,0.624999999999989);
#403=CIRCLE('',#1336,0.1);
#404=CIRCLE('',#1338,0.1);
#405=CIRCLE('',#1339,5.);
#406=CIRCLE('',#1340,0.1);
#407=CIRCLE('',#1341,0.624999999999989);
#408=CIRCLE('',#1343,0.0399999999999985);
#409=CIRCLE('',#1344,0.614999999999985);
#410=CIRCLE('',#1345,0.0399999999999995);
#411=CIRCLE('',#1346,0.195070866141737);
#412=CIRCLE('',#1347,0.195070866141734);
#413=CIRCLE('',#1349,0.195070866141734);
#414=CIRCLE('',#1350,0.195070866141733);
#415=CIRCLE('',#1351,0.039999999999999);
#416=CIRCLE('',#1352,0.614999999999989);
#417=CIRCLE('',#1353,0.039999999999999);
#418=CIRCLE('',#1355,0.185070866141733);
#419=CIRCLE('',#1356,0.185070866141733);
#420=CIRCLE('',#1359,0.185070866141732);
#421=CIRCLE('',#1360,0.185070866141732);
#422=CIRCLE('',#1362,0.624999999999989);
#423=CIRCLE('',#1363,0.624999999999989);
#424=CIRCLE('',#1367,5.);
#425=CIRCLE('',#1369,5.);
#426=CIRCLE('',#1371,0.614999999999975);
#427=CIRCLE('',#1372,0.0900000000000002);
#428=CIRCLE('',#1373,5.00999999999993);
#429=CIRCLE('',#1374,0.089999999999999);
#430=CIRCLE('',#1375,0.262500000000058);
#431=CIRCLE('',#1376,0.262499999999968);
#432=CIRCLE('',#1378,0.262499999999968);
#433=CIRCLE('',#1379,0.26250000000006);
#434=CIRCLE('',#1380,0.0900000000000001);
#435=CIRCLE('',#1381,0.614999999999989);
#436=CIRCLE('',#1382,0.0900000000000017);
#437=CIRCLE('',#1383,5.01000000000002);
#438=CIRCLE('',#1388,0.05);
#439=CIRCLE('',#1389,0.05);
#440=CIRCLE('',#1391,0.05);
#441=CIRCLE('',#1392,0.05);
#442=CIRCLE('',#1394,0.1);
#443=CIRCLE('',#1396,0.1);
#444=CIRCLE('',#1398,0.1);
#445=CIRCLE('',#1400,0.1);
#446=ORIENTED_EDGE('',*,*,#918,.F.);
#447=ORIENTED_EDGE('',*,*,#919,.T.);
#448=ORIENTED_EDGE('',*,*,#920,.T.);
#449=ORIENTED_EDGE('',*,*,#921,.F.);
#450=ORIENTED_EDGE('',*,*,#922,.T.);
#451=ORIENTED_EDGE('',*,*,#923,.T.);
#452=ORIENTED_EDGE('',*,*,#924,.T.);
#453=ORIENTED_EDGE('',*,*,#925,.T.);
#454=ORIENTED_EDGE('',*,*,#926,.F.);
#455=ORIENTED_EDGE('',*,*,#927,.T.);
#456=ORIENTED_EDGE('',*,*,#928,.T.);
#457=ORIENTED_EDGE('',*,*,#929,.T.);
#458=ORIENTED_EDGE('',*,*,#930,.T.);
#459=ORIENTED_EDGE('',*,*,#931,.T.);
#460=ORIENTED_EDGE('',*,*,#932,.T.);
#461=ORIENTED_EDGE('',*,*,#933,.T.);
#462=ORIENTED_EDGE('',*,*,#934,.T.);
#463=ORIENTED_EDGE('',*,*,#935,.T.);
#464=ORIENTED_EDGE('',*,*,#936,.T.);
#465=ORIENTED_EDGE('',*,*,#937,.T.);
#466=ORIENTED_EDGE('',*,*,#938,.T.);
#467=ORIENTED_EDGE('',*,*,#939,.T.);
#468=ORIENTED_EDGE('',*,*,#940,.F.);
#469=ORIENTED_EDGE('',*,*,#941,.F.);
#470=ORIENTED_EDGE('',*,*,#942,.F.);
#471=ORIENTED_EDGE('',*,*,#943,.T.);
#472=ORIENTED_EDGE('',*,*,#944,.T.);
#473=ORIENTED_EDGE('',*,*,#945,.F.);
#474=ORIENTED_EDGE('',*,*,#946,.T.);
#475=ORIENTED_EDGE('',*,*,#947,.T.);
#476=ORIENTED_EDGE('',*,*,#948,.F.);
#477=ORIENTED_EDGE('',*,*,#949,.F.);
#478=ORIENTED_EDGE('',*,*,#950,.F.);
#479=ORIENTED_EDGE('',*,*,#951,.T.);
#480=ORIENTED_EDGE('',*,*,#942,.T.);
#481=ORIENTED_EDGE('',*,*,#952,.F.);
#482=ORIENTED_EDGE('',*,*,#948,.T.);
#483=ORIENTED_EDGE('',*,*,#953,.T.);
#484=ORIENTED_EDGE('',*,*,#954,.F.);
#485=ORIENTED_EDGE('',*,*,#955,.F.);
#486=ORIENTED_EDGE('',*,*,#956,.F.);
#487=ORIENTED_EDGE('',*,*,#957,.T.);
#488=ORIENTED_EDGE('',*,*,#950,.T.);
#489=ORIENTED_EDGE('',*,*,#958,.F.);
#490=ORIENTED_EDGE('',*,*,#954,.T.);
#491=ORIENTED_EDGE('',*,*,#959,.T.);
#492=ORIENTED_EDGE('',*,*,#960,.F.);
#493=ORIENTED_EDGE('',*,*,#961,.F.);
#494=ORIENTED_EDGE('',*,*,#932,.F.);
#495=ORIENTED_EDGE('',*,*,#962,.T.);
#496=ORIENTED_EDGE('',*,*,#918,.T.);
#497=ORIENTED_EDGE('',*,*,#963,.T.);
#498=ORIENTED_EDGE('',*,*,#926,.T.);
#499=ORIENTED_EDGE('',*,*,#964,.T.);
#500=ORIENTED_EDGE('',*,*,#936,.F.);
#501=ORIENTED_EDGE('',*,*,#965,.T.);
#502=ORIENTED_EDGE('',*,*,#944,.F.);
#503=ORIENTED_EDGE('',*,*,#966,.T.);
#504=ORIENTED_EDGE('',*,*,#956,.T.);
#505=ORIENTED_EDGE('',*,*,#967,.F.);
#506=ORIENTED_EDGE('',*,*,#960,.T.);
#507=ORIENTED_EDGE('',*,*,#968,.T.);
#508=ORIENTED_EDGE('',*,*,#946,.F.);
#509=ORIENTED_EDGE('',*,*,#969,.F.);
#510=ORIENTED_EDGE('',*,*,#970,.F.);
#511=ORIENTED_EDGE('',*,*,#971,.T.);
#512=ORIENTED_EDGE('',*,*,#941,.T.);
#513=ORIENTED_EDGE('',*,*,#972,.T.);
#514=ORIENTED_EDGE('',*,*,#921,.T.);
#515=ORIENTED_EDGE('',*,*,#973,.T.);
#516=ORIENTED_EDGE('',*,*,#939,.F.);
#517=ORIENTED_EDGE('',*,*,#974,.T.);
#518=ORIENTED_EDGE('',*,*,#975,.T.);
#519=ORIENTED_EDGE('',*,*,#976,.T.);
#520=ORIENTED_EDGE('',*,*,#923,.F.);
#521=ORIENTED_EDGE('',*,*,#977,.F.);
#522=ORIENTED_EDGE('',*,*,#978,.T.);
#523=ORIENTED_EDGE('',*,*,#979,.T.);
#524=ORIENTED_EDGE('',*,*,#980,.T.);
#525=ORIENTED_EDGE('',*,*,#981,.T.);
#526=ORIENTED_EDGE('',*,*,#982,.T.);
#527=ORIENTED_EDGE('',*,*,#983,.T.);
#528=ORIENTED_EDGE('',*,*,#984,.T.);
#529=ORIENTED_EDGE('',*,*,#985,.T.);
#530=ORIENTED_EDGE('',*,*,#986,.T.);
#531=ORIENTED_EDGE('',*,*,#987,.T.);
#532=ORIENTED_EDGE('',*,*,#988,.T.);
#533=ORIENTED_EDGE('',*,*,#989,.T.);
#534=ORIENTED_EDGE('',*,*,#990,.T.);
#535=ORIENTED_EDGE('',*,*,#991,.T.);
#536=ORIENTED_EDGE('',*,*,#992,.T.);
#537=ORIENTED_EDGE('',*,*,#993,.T.);
#538=ORIENTED_EDGE('',*,*,#994,.T.);
#539=ORIENTED_EDGE('',*,*,#995,.T.);
#540=ORIENTED_EDGE('',*,*,#996,.T.);
#541=ORIENTED_EDGE('',*,*,#997,.T.);
#542=ORIENTED_EDGE('',*,*,#998,.T.);
#543=ORIENTED_EDGE('',*,*,#999,.T.);
#544=ORIENTED_EDGE('',*,*,#1000,.F.);
#545=ORIENTED_EDGE('',*,*,#1001,.T.);
#546=ORIENTED_EDGE('',*,*,#1000,.T.);
#547=ORIENTED_EDGE('',*,*,#1002,.T.);
#548=ORIENTED_EDGE('',*,*,#1003,.F.);
#549=ORIENTED_EDGE('',*,*,#1004,.T.);
#550=ORIENTED_EDGE('',*,*,#1003,.T.);
#551=ORIENTED_EDGE('',*,*,#1005,.T.);
#552=ORIENTED_EDGE('',*,*,#1006,.F.);
#553=ORIENTED_EDGE('',*,*,#1007,.T.);
#554=ORIENTED_EDGE('',*,*,#1006,.T.);
#555=ORIENTED_EDGE('',*,*,#1008,.T.);
#556=ORIENTED_EDGE('',*,*,#1009,.F.);
#557=ORIENTED_EDGE('',*,*,#1010,.T.);
#558=ORIENTED_EDGE('',*,*,#1009,.T.);
#559=ORIENTED_EDGE('',*,*,#1011,.T.);
#560=ORIENTED_EDGE('',*,*,#1012,.F.);
#561=ORIENTED_EDGE('',*,*,#1013,.T.);
#562=ORIENTED_EDGE('',*,*,#922,.F.);
#563=ORIENTED_EDGE('',*,*,#972,.F.);
#564=ORIENTED_EDGE('',*,*,#940,.T.);
#565=ORIENTED_EDGE('',*,*,#977,.T.);
#566=ORIENTED_EDGE('',*,*,#1014,.T.);
#567=ORIENTED_EDGE('',*,*,#1015,.T.);
#568=ORIENTED_EDGE('',*,*,#1016,.T.);
#569=ORIENTED_EDGE('',*,*,#1017,.T.);
#570=ORIENTED_EDGE('',*,*,#1018,.T.);
#571=ORIENTED_EDGE('',*,*,#1019,.T.);
#572=ORIENTED_EDGE('',*,*,#1020,.T.);
#573=ORIENTED_EDGE('',*,*,#1021,.T.);
#574=ORIENTED_EDGE('',*,*,#1012,.T.);
#575=ORIENTED_EDGE('',*,*,#1022,.T.);
#576=ORIENTED_EDGE('',*,*,#998,.F.);
#577=ORIENTED_EDGE('',*,*,#1023,.T.);
#578=ORIENTED_EDGE('',*,*,#1024,.T.);
#579=ORIENTED_EDGE('',*,*,#1025,.T.);
#580=ORIENTED_EDGE('',*,*,#1026,.T.);
#581=ORIENTED_EDGE('',*,*,#970,.T.);
#582=ORIENTED_EDGE('',*,*,#1027,.T.);
#583=ORIENTED_EDGE('',*,*,#1028,.T.);
#584=ORIENTED_EDGE('',*,*,#1029,.T.);
#585=ORIENTED_EDGE('',*,*,#975,.F.);
#586=ORIENTED_EDGE('',*,*,#1030,.T.);
#587=ORIENTED_EDGE('',*,*,#1031,.T.);
#588=ORIENTED_EDGE('',*,*,#1032,.T.);
#589=ORIENTED_EDGE('',*,*,#1033,.T.);
#590=ORIENTED_EDGE('',*,*,#1034,.T.);
#591=ORIENTED_EDGE('',*,*,#1035,.T.);
#592=ORIENTED_EDGE('',*,*,#1036,.T.);
#593=ORIENTED_EDGE('',*,*,#1037,.T.);
#594=ORIENTED_EDGE('',*,*,#1038,.T.);
#595=ORIENTED_EDGE('',*,*,#1039,.T.);
#596=ORIENTED_EDGE('',*,*,#1040,.T.);
#597=ORIENTED_EDGE('',*,*,#1041,.T.);
#598=ORIENTED_EDGE('',*,*,#1042,.T.);
#599=ORIENTED_EDGE('',*,*,#1043,.T.);
#600=ORIENTED_EDGE('',*,*,#1044,.T.);
#601=ORIENTED_EDGE('',*,*,#1045,.T.);
#602=ORIENTED_EDGE('',*,*,#1046,.T.);
#603=ORIENTED_EDGE('',*,*,#1047,.T.);
#604=ORIENTED_EDGE('',*,*,#1048,.T.);
#605=ORIENTED_EDGE('',*,*,#1049,.T.);
#606=ORIENTED_EDGE('',*,*,#945,.T.);
#607=ORIENTED_EDGE('',*,*,#967,.T.);
#608=ORIENTED_EDGE('',*,*,#958,.T.);
#609=ORIENTED_EDGE('',*,*,#952,.T.);
#610=ORIENTED_EDGE('',*,*,#963,.F.);
#611=ORIENTED_EDGE('',*,*,#929,.F.);
#612=ORIENTED_EDGE('',*,*,#1050,.F.);
#613=ORIENTED_EDGE('',*,*,#933,.F.);
#614=ORIENTED_EDGE('',*,*,#949,.T.);
#615=ORIENTED_EDGE('',*,*,#955,.T.);
#616=ORIENTED_EDGE('',*,*,#961,.T.);
#617=ORIENTED_EDGE('',*,*,#969,.T.);
#618=ORIENTED_EDGE('',*,*,#965,.F.);
#619=ORIENTED_EDGE('',*,*,#935,.F.);
#620=ORIENTED_EDGE('',*,*,#1051,.T.);
#621=ORIENTED_EDGE('',*,*,#927,.F.);
#622=ORIENTED_EDGE('',*,*,#1051,.F.);
#623=ORIENTED_EDGE('',*,*,#934,.F.);
#624=ORIENTED_EDGE('',*,*,#1050,.T.);
#625=ORIENTED_EDGE('',*,*,#928,.F.);
#626=ORIENTED_EDGE('',*,*,#1020,.F.);
#627=ORIENTED_EDGE('',*,*,#1052,.T.);
#628=ORIENTED_EDGE('',*,*,#1014,.F.);
#629=ORIENTED_EDGE('',*,*,#1053,.T.);
#630=ORIENTED_EDGE('',*,*,#1016,.F.);
#631=ORIENTED_EDGE('',*,*,#1054,.T.);
#632=ORIENTED_EDGE('',*,*,#1018,.F.);
#633=ORIENTED_EDGE('',*,*,#1055,.T.);
#634=ORIENTED_EDGE('',*,*,#1029,.F.);
#635=ORIENTED_EDGE('',*,*,#1056,.T.);
#636=ORIENTED_EDGE('',*,*,#924,.F.);
#637=ORIENTED_EDGE('',*,*,#976,.F.);
#638=ORIENTED_EDGE('',*,*,#920,.F.);
#639=ORIENTED_EDGE('',*,*,#1057,.T.);
#640=ORIENTED_EDGE('',*,*,#1024,.F.);
#641=ORIENTED_EDGE('',*,*,#973,.F.);
#642=ORIENTED_EDGE('',*,*,#1026,.F.);
#643=ORIENTED_EDGE('',*,*,#1058,.T.);
#644=ORIENTED_EDGE('',*,*,#930,.F.);
#645=ORIENTED_EDGE('',*,*,#971,.F.);
#646=ORIENTED_EDGE('',*,*,#938,.F.);
#647=ORIENTED_EDGE('',*,*,#1059,.T.);
#648=ORIENTED_EDGE('',*,*,#1027,.F.);
#649=ORIENTED_EDGE('',*,*,#974,.F.);
#650=ORIENTED_EDGE('',*,*,#1060,.F.);
#651=ORIENTED_EDGE('',*,*,#1019,.F.);
#652=ORIENTED_EDGE('',*,*,#1061,.F.);
#653=ORIENTED_EDGE('',*,*,#981,.F.);
#654=ORIENTED_EDGE('',*,*,#1061,.T.);
#655=ORIENTED_EDGE('',*,*,#1054,.F.);
#656=ORIENTED_EDGE('',*,*,#1062,.F.);
#657=ORIENTED_EDGE('',*,*,#978,.F.);
#658=ORIENTED_EDGE('',*,*,#1060,.T.);
#659=ORIENTED_EDGE('',*,*,#980,.F.);
#660=ORIENTED_EDGE('',*,*,#1063,.F.);
#661=ORIENTED_EDGE('',*,*,#1052,.F.);
#662=ORIENTED_EDGE('',*,*,#1062,.T.);
#663=ORIENTED_EDGE('',*,*,#1015,.F.);
#664=ORIENTED_EDGE('',*,*,#1063,.T.);
#665=ORIENTED_EDGE('',*,*,#979,.F.);
#666=ORIENTED_EDGE('',*,*,#1064,.F.);
#667=ORIENTED_EDGE('',*,*,#1008,.F.);
#668=ORIENTED_EDGE('',*,*,#1065,.F.);
#669=ORIENTED_EDGE('',*,*,#986,.F.);
#670=ORIENTED_EDGE('',*,*,#1065,.T.);
#671=ORIENTED_EDGE('',*,*,#1005,.F.);
#672=ORIENTED_EDGE('',*,*,#1066,.F.);
#673=ORIENTED_EDGE('',*,*,#987,.F.);
#674=ORIENTED_EDGE('',*,*,#1064,.T.);
#675=ORIENTED_EDGE('',*,*,#985,.F.);
#676=ORIENTED_EDGE('',*,*,#1067,.F.);
#677=ORIENTED_EDGE('',*,*,#1011,.F.);
#678=ORIENTED_EDGE('',*,*,#1066,.T.);
#679=ORIENTED_EDGE('',*,*,#1002,.F.);
#680=ORIENTED_EDGE('',*,*,#1068,.F.);
#681=ORIENTED_EDGE('',*,*,#982,.F.);
#682=ORIENTED_EDGE('',*,*,#1067,.T.);
#683=ORIENTED_EDGE('',*,*,#984,.F.);
#684=ORIENTED_EDGE('',*,*,#1069,.F.);
#685=ORIENTED_EDGE('',*,*,#1022,.F.);
#686=ORIENTED_EDGE('',*,*,#1068,.T.);
#687=ORIENTED_EDGE('',*,*,#999,.F.);
#688=ORIENTED_EDGE('',*,*,#1069,.T.);
#689=ORIENTED_EDGE('',*,*,#983,.F.);
#690=ORIENTED_EDGE('',*,*,#1070,.F.);
#691=ORIENTED_EDGE('',*,*,#992,.F.);
#692=ORIENTED_EDGE('',*,*,#1071,.F.);
#693=ORIENTED_EDGE('',*,*,#1010,.F.);
#694=ORIENTED_EDGE('',*,*,#1071,.T.);
#695=ORIENTED_EDGE('',*,*,#991,.F.);
#696=ORIENTED_EDGE('',*,*,#1072,.F.);
#697=ORIENTED_EDGE('',*,*,#1007,.F.);
#698=ORIENTED_EDGE('',*,*,#1070,.T.);
#699=ORIENTED_EDGE('',*,*,#1013,.F.);
#700=ORIENTED_EDGE('',*,*,#1073,.F.);
#701=ORIENTED_EDGE('',*,*,#993,.F.);
#702=ORIENTED_EDGE('',*,*,#1072,.T.);
#703=ORIENTED_EDGE('',*,*,#990,.F.);
#704=ORIENTED_EDGE('',*,*,#1074,.F.);
#705=ORIENTED_EDGE('',*,*,#1004,.F.);
#706=ORIENTED_EDGE('',*,*,#1073,.T.);
#707=ORIENTED_EDGE('',*,*,#1023,.F.);
#708=ORIENTED_EDGE('',*,*,#1075,.F.);
#709=ORIENTED_EDGE('',*,*,#988,.F.);
#710=ORIENTED_EDGE('',*,*,#1074,.T.);
#711=ORIENTED_EDGE('',*,*,#989,.F.);
#712=ORIENTED_EDGE('',*,*,#1075,.T.);
#713=ORIENTED_EDGE('',*,*,#1001,.F.);
#714=ORIENTED_EDGE('',*,*,#1076,.F.);
#715=ORIENTED_EDGE('',*,*,#997,.F.);
#716=ORIENTED_EDGE('',*,*,#1077,.F.);
#717=ORIENTED_EDGE('',*,*,#1021,.F.);
#718=ORIENTED_EDGE('',*,*,#1077,.T.);
#719=ORIENTED_EDGE('',*,*,#996,.F.);
#720=ORIENTED_EDGE('',*,*,#1078,.F.);
#721=ORIENTED_EDGE('',*,*,#1055,.F.);
#722=ORIENTED_EDGE('',*,*,#1076,.T.);
#723=ORIENTED_EDGE('',*,*,#1053,.F.);
#724=ORIENTED_EDGE('',*,*,#1079,.F.);
#725=ORIENTED_EDGE('',*,*,#994,.F.);
#726=ORIENTED_EDGE('',*,*,#1078,.T.);
#727=ORIENTED_EDGE('',*,*,#995,.F.);
#728=ORIENTED_EDGE('',*,*,#1079,.T.);
#729=ORIENTED_EDGE('',*,*,#1017,.F.);
#730=ORIENTED_EDGE('',*,*,#1080,.F.);
#731=ORIENTED_EDGE('',*,*,#1057,.F.);
#732=ORIENTED_EDGE('',*,*,#1081,.F.);
#733=ORIENTED_EDGE('',*,*,#1034,.F.);
#734=ORIENTED_EDGE('',*,*,#1081,.T.);
#735=ORIENTED_EDGE('',*,*,#919,.F.);
#736=ORIENTED_EDGE('',*,*,#1082,.F.);
#737=ORIENTED_EDGE('',*,*,#1035,.F.);
#738=ORIENTED_EDGE('',*,*,#1080,.T.);
#739=ORIENTED_EDGE('',*,*,#1033,.F.);
#740=ORIENTED_EDGE('',*,*,#1083,.F.);
#741=ORIENTED_EDGE('',*,*,#1025,.F.);
#742=ORIENTED_EDGE('',*,*,#1082,.T.);
#743=ORIENTED_EDGE('',*,*,#962,.F.);
#744=ORIENTED_EDGE('',*,*,#1084,.F.);
#745=ORIENTED_EDGE('',*,*,#1030,.F.);
#746=ORIENTED_EDGE('',*,*,#1083,.T.);
#747=ORIENTED_EDGE('',*,*,#1032,.F.);
#748=ORIENTED_EDGE('',*,*,#1085,.F.);
#749=ORIENTED_EDGE('',*,*,#1058,.F.);
#750=ORIENTED_EDGE('',*,*,#1084,.T.);
#751=ORIENTED_EDGE('',*,*,#931,.F.);
#752=ORIENTED_EDGE('',*,*,#1085,.T.);
#753=ORIENTED_EDGE('',*,*,#1031,.F.);
#754=ORIENTED_EDGE('',*,*,#1086,.F.);
#755=ORIENTED_EDGE('',*,*,#966,.F.);
#756=ORIENTED_EDGE('',*,*,#1087,.F.);
#757=ORIENTED_EDGE('',*,*,#1039,.F.);
#758=ORIENTED_EDGE('',*,*,#1087,.T.);
#759=ORIENTED_EDGE('',*,*,#943,.F.);
#760=ORIENTED_EDGE('',*,*,#1088,.F.);
#761=ORIENTED_EDGE('',*,*,#1036,.F.);
#762=ORIENTED_EDGE('',*,*,#1086,.T.);
#763=ORIENTED_EDGE('',*,*,#1038,.F.);
#764=ORIENTED_EDGE('',*,*,#1089,.F.);
#765=ORIENTED_EDGE('',*,*,#957,.F.);
#766=ORIENTED_EDGE('',*,*,#1088,.T.);
#767=ORIENTED_EDGE('',*,*,#951,.F.);
#768=ORIENTED_EDGE('',*,*,#1089,.T.);
#769=ORIENTED_EDGE('',*,*,#1037,.F.);
#770=ORIENTED_EDGE('',*,*,#1090,.F.);
#771=ORIENTED_EDGE('',*,*,#1043,.F.);
#772=ORIENTED_EDGE('',*,*,#1091,.F.);
#773=ORIENTED_EDGE('',*,*,#968,.F.);
#774=ORIENTED_EDGE('',*,*,#1091,.T.);
#775=ORIENTED_EDGE('',*,*,#1042,.F.);
#776=ORIENTED_EDGE('',*,*,#1092,.F.);
#777=ORIENTED_EDGE('',*,*,#947,.F.);
#778=ORIENTED_EDGE('',*,*,#1090,.T.);
#779=ORIENTED_EDGE('',*,*,#959,.F.);
#780=ORIENTED_EDGE('',*,*,#1093,.F.);
#781=ORIENTED_EDGE('',*,*,#1040,.F.);
#782=ORIENTED_EDGE('',*,*,#1092,.T.);
#783=ORIENTED_EDGE('',*,*,#1041,.F.);
#784=ORIENTED_EDGE('',*,*,#1093,.T.);
#785=ORIENTED_EDGE('',*,*,#953,.F.);
#786=ORIENTED_EDGE('',*,*,#1094,.F.);
#787=ORIENTED_EDGE('',*,*,#1048,.F.);
#788=ORIENTED_EDGE('',*,*,#1095,.F.);
#789=ORIENTED_EDGE('',*,*,#1056,.F.);
#790=ORIENTED_EDGE('',*,*,#1095,.T.);
#791=ORIENTED_EDGE('',*,*,#1047,.F.);
#792=ORIENTED_EDGE('',*,*,#1096,.F.);
#793=ORIENTED_EDGE('',*,*,#925,.F.);
#794=ORIENTED_EDGE('',*,*,#1094,.T.);
#795=ORIENTED_EDGE('',*,*,#1028,.F.);
#796=ORIENTED_EDGE('',*,*,#1097,.F.);
#797=ORIENTED_EDGE('',*,*,#1049,.F.);
#798=ORIENTED_EDGE('',*,*,#1096,.T.);
#799=ORIENTED_EDGE('',*,*,#1046,.F.);
#800=ORIENTED_EDGE('',*,*,#1098,.F.);
#801=ORIENTED_EDGE('',*,*,#964,.F.);
#802=ORIENTED_EDGE('',*,*,#1097,.T.);
#803=ORIENTED_EDGE('',*,*,#1059,.F.);
#804=ORIENTED_EDGE('',*,*,#1099,.F.);
#805=ORIENTED_EDGE('',*,*,#1044,.F.);
#806=ORIENTED_EDGE('',*,*,#1098,.T.);
#807=ORIENTED_EDGE('',*,*,#1045,.F.);
#808=ORIENTED_EDGE('',*,*,#1099,.T.);
#809=ORIENTED_EDGE('',*,*,#937,.F.);
#810=VERTEX_POINT('',#1808);
#811=VERTEX_POINT('',#1809);
#812=VERTEX_POINT('',#1811);
#813=VERTEX_POINT('',#1813);
#814=VERTEX_POINT('',#1815);
#815=VERTEX_POINT('',#1817);
#816=VERTEX_POINT('',#1819);
#817=VERTEX_POINT('',#1821);
#818=VERTEX_POINT('',#1823);
#819=VERTEX_POINT('',#1825);
#820=VERTEX_POINT('',#1827);
#821=VERTEX_POINT('',#1829);
#822=VERTEX_POINT('',#1833);
#823=VERTEX_POINT('',#1834);
#824=VERTEX_POINT('',#1836);
#825=VERTEX_POINT('',#1838);
#826=VERTEX_POINT('',#1840);
#827=VERTEX_POINT('',#1842);
#828=VERTEX_POINT('',#1844);
#829=VERTEX_POINT('',#1846);
#830=VERTEX_POINT('',#1848);
#831=VERTEX_POINT('',#1850);
#832=VERTEX_POINT('',#1852);
#833=VERTEX_POINT('',#1854);
#834=VERTEX_POINT('',#1858);
#835=VERTEX_POINT('',#1859);
#836=VERTEX_POINT('',#1861);
#837=VERTEX_POINT('',#1863);
#838=VERTEX_POINT('',#1867);
#839=VERTEX_POINT('',#1868);
#840=VERTEX_POINT('',#1870);
#841=VERTEX_POINT('',#1872);
#842=VERTEX_POINT('',#1876);
#843=VERTEX_POINT('',#1877);
#844=VERTEX_POINT('',#1882);
#845=VERTEX_POINT('',#1884);
#846=VERTEX_POINT('',#1888);
#847=VERTEX_POINT('',#1889);
#848=VERTEX_POINT('',#1894);
#849=VERTEX_POINT('',#1896);
#850=VERTEX_POINT('',#1912);
#851=VERTEX_POINT('',#1913);
#852=VERTEX_POINT('',#1919);
#853=VERTEX_POINT('',#1921);
#854=VERTEX_POINT('',#1926);
#855=VERTEX_POINT('',#1927);
#856=VERTEX_POINT('',#1929);
#857=VERTEX_POINT('',#1931);
#858=VERTEX_POINT('',#1934);
#859=VERTEX_POINT('',#1935);
#860=VERTEX_POINT('',#1937);
#861=VERTEX_POINT('',#1939);
#862=VERTEX_POINT('',#1944);
#863=VERTEX_POINT('',#1946);
#864=VERTEX_POINT('',#1953);
#865=VERTEX_POINT('',#1954);
#866=VERTEX_POINT('',#1956);
#867=VERTEX_POINT('',#1958);
#868=VERTEX_POINT('',#1963);
#869=VERTEX_POINT('',#1965);
#870=VERTEX_POINT('',#1971);
#871=VERTEX_POINT('',#1972);
#872=VERTEX_POINT('',#1974);
#873=VERTEX_POINT('',#1976);
#874=VERTEX_POINT('',#1980);
#875=VERTEX_POINT('',#1981);
#876=VERTEX_POINT('',#1983);
#877=VERTEX_POINT('',#1985);
#878=VERTEX_POINT('',#1989);
#879=VERTEX_POINT('',#1991);
#880=VERTEX_POINT('',#2001);
#881=VERTEX_POINT('',#2003);
#882=VERTEX_POINT('',#2019);
#883=VERTEX_POINT('',#2021);
#884=VERTEX_POINT('',#2031);
#885=VERTEX_POINT('',#2033);
#886=VERTEX_POINT('',#2049);
#887=VERTEX_POINT('',#2050);
#888=VERTEX_POINT('',#2052);
#889=VERTEX_POINT('',#2054);
#890=VERTEX_POINT('',#2058);
#891=VERTEX_POINT('',#2059);
#892=VERTEX_POINT('',#2061);
#893=VERTEX_POINT('',#2063);
#894=VERTEX_POINT('',#2070);
#895=VERTEX_POINT('',#2072);
#896=VERTEX_POINT('',#2076);
#897=VERTEX_POINT('',#2078);
#898=VERTEX_POINT('',#2082);
#899=VERTEX_POINT('',#2083);
#900=VERTEX_POINT('',#2085);
#901=VERTEX_POINT('',#2087);
#902=VERTEX_POINT('',#2089);
#903=VERTEX_POINT('',#2091);
#904=VERTEX_POINT('',#2094);
#905=VERTEX_POINT('',#2095);
#906=VERTEX_POINT('',#2097);
#907=VERTEX_POINT('',#2099);
#908=VERTEX_POINT('',#2103);
#909=VERTEX_POINT('',#2104);
#910=VERTEX_POINT('',#2106);
#911=VERTEX_POINT('',#2108);
#912=VERTEX_POINT('',#2111);
#913=VERTEX_POINT('',#2112);
#914=VERTEX_POINT('',#2114);
#915=VERTEX_POINT('',#2116);
#916=VERTEX_POINT('',#2118);
#917=VERTEX_POINT('',#2120);
#918=EDGE_CURVE('',#810,#811,#1100,.T.);
#919=EDGE_CURVE('',#810,#812,#1101,.T.);
#920=EDGE_CURVE('',#812,#813,#1102,.T.);
#921=EDGE_CURVE('',#814,#813,#1103,.T.);
#922=EDGE_CURVE('',#814,#815,#1104,.T.);
#923=EDGE_CURVE('',#815,#816,#1105,.T.);
#924=EDGE_CURVE('',#816,#817,#1106,.T.);
#925=EDGE_CURVE('',#817,#818,#1107,.T.);
#926=EDGE_CURVE('',#819,#818,#1108,.T.);
#927=EDGE_CURVE('',#819,#820,#1109,.T.);
#928=EDGE_CURVE('',#820,#821,#386,.T.);
#929=EDGE_CURVE('',#821,#811,#1110,.T.);
#930=EDGE_CURVE('',#822,#823,#1111,.T.);
#931=EDGE_CURVE('',#823,#824,#1112,.T.);
#932=EDGE_CURVE('',#824,#825,#1113,.T.);
#933=EDGE_CURVE('',#825,#826,#1114,.T.);
#934=EDGE_CURVE('',#826,#827,#387,.T.);
#935=EDGE_CURVE('',#827,#828,#1115,.T.);
#936=EDGE_CURVE('',#828,#829,#1116,.T.);
#937=EDGE_CURVE('',#829,#830,#1117,.T.);
#938=EDGE_CURVE('',#830,#831,#1118,.T.);
#939=EDGE_CURVE('',#831,#832,#1119,.T.);
#940=EDGE_CURVE('',#833,#832,#1120,.T.);
#941=EDGE_CURVE('',#822,#833,#1121,.T.);
#942=EDGE_CURVE('',#834,#835,#1122,.T.);
#943=EDGE_CURVE('',#834,#836,#388,.T.);
#944=EDGE_CURVE('',#836,#837,#1123,.T.);
#945=EDGE_CURVE('',#835,#837,#389,.T.);
#946=EDGE_CURVE('',#838,#839,#1124,.T.);
#947=EDGE_CURVE('',#839,#840,#390,.T.);
#948=EDGE_CURVE('',#841,#840,#1125,.T.);
#949=EDGE_CURVE('',#838,#841,#391,.T.);
#950=EDGE_CURVE('',#842,#843,#1126,.T.);
#951=EDGE_CURVE('',#842,#834,#1127,.T.);
#952=EDGE_CURVE('',#843,#835,#1128,.T.);
#953=EDGE_CURVE('',#840,#844,#1129,.T.);
#954=EDGE_CURVE('',#845,#844,#1130,.T.);
#955=EDGE_CURVE('',#841,#845,#1131,.T.);
#956=EDGE_CURVE('',#846,#847,#1132,.T.);
#957=EDGE_CURVE('',#846,#842,#392,.T.);
#958=EDGE_CURVE('',#847,#843,#393,.T.);
#959=EDGE_CURVE('',#844,#848,#394,.T.);
#960=EDGE_CURVE('',#849,#848,#1133,.T.);
#961=EDGE_CURVE('',#845,#849,#395,.T.);
#962=EDGE_CURVE('',#824,#810,#396,.T.);
#963=EDGE_CURVE('',#811,#825,#397,.T.);
#964=EDGE_CURVE('',#818,#829,#398,.T.);
#965=EDGE_CURVE('',#828,#819,#399,.T.);
#966=EDGE_CURVE('',#836,#846,#1134,.T.);
#967=EDGE_CURVE('',#837,#847,#1135,.T.);
#968=EDGE_CURVE('',#848,#839,#1136,.T.);
#969=EDGE_CURVE('',#849,#838,#1137,.T.);
#970=EDGE_CURVE('',#850,#851,#400,.T.);
#971=EDGE_CURVE('',#850,#822,#401,.T.);
#972=EDGE_CURVE('',#833,#814,#402,.T.);
#973=EDGE_CURVE('',#813,#851,#403,.T.);
#974=EDGE_CURVE('',#831,#852,#404,.T.);
#975=EDGE_CURVE('',#852,#853,#405,.T.);
#976=EDGE_CURVE('',#853,#816,#406,.T.);
#977=EDGE_CURVE('',#832,#815,#407,.T.);
#978=EDGE_CURVE('',#854,#855,#408,.T.);
#979=EDGE_CURVE('',#855,#856,#409,.T.);
#980=EDGE_CURVE('',#856,#857,#410,.T.);
#981=EDGE_CURVE('',#857,#854,#1138,.T.);
#982=EDGE_CURVE('',#858,#859,#1139,.T.);
#983=EDGE_CURVE('',#859,#860,#411,.T.);
#984=EDGE_CURVE('',#860,#861,#1140,.T.);
#985=EDGE_CURVE('',#861,#862,#70,.T.);
#986=EDGE_CURVE('',#862,#863,#412,.T.);
#987=EDGE_CURVE('',#863,#858,#71,.T.);
#988=EDGE_CURVE('',#864,#865,#1141,.T.);
#989=EDGE_CURVE('',#865,#866,#413,.T.);
#990=EDGE_CURVE('',#866,#867,#1142,.T.);
#991=EDGE_CURVE('',#867,#868,#72,.T.);
#992=EDGE_CURVE('',#868,#869,#414,.T.);
#993=EDGE_CURVE('',#869,#864,#73,.T.);
#994=EDGE_CURVE('',#870,#871,#415,.T.);
#995=EDGE_CURVE('',#871,#872,#416,.T.);
#996=EDGE_CURVE('',#872,#873,#417,.T.);
#997=EDGE_CURVE('',#873,#870,#1143,.T.);
#998=EDGE_CURVE('',#874,#875,#1144,.T.);
#999=EDGE_CURVE('',#875,#876,#418,.T.);
#1000=EDGE_CURVE('',#877,#876,#1145,.T.);
#1001=EDGE_CURVE('',#877,#874,#419,.T.);
#1002=EDGE_CURVE('',#876,#878,#1146,.T.);
#1003=EDGE_CURVE('',#879,#878,#1147,.T.);
#1004=EDGE_CURVE('',#879,#877,#1148,.T.);
#1005=EDGE_CURVE('',#878,#880,#74,.T.);
#1006=EDGE_CURVE('',#881,#880,#1149,.T.);
#1007=EDGE_CURVE('',#881,#879,#75,.T.);
#1008=EDGE_CURVE('',#880,#882,#420,.T.);
#1009=EDGE_CURVE('',#883,#882,#1150,.T.);
#1010=EDGE_CURVE('',#883,#881,#421,.T.);
#1011=EDGE_CURVE('',#882,#884,#77,.T.);
#1012=EDGE_CURVE('',#885,#884,#1151,.T.);
#1013=EDGE_CURVE('',#885,#883,#78,.T.);
#1014=EDGE_CURVE('',#886,#887,#1152,.T.);
#1015=EDGE_CURVE('',#887,#888,#422,.T.);
#1016=EDGE_CURVE('',#888,#889,#1153,.T.);
#1017=EDGE_CURVE('',#889,#886,#423,.T.);
#1018=EDGE_CURVE('',#890,#891,#1154,.T.);
#1019=EDGE_CURVE('',#891,#892,#1155,.T.);
#1020=EDGE_CURVE('',#892,#893,#1156,.T.);
#1021=EDGE_CURVE('',#893,#890,#1157,.T.);
#1022=EDGE_CURVE('',#884,#875,#1158,.T.);
#1023=EDGE_CURVE('',#874,#885,#1159,.T.);
#1024=EDGE_CURVE('',#851,#894,#1160,.T.);
#1025=EDGE_CURVE('',#894,#895,#424,.T.);
#1026=EDGE_CURVE('',#895,#850,#1161,.T.);
#1027=EDGE_CURVE('',#852,#896,#1162,.T.);
#1028=EDGE_CURVE('',#896,#897,#425,.T.);
#1029=EDGE_CURVE('',#897,#853,#1163,.T.);
#1030=EDGE_CURVE('',#898,#899,#426,.T.);
#1031=EDGE_CURVE('',#899,#900,#1164,.T.);
#1032=EDGE_CURVE('',#900,#901,#427,.T.);
#1033=EDGE_CURVE('',#901,#902,#428,.T.);
#1034=EDGE_CURVE('',#902,#903,#429,.T.);
#1035=EDGE_CURVE('',#903,#898,#1165,.T.);
#1036=EDGE_CURVE('',#904,#905,#430,.T.);
#1037=EDGE_CURVE('',#905,#906,#1166,.T.);
#1038=EDGE_CURVE('',#906,#907,#431,.T.);
#1039=EDGE_CURVE('',#907,#904,#1167,.T.);
#1040=EDGE_CURVE('',#908,#909,#432,.T.);
#1041=EDGE_CURVE('',#909,#910,#1168,.T.);
#1042=EDGE_CURVE('',#910,#911,#433,.T.);
#1043=EDGE_CURVE('',#911,#908,#1169,.T.);
#1044=EDGE_CURVE('',#912,#913,#434,.T.);
#1045=EDGE_CURVE('',#913,#914,#1170,.T.);
#1046=EDGE_CURVE('',#914,#915,#435,.T.);
#1047=EDGE_CURVE('',#915,#916,#1171,.T.);
#1048=EDGE_CURVE('',#916,#917,#436,.T.);
#1049=EDGE_CURVE('',#917,#912,#437,.T.);
#1050=EDGE_CURVE('',#826,#821,#1172,.T.);
#1051=EDGE_CURVE('',#827,#820,#1173,.T.);
#1052=EDGE_CURVE('',#892,#887,#438,.T.);
#1053=EDGE_CURVE('',#886,#893,#439,.T.);
#1054=EDGE_CURVE('',#888,#891,#440,.T.);
#1055=EDGE_CURVE('',#890,#889,#441,.T.);
#1056=EDGE_CURVE('',#897,#817,#442,.T.);
#1057=EDGE_CURVE('',#812,#894,#443,.T.);
#1058=EDGE_CURVE('',#895,#823,#444,.T.);
#1059=EDGE_CURVE('',#830,#896,#445,.T.);
#1060=EDGE_CURVE('',#892,#857,#1174,.T.);
#1061=EDGE_CURVE('',#854,#891,#1175,.T.);
#1062=EDGE_CURVE('',#855,#888,#1176,.T.);
#1063=EDGE_CURVE('',#887,#856,#1177,.T.);
#1064=EDGE_CURVE('',#882,#862,#80,.T.);
#1065=EDGE_CURVE('',#863,#880,#81,.T.);
#1066=EDGE_CURVE('',#858,#878,#82,.T.);
#1067=EDGE_CURVE('',#884,#861,#83,.T.);
#1068=EDGE_CURVE('',#859,#876,#84,.T.);
#1069=EDGE_CURVE('',#875,#860,#85,.T.);
#1070=EDGE_CURVE('',#869,#883,#86,.T.);
#1071=EDGE_CURVE('',#881,#868,#87,.T.);
#1072=EDGE_CURVE('',#879,#867,#88,.T.);
#1073=EDGE_CURVE('',#864,#885,#89,.T.);
#1074=EDGE_CURVE('',#877,#866,#90,.T.);
#1075=EDGE_CURVE('',#865,#874,#91,.T.);
#1076=EDGE_CURVE('',#870,#893,#1178,.T.);
#1077=EDGE_CURVE('',#890,#873,#1179,.T.);
#1078=EDGE_CURVE('',#889,#872,#1180,.T.);
#1079=EDGE_CURVE('',#871,#886,#1181,.T.);
#1080=EDGE_CURVE('',#894,#902,#1182,.T.);
#1081=EDGE_CURVE('',#903,#812,#1183,.T.);
#1082=EDGE_CURVE('',#898,#810,#1184,.T.);
#1083=EDGE_CURVE('',#895,#901,#1185,.T.);
#1084=EDGE_CURVE('',#899,#824,#1186,.T.);
#1085=EDGE_CURVE('',#823,#900,#1187,.T.);
#1086=EDGE_CURVE('',#846,#907,#1188,.T.);
#1087=EDGE_CURVE('',#904,#836,#1189,.T.);
#1088=EDGE_CURVE('',#905,#834,#1190,.T.);
#1089=EDGE_CURVE('',#842,#906,#1191,.T.);
#1090=EDGE_CURVE('',#908,#848,#1192,.T.);
#1091=EDGE_CURVE('',#839,#911,#1193,.T.);
#1092=EDGE_CURVE('',#840,#910,#1194,.T.);
#1093=EDGE_CURVE('',#909,#844,#1195,.T.);
#1094=EDGE_CURVE('',#917,#897,#1196,.T.);
#1095=EDGE_CURVE('',#817,#916,#1197,.T.);
#1096=EDGE_CURVE('',#818,#915,#1198,.T.);
#1097=EDGE_CURVE('',#912,#896,#1199,.T.);
#1098=EDGE_CURVE('',#829,#914,#1200,.T.);
#1099=EDGE_CURVE('',#913,#830,#1201,.T.);
#1100=LINE('',#1807,#1202);
#1101=LINE('',#1810,#1203);
#1102=LINE('',#1812,#1204);
#1103=LINE('',#1814,#1205);
#1104=LINE('',#1816,#1206);
#1105=LINE('',#1818,#1207);
#1106=LINE('',#1820,#1208);
#1107=LINE('',#1822,#1209);
#1108=LINE('',#1824,#1210);
#1109=LINE('',#1826,#1211);
#1110=LINE('',#1830,#1212);
#1111=LINE('',#1832,#1213);
#1112=LINE('',#1835,#1214);
#1113=LINE('',#1837,#1215);
#1114=LINE('',#1839,#1216);
#1115=LINE('',#1843,#1217);
#1116=LINE('',#1845,#1218);
#1117=LINE('',#1847,#1219);
#1118=LINE('',#1849,#1220);
#1119=LINE('',#1851,#1221);
#1120=LINE('',#1853,#1222);
#1121=LINE('',#1855,#1223);
#1122=LINE('',#1857,#1224);
#1123=LINE('',#1862,#1225);
#1124=LINE('',#1866,#1226);
#1125=LINE('',#1871,#1227);
#1126=LINE('',#1875,#1228);
#1127=LINE('',#1878,#1229);
#1128=LINE('',#1879,#1230);
#1129=LINE('',#1881,#1231);
#1130=LINE('',#1883,#1232);
#1131=LINE('',#1885,#1233);
#1132=LINE('',#1887,#1234);
#1133=LINE('',#1895,#1235);
#1134=LINE('',#1905,#1236);
#1135=LINE('',#1906,#1237);
#1136=LINE('',#1908,#1238);
#1137=LINE('',#1909,#1239);
#1138=LINE('',#1932,#1240);
#1139=LINE('',#1933,#1241);
#1140=LINE('',#1938,#1242);
#1141=LINE('',#1952,#1243);
#1142=LINE('',#1957,#1244);
#1143=LINE('',#1977,#1245);
#1144=LINE('',#1979,#1246);
#1145=LINE('',#1984,#1247);
#1146=LINE('',#1988,#1248);
#1147=LINE('',#1990,#1249);
#1148=LINE('',#1992,#1250);
#1149=LINE('',#2002,#1251);
#1150=LINE('',#2020,#1253);
#1151=LINE('',#2032,#1254);
#1152=LINE('',#2048,#1256);
#1153=LINE('',#2053,#1257);
#1154=LINE('',#2057,#1258);
#1155=LINE('',#2060,#1259);
#1156=LINE('',#2062,#1260);
#1157=LINE('',#2064,#1261);
#1158=LINE('',#2066,#1262);
#1159=LINE('',#2067,#1263);
#1160=LINE('',#2069,#1264);
#1161=LINE('',#2073,#1265);
#1162=LINE('',#2075,#1266);
#1163=LINE('',#2079,#1267);
#1164=LINE('',#2084,#1268);
#1165=LINE('',#2092,#1269);
#1166=LINE('',#2096,#1270);
#1167=LINE('',#2100,#1271);
#1168=LINE('',#2105,#1272);
#1169=LINE('',#2109,#1273);
#1170=LINE('',#2113,#1274);
#1171=LINE('',#2117,#1275);
#1172=LINE('',#2123,#1276);
#1173=LINE('',#2125,#1277);
#1174=LINE('',#2142,#1278);
#1175=LINE('',#2143,#1279);
#1176=LINE('',#2145,#1280);
#1177=LINE('',#2147,#1281);
#1178=LINE('',#2238,#1282);
#1179=LINE('',#2239,#1283);
#1180=LINE('',#2241,#1284);
#1181=LINE('',#2243,#1285);
#1182=LINE('',#2246,#1286);
#1183=LINE('',#2247,#1287);
#1184=LINE('',#2249,#1288);
#1185=LINE('',#2251,#1289);
#1186=LINE('',#2253,#1290);
#1187=LINE('',#2255,#1291);
#1188=LINE('',#2258,#1292);
#1189=LINE('',#2259,#1293);
#1190=LINE('',#2261,#1294);
#1191=LINE('',#2263,#1295);
#1192=LINE('',#2266,#1296);
#1193=LINE('',#2267,#1297);
#1194=LINE('',#2269,#1298);
#1195=LINE('',#2271,#1299);
#1196=LINE('',#2274,#1300);
#1197=LINE('',#2275,#1301);
#1198=LINE('',#2277,#1302);
#1199=LINE('',#2279,#1303);
#1200=LINE('',#2281,#1304);
#1201=LINE('',#2283,#1305);
#1202=VECTOR('',#1440,1.);
#1203=VECTOR('',#1441,1.);
#1204=VECTOR('',#1442,1.);
#1205=VECTOR('',#1443,1.);
#1206=VECTOR('',#1444,1.);
#1207=VECTOR('',#1445,1.);
#1208=VECTOR('',#1446,1.);
#1209=VECTOR('',#1447,1.);
#1210=VECTOR('',#1448,1.);
#1211=VECTOR('',#1449,1.);
#1212=VECTOR('',#1452,1.);
#1213=VECTOR('',#1455,1.);
#1214=VECTOR('',#1456,1.);
#1215=VECTOR('',#1457,1.);
#1216=VECTOR('',#1458,1.);
#1217=VECTOR('',#1461,1.);
#1218=VECTOR('',#1462,1.);
#1219=VECTOR('',#1463,1.);
#1220=VECTOR('',#1464,1.);
#1221=VECTOR('',#1465,1.);
#1222=VECTOR('',#1466,1.);
#1223=VECTOR('',#1467,1.);
#1224=VECTOR('',#1470,1.);
#1225=VECTOR('',#1473,1.);
#1226=VECTOR('',#1478,1.);
#1227=VECTOR('',#1481,1.);
#1228=VECTOR('',#1486,1.);
#1229=VECTOR('',#1487,1.);
#1230=VECTOR('',#1488,1.);
#1231=VECTOR('',#1491,1.);
#1232=VECTOR('',#1492,1.);
#1233=VECTOR('',#1493,1.);
#1234=VECTOR('',#1496,1.);
#1235=VECTOR('',#1505,1.);
#1236=VECTOR('',#1522,1.);
#1237=VECTOR('',#1523,1.);
#1238=VECTOR('',#1526,1.);
#1239=VECTOR('',#1527,1.);
#1240=VECTOR('',#1556,1.);
#1241=VECTOR('',#1557,1.);
#1242=VECTOR('',#1560,1.);
#1243=VECTOR('',#1565,1.);
#1244=VECTOR('',#1568,1.);
#1245=VECTOR('',#1577,1.);
#1246=VECTOR('',#1580,1.);
#1247=VECTOR('',#1583,1.);
#1248=VECTOR('',#1588,1.);
#1249=VECTOR('',#1589,1.);
#1250=VECTOR('',#1590,1.);
#1251=VECTOR('',#1593,1.);
#1252=VECTOR('',#1594,1.);
#1253=VECTOR('',#1597,1.);
#1254=VECTOR('',#1602,1.);
#1255=VECTOR('',#1603,1.);
#1256=VECTOR('',#1604,1.);
#1257=VECTOR('',#1607,1.);
#1258=VECTOR('',#1612,1.);
#1259=VECTOR('',#1613,1.);
#1260=VECTOR('',#1614,1.);
#1261=VECTOR('',#1615,1.);
#1262=VECTOR('',#1618,1.);
#1263=VECTOR('',#1619,1.);
#1264=VECTOR('',#1622,1.);
#1265=VECTOR('',#1625,1.);
#1266=VECTOR('',#1628,1.);
#1267=VECTOR('',#1631,1.);
#1268=VECTOR('',#1636,1.);
#1269=VECTOR('',#1643,1.);
#1270=VECTOR('',#1646,1.);
#1271=VECTOR('',#1649,1.);
#1272=VECTOR('',#1654,1.);
#1273=VECTOR('',#1657,1.);
#1274=VECTOR('',#1660,1.);
#1275=VECTOR('',#1663,1.);
#1276=VECTOR('',#1670,1.);
#1277=VECTOR('',#1673,1.);
#1278=VECTOR('',#1706,1.);
#1279=VECTOR('',#1707,1.);
#1280=VECTOR('',#1710,1.);
#1281=VECTOR('',#1713,1.);
#1282=VECTOR('',#1734,1.);
#1283=VECTOR('',#1735,1.);
#1284=VECTOR('',#1738,1.);
#1285=VECTOR('',#1741,1.);
#1286=VECTOR('',#1746,1.);
#1287=VECTOR('',#1747,1.);
#1288=VECTOR('',#1750,1.);
#1289=VECTOR('',#1753,1.);
#1290=VECTOR('',#1756,1.);
#1291=VECTOR('',#1759,1.);
#1292=VECTOR('',#1764,1.);
#1293=VECTOR('',#1765,1.);
#1294=VECTOR('',#1768,1.);
#1295=VECTOR('',#1771,1.);
#1296=VECTOR('',#1776,1.);
#1297=VECTOR('',#1777,1.);
#1298=VECTOR('',#1780,1.);
#1299=VECTOR('',#1783,1.);
#1300=VECTOR('',#1788,1.);
#1301=VECTOR('',#1789,1.);
#1302=VECTOR('',#1792,1.);
#1303=VECTOR('',#1795,1.);
#1304=VECTOR('',#1798,1.);
#1305=VECTOR('',#1801,1.);
#1306=AXIS2_PLACEMENT_3D('',#1806,#1438,#1439);
#1307=AXIS2_PLACEMENT_3D('',#1828,#1450,#1451);
#1308=AXIS2_PLACEMENT_3D('',#1831,#1453,#1454);
#1309=AXIS2_PLACEMENT_3D('',#1841,#1459,#1460);
#1310=AXIS2_PLACEMENT_3D('',#1856,#1468,#1469);
#1311=AXIS2_PLACEMENT_3D('',#1860,#1471,#1472);
#1312=AXIS2_PLACEMENT_3D('',#1864,#1474,#1475);
#1313=AXIS2_PLACEMENT_3D('',#1865,#1476,#1477);
#1314=AXIS2_PLACEMENT_3D('',#1869,#1479,#1480);
#1315=AXIS2_PLACEMENT_3D('',#1873,#1482,#1483);
#1316=AXIS2_PLACEMENT_3D('',#1874,#1484,#1485);
#1317=AXIS2_PLACEMENT_3D('',#1880,#1489,#1490);
#1318=AXIS2_PLACEMENT_3D('',#1886,#1494,#1495);
#1319=AXIS2_PLACEMENT_3D('',#1890,#1497,#1498);
#1320=AXIS2_PLACEMENT_3D('',#1891,#1499,#1500);
#1321=AXIS2_PLACEMENT_3D('',#1892,#1501,#1502);
#1322=AXIS2_PLACEMENT_3D('',#1893,#1503,#1504);
#1323=AXIS2_PLACEMENT_3D('',#1897,#1506,#1507);
#1324=AXIS2_PLACEMENT_3D('',#1898,#1508,#1509);
#1325=AXIS2_PLACEMENT_3D('',#1899,#1510,#1511);
#1326=AXIS2_PLACEMENT_3D('',#1900,#1512,#1513);
#1327=AXIS2_PLACEMENT_3D('',#1901,#1514,#1515);
#1328=AXIS2_PLACEMENT_3D('',#1902,#1516,#1517);
#1329=AXIS2_PLACEMENT_3D('',#1903,#1518,#1519);
#1330=AXIS2_PLACEMENT_3D('',#1904,#1520,#1521);
#1331=AXIS2_PLACEMENT_3D('',#1907,#1524,#1525);
#1332=AXIS2_PLACEMENT_3D('',#1910,#1528,#1529);
#1333=AXIS2_PLACEMENT_3D('',#1911,#1530,#1531);
#1334=AXIS2_PLACEMENT_3D('',#1914,#1532,#1533);
#1335=AXIS2_PLACEMENT_3D('',#1915,#1534,#1535);
#1336=AXIS2_PLACEMENT_3D('',#1916,#1536,#1537);
#1337=AXIS2_PLACEMENT_3D('',#1917,#1538,#1539);
#1338=AXIS2_PLACEMENT_3D('',#1918,#1540,#1541);
#1339=AXIS2_PLACEMENT_3D('',#1920,#1542,#1543);
#1340=AXIS2_PLACEMENT_3D('',#1922,#1544,#1545);
#1341=AXIS2_PLACEMENT_3D('',#1923,#1546,#1547);
#1342=AXIS2_PLACEMENT_3D('',#1924,#1548,#1549);
#1343=AXIS2_PLACEMENT_3D('',#1925,#1550,#1551);
#1344=AXIS2_PLACEMENT_3D('',#1928,#1552,#1553);
#1345=AXIS2_PLACEMENT_3D('',#1930,#1554,#1555);
#1346=AXIS2_PLACEMENT_3D('',#1936,#1558,#1559);
#1347=AXIS2_PLACEMENT_3D('',#1945,#1561,#1562);
#1348=AXIS2_PLACEMENT_3D('',#1951,#1563,#1564);
#1349=AXIS2_PLACEMENT_3D('',#1955,#1566,#1567);
#1350=AXIS2_PLACEMENT_3D('',#1964,#1569,#1570);
#1351=AXIS2_PLACEMENT_3D('',#1970,#1571,#1572);
#1352=AXIS2_PLACEMENT_3D('',#1973,#1573,#1574);
#1353=AXIS2_PLACEMENT_3D('',#1975,#1575,#1576);
#1354=AXIS2_PLACEMENT_3D('',#1978,#1578,#1579);
#1355=AXIS2_PLACEMENT_3D('',#1982,#1581,#1582);
#1356=AXIS2_PLACEMENT_3D('',#1986,#1584,#1585);
#1357=AXIS2_PLACEMENT_3D('',#1987,#1586,#1587);
#1358=AXIS2_PLACEMENT_3D('',#1993,#1591,#1592);
#1359=AXIS2_PLACEMENT_3D('',#2018,#1595,#1596);
#1360=AXIS2_PLACEMENT_3D('',#2022,#1598,#1599);
#1361=AXIS2_PLACEMENT_3D('',#2023,#1600,#1601);
#1362=AXIS2_PLACEMENT_3D('',#2051,#1605,#1606);
#1363=AXIS2_PLACEMENT_3D('',#2055,#1608,#1609);
#1364=AXIS2_PLACEMENT_3D('',#2056,#1610,#1611);
#1365=AXIS2_PLACEMENT_3D('',#2065,#1616,#1617);
#1366=AXIS2_PLACEMENT_3D('',#2068,#1620,#1621);
#1367=AXIS2_PLACEMENT_3D('',#2071,#1623,#1624);
#1368=AXIS2_PLACEMENT_3D('',#2074,#1626,#1627);
#1369=AXIS2_PLACEMENT_3D('',#2077,#1629,#1630);
#1370=AXIS2_PLACEMENT_3D('',#2080,#1632,#1633);
#1371=AXIS2_PLACEMENT_3D('',#2081,#1634,#1635);
#1372=AXIS2_PLACEMENT_3D('',#2086,#1637,#1638);
#1373=AXIS2_PLACEMENT_3D('',#2088,#1639,#1640);
#1374=AXIS2_PLACEMENT_3D('',#2090,#1641,#1642);
#1375=AXIS2_PLACEMENT_3D('',#2093,#1644,#1645);
#1376=AXIS2_PLACEMENT_3D('',#2098,#1647,#1648);
#1377=AXIS2_PLACEMENT_3D('',#2101,#1650,#1651);
#1378=AXIS2_PLACEMENT_3D('',#2102,#1652,#1653);
#1379=AXIS2_PLACEMENT_3D('',#2107,#1655,#1656);
#1380=AXIS2_PLACEMENT_3D('',#2110,#1658,#1659);
#1381=AXIS2_PLACEMENT_3D('',#2115,#1661,#1662);
#1382=AXIS2_PLACEMENT_3D('',#2119,#1664,#1665);
#1383=AXIS2_PLACEMENT_3D('',#2121,#1666,#1667);
#1384=AXIS2_PLACEMENT_3D('',#2122,#1668,#1669);
#1385=AXIS2_PLACEMENT_3D('',#2124,#1671,#1672);
#1386=AXIS2_PLACEMENT_3D('',#2126,#1674,#1675);
#1387=AXIS2_PLACEMENT_3D('',#2127,#1676,#1677);
#1388=AXIS2_PLACEMENT_3D('',#2128,#1678,#1679);
#1389=AXIS2_PLACEMENT_3D('',#2129,#1680,#1681);
#1390=AXIS2_PLACEMENT_3D('',#2130,#1682,#1683);
#1391=AXIS2_PLACEMENT_3D('',#2131,#1684,#1685);
#1392=AXIS2_PLACEMENT_3D('',#2132,#1686,#1687);
#1393=AXIS2_PLACEMENT_3D('',#2133,#1688,#1689);
#1394=AXIS2_PLACEMENT_3D('',#2134,#1690,#1691);
#1395=AXIS2_PLACEMENT_3D('',#2135,#1692,#1693);
#1396=AXIS2_PLACEMENT_3D('',#2136,#1694,#1695);
#1397=AXIS2_PLACEMENT_3D('',#2137,#1696,#1697);
#1398=AXIS2_PLACEMENT_3D('',#2138,#1698,#1699);
#1399=AXIS2_PLACEMENT_3D('',#2139,#1700,#1701);
#1400=AXIS2_PLACEMENT_3D('',#2140,#1702,#1703);
#1401=AXIS2_PLACEMENT_3D('',#2141,#1704,#1705);
#1402=AXIS2_PLACEMENT_3D('',#2144,#1708,#1709);
#1403=AXIS2_PLACEMENT_3D('',#2146,#1711,#1712);
#1404=AXIS2_PLACEMENT_3D('',#2148,#1714,#1715);
#1405=AXIS2_PLACEMENT_3D('',#2149,#1716,#1717);
#1406=AXIS2_PLACEMENT_3D('',#2158,#1718,#1719);
#1407=AXIS2_PLACEMENT_3D('',#2187,#1720,#1721);
#1408=AXIS2_PLACEMENT_3D('',#2192,#1722,#1723);
#1409=AXIS2_PLACEMENT_3D('',#2193,#1724,#1725);
#1410=AXIS2_PLACEMENT_3D('',#2202,#1726,#1727);
#1411=AXIS2_PLACEMENT_3D('',#2231,#1728,#1729);
#1412=AXIS2_PLACEMENT_3D('',#2236,#1730,#1731);
#1413=AXIS2_PLACEMENT_3D('',#2237,#1732,#1733);
#1414=AXIS2_PLACEMENT_3D('',#2240,#1736,#1737);
#1415=AXIS2_PLACEMENT_3D('',#2242,#1739,#1740);
#1416=AXIS2_PLACEMENT_3D('',#2244,#1742,#1743);
#1417=AXIS2_PLACEMENT_3D('',#2245,#1744,#1745);
#1418=AXIS2_PLACEMENT_3D('',#2248,#1748,#1749);
#1419=AXIS2_PLACEMENT_3D('',#2250,#1751,#1752);
#1420=AXIS2_PLACEMENT_3D('',#2252,#1754,#1755);
#1421=AXIS2_PLACEMENT_3D('',#2254,#1757,#1758);
#1422=AXIS2_PLACEMENT_3D('',#2256,#1760,#1761);
#1423=AXIS2_PLACEMENT_3D('',#2257,#1762,#1763);
#1424=AXIS2_PLACEMENT_3D('',#2260,#1766,#1767);
#1425=AXIS2_PLACEMENT_3D('',#2262,#1769,#1770);
#1426=AXIS2_PLACEMENT_3D('',#2264,#1772,#1773);
#1427=AXIS2_PLACEMENT_3D('',#2265,#1774,#1775);
#1428=AXIS2_PLACEMENT_3D('',#2268,#1778,#1779);
#1429=AXIS2_PLACEMENT_3D('',#2270,#1781,#1782);
#1430=AXIS2_PLACEMENT_3D('',#2272,#1784,#1785);
#1431=AXIS2_PLACEMENT_3D('',#2273,#1786,#1787);
#1432=AXIS2_PLACEMENT_3D('',#2276,#1790,#1791);
#1433=AXIS2_PLACEMENT_3D('',#2278,#1793,#1794);
#1434=AXIS2_PLACEMENT_3D('',#2280,#1796,#1797);
#1435=AXIS2_PLACEMENT_3D('',#2282,#1799,#1800);
#1436=AXIS2_PLACEMENT_3D('',#2284,#1802,#1803);
#1437=AXIS2_PLACEMENT_3D('',#2285,#1804,#1805);
#1438=DIRECTION('',(0.,0.,1.));
#1439=DIRECTION('',(1.,0.,0.));
#1440=DIRECTION('',(0.287746725278531,-0.957706542784105,-1.42833613692037E-16));
#1441=DIRECTION('',(0.677200790789343,0.203467660708665,0.70710678118657));
#1442=DIRECTION('',(0.287746725278531,-0.957706542784105,-9.93213046459105E-17));
#1443=DIRECTION('',(-0.677200790789343,-0.203467660708665,-0.70710678118657));
#1444=DIRECTION('',(0.28774672527853,-0.957706542784104,-1.42833613692037E-16));
#1445=DIRECTION('',(-0.677200790789343,-0.203467660708665,-0.70710678118657));
#1446=DIRECTION('',(0.287746725278531,-0.957706542784105,-9.93213046459105E-17));
#1447=DIRECTION('',(-0.677200790789343,-0.203467660708665,-0.70710678118657));
#1448=DIRECTION('',(0.287746725278531,-0.957706542784105,-1.42833613692037E-16));
#1449=DIRECTION('',(0.677200790789345,0.203467660708659,0.70710678118657));
#1450=DIRECTION('',(-0.677200790789386,-0.203467660708678,0.707106781186525));
#1451=DIRECTION('',(0.72221430027307,0.,0.691669360663809));
#1452=DIRECTION('',(-0.677200790789345,-0.203467660708659,-0.70710678118657));
#1453=DIRECTION('',(-0.677200790789386,-0.203467660708678,0.707106781186525));
#1454=DIRECTION('',(0.72221430027307,0.,0.691669360663807));
#1455=DIRECTION('',(-0.287746725278531,0.957706542784105,8.95082267791378E-17));
#1456=DIRECTION('',(-0.677200790789342,-0.203467660708665,-0.707106781186571));
#1457=DIRECTION('',(0.287746725278531,-0.957706542784105,-1.42833613692037E-16));
#1458=DIRECTION('',(0.677200790789346,0.203467660708659,0.707106781186569));
#1459=DIRECTION('',(0.677200790789387,0.203467660708678,-0.707106781186524));
#1460=DIRECTION('',(0.287746725278531,-0.957706542784104,0.));
#1461=DIRECTION('',(-0.677200790789341,-0.203467660708658,-0.707106781186575));
#1462=DIRECTION('',(0.287746725278531,-0.957706542784105,-1.42833613692037E-16));
#1463=DIRECTION('',(0.677200790789342,0.203467660708665,0.707106781186571));
#1464=DIRECTION('',(-0.287746725278531,0.957706542784105,8.95082267791378E-17));
#1465=DIRECTION('',(0.677200790789342,0.203467660708665,0.707106781186571));
#1466=DIRECTION('',(0.28774672527853,-0.957706542784104,-1.42833613692037E-16));
#1467=DIRECTION('',(0.677200790789342,0.203467660708665,0.707106781186571));
#1468=DIRECTION('',(0.677200790789387,0.203467660708678,-0.707106781186524));
#1469=DIRECTION('',(-0.722214300273069,0.,-0.691669360663808));
#1470=DIRECTION('',(0.287746725278531,-0.957706542784105,-1.42833613692037E-16));
#1471=DIRECTION('',(-0.287746725278518,0.957706542784108,0.));
#1472=DIRECTION('',(0.957706542784108,0.287746725278518,0.));
#1473=DIRECTION('',(0.287746725278531,-0.957706542784105,-1.42833613692037E-16));
#1474=DIRECTION('',(-0.287746725278526,0.957706542784106,4.70208988000352E-15));
#1475=DIRECTION('',(0.957706542784106,0.287746725278526,0.));
#1476=DIRECTION('',(0.287746725278531,-0.957706542784105,-1.42833613692037E-16));
#1477=DIRECTION('',(0.957706542784105,0.287746725278531,0.));
#1478=DIRECTION('',(0.287746725278531,-0.957706542784105,-1.42833613692037E-16));
#1479=DIRECTION('',(0.287746725278521,-0.957706542784107,0.));
#1480=DIRECTION('',(0.957706542784107,0.287746725278521,0.));
#1481=DIRECTION('',(0.287746725278531,-0.957706542784105,-1.42833613692037E-16));
#1482=DIRECTION('',(0.287746725278527,-0.957706542784106,-4.12812585709229E-15));
#1483=DIRECTION('',(-0.957706542784106,-0.287746725278527,0.));
#1484=DIRECTION('',(0.287746725278531,-0.957706542784105,-1.42833613692037E-16));
#1485=DIRECTION('',(0.957706542784105,0.287746725278531,0.));
#1486=DIRECTION('',(0.287746725278531,-0.957706542784105,-1.42833613692037E-16));
#1487=DIRECTION('',(-0.677200790789332,-0.203467660708662,-0.707106781186581));
#1488=DIRECTION('',(-0.677200790789334,-0.203467660708655,-0.707106781186581));
#1489=DIRECTION('',(0.677200790789397,0.203467660708681,-0.707106781186514));
#1490=DIRECTION('',(-0.722214300273059,0.,-0.691669360663819));
#1491=DIRECTION('',(0.677200790789332,0.203467660708662,0.707106781186581));
#1492=DIRECTION('',(0.287746725278531,-0.957706542784105,-1.42833613692037E-16));
#1493=DIRECTION('',(0.677200790789334,0.203467660708656,0.707106781186581));
#1494=DIRECTION('',(0.677200790789397,0.203467660708681,-0.707106781186514));
#1495=DIRECTION('',(-0.722214300273059,0.,-0.691669360663819));
#1496=DIRECTION('',(0.287746725278531,-0.957706542784105,-1.42833613692037E-16));
#1497=DIRECTION('',(-0.287746725278533,0.957706542784104,0.));
#1498=DIRECTION('',(0.957706542784103,0.287746725278533,0.));
#1499=DIRECTION('',(-0.287746725278526,0.957706542784106,4.70208988000352E-15));
#1500=DIRECTION('',(0.957706542784106,0.287746725278526,0.));
#1501=DIRECTION('',(0.287746725278531,-0.957706542784105,-1.42833613692037E-16));
#1502=DIRECTION('',(0.957706542784104,0.287746725278531,0.));
#1503=DIRECTION('',(0.287746725278542,-0.957706542784101,0.));
#1504=DIRECTION('',(0.957706542784101,0.287746725278542,0.));
#1505=DIRECTION('',(0.287746725278531,-0.957706542784105,-1.42833613692037E-16));
#1506=DIRECTION('',(0.287746725278527,-0.957706542784106,-4.12812585709229E-15));
#1507=DIRECTION('',(-0.957706542784106,-0.287746725278527,0.));
#1508=DIRECTION('',(0.287746725278531,-0.957706542784105,-1.42833613692037E-16));
#1509=DIRECTION('',(0.957706542784104,0.287746725278531,0.));
#1510=DIRECTION('',(0.287746725278524,-0.957706542784106,0.));
#1511=DIRECTION('',(0.957706542784107,0.287746725278524,0.));
#1512=DIRECTION('',(-0.287746725278526,0.957706542784106,4.70208988000352E-15));
#1513=DIRECTION('',(0.957706542784106,0.287746725278526,0.));
#1514=DIRECTION('',(0.287746725278531,-0.957706542784105,-1.42833613692037E-16));
#1515=DIRECTION('',(0.957706542784104,0.287746725278531,0.));
#1516=DIRECTION('',(-0.287746725278502,0.957706542784113,0.));
#1517=DIRECTION('',(0.957706542784113,0.287746725278502,0.));
#1518=DIRECTION('',(0.287746725278527,-0.957706542784106,-4.12812585709229E-15));
#1519=DIRECTION('',(-0.957706542784106,-0.287746725278527,0.));
#1520=DIRECTION('',(0.287746725278531,-0.957706542784105,-1.42833613692037E-16));
#1521=DIRECTION('',(0.957706542784104,0.287746725278531,0.));
#1522=DIRECTION('',(0.677200790789359,0.20346766070867,0.707106781186554));
#1523=DIRECTION('',(0.677200790789361,0.203467660708663,0.707106781186554));
#1524=DIRECTION('',(-0.677200790789371,-0.203467660708673,0.707106781186542));
#1525=DIRECTION('',(0.722214300273086,0.,0.69166936066379));
#1526=DIRECTION('',(-0.677200790789359,-0.20346766070867,-0.707106781186554));
#1527=DIRECTION('',(-0.677200790789361,-0.203467660708664,-0.707106781186554));
#1528=DIRECTION('',(-0.677200790789371,-0.203467660708673,0.707106781186542));
#1529=DIRECTION('',(0.722214300273086,0.,0.69166936066379));
#1530=DIRECTION('',(0.28774672527853,-0.957706542784104,-1.42833613692036E-16));
#1531=DIRECTION('',(0.957706542784105,0.28774672527853,0.));
#1532=DIRECTION('',(0.28774672527853,-0.957706542784104,-1.42833613692036E-16));
#1533=DIRECTION('',(0.957706542784105,0.28774672527853,0.));
#1534=DIRECTION('',(0.28774672527853,-0.957706542784104,-1.42833613692036E-16));
#1535=DIRECTION('',(-0.957706542784105,-0.287746725278531,0.));
#1536=DIRECTION('',(0.28774672527853,-0.957706542784104,-1.42833613692036E-16));
#1537=DIRECTION('',(0.957706542784105,0.28774672527853,0.));
#1538=DIRECTION('',(0.28774672527853,-0.957706542784104,-1.42833613692036E-16));
#1539=DIRECTION('',(0.957706542784105,0.28774672527853,0.));
#1540=DIRECTION('',(-0.28774672527853,0.957706542784104,1.42833613692036E-16));
#1541=DIRECTION('',(0.957706542784105,0.287746725278531,0.));
#1542=DIRECTION('',(0.28774672527853,-0.957706542784104,-1.42833613692036E-16));
#1543=DIRECTION('',(0.957706542784104,0.28774672527853,0.));
#1544=DIRECTION('',(-0.28774672527853,0.957706542784104,1.42833613692036E-16));
#1545=DIRECTION('',(0.957706542784105,0.287746725278531,0.));
#1546=DIRECTION('',(0.28774672527853,-0.957706542784104,-1.42833613692036E-16));
#1547=DIRECTION('',(-0.957706542784105,-0.287746725278531,0.));
#1548=DIRECTION('',(0.28774672527853,-0.957706542784104,-1.42833613692036E-16));
#1549=DIRECTION('',(0.957706542784105,0.28774672527853,0.));
#1550=DIRECTION('',(0.28774672527853,-0.957706542784105,-1.42833613692046E-16));
#1551=DIRECTION('',(-0.957706542784104,-0.28774672527853,0.));
#1552=DIRECTION('',(0.28774672527853,-0.957706542784105,-1.42833613692046E-16));
#1553=DIRECTION('',(-0.957706542784105,-0.28774672527853,0.));
#1554=DIRECTION('',(0.28774672527853,-0.957706542784105,-1.42833613692046E-16));
#1555=DIRECTION('',(-0.957706542784105,-0.287746725278531,0.));
#1556=DIRECTION('',(-0.677200790789374,-0.203467660708674,0.707106781186538));
#1557=DIRECTION('',(3.52667640929055E-15,1.20874521564526E-15,-1.));
#1558=DIRECTION('',(-0.28774672527853,0.957706542784105,1.42833613692046E-16));
#1559=DIRECTION('',(-0.957706542784105,-0.28774672527853,0.));
#1560=DIRECTION('',(-2.84530924848809E-15,-1.00402575255871E-15,1.));
#1561=DIRECTION('',(-0.28774672527853,0.957706542784105,1.42833613692046E-16));
#1562=DIRECTION('',(-0.957706542784105,-0.287746725278531,0.));
#1563=DIRECTION('',(-0.28774672527853,0.957706542784105,1.42833613692046E-16));
#1564=DIRECTION('',(-0.957706542784105,-0.28774672527853,-3.5527136788005E-15));
#1565=DIRECTION('',(2.87551514868498E-15,9.03491547621209E-16,-1.));
#1566=DIRECTION('',(0.28774672527853,-0.957706542784104,-3.78596989840616E-17));
#1567=DIRECTION('',(0.957706542784105,0.28774672527853,0.));
#1568=DIRECTION('',(-3.55688230948744E-15,-1.10821101070776E-15,1.));
#1569=DIRECTION('',(0.28774672527853,-0.957706542784104,-3.78596989840616E-17));
#1570=DIRECTION('',(0.957706542784105,0.28774672527853,0.));
#1571=DIRECTION('',(-0.28774672527853,0.957706542784104,3.78596989840616E-17));
#1572=DIRECTION('',(0.957706542784106,0.28774672527853,0.));
#1573=DIRECTION('',(-0.28774672527853,0.957706542784104,3.78596989840616E-17));
#1574=DIRECTION('',(0.957706542784105,0.28774672527853,0.));
#1575=DIRECTION('',(-0.28774672527853,0.957706542784104,3.78596989840616E-17));
#1576=DIRECTION('',(0.957706542784105,0.287746725278529,0.));
#1577=DIRECTION('',(0.677200790789374,0.203467660708674,-0.707106781186538));
#1578=DIRECTION('',(0.28774672527853,-0.957706542784104,-3.78596989840616E-17));
#1579=DIRECTION('',(0.957706542784105,0.28774672527853,3.5527136788005E-15));
#1580=DIRECTION('',(0.28774672527853,-0.957706542784104,-1.42833613692037E-16));
#1581=DIRECTION('',(0.287746725278522,-0.957706542784107,0.));
#1582=DIRECTION('',(-0.957706542784107,-0.287746725278522,0.));
#1583=DIRECTION('',(0.28774672527853,-0.957706542784104,-1.42833613692037E-16));
#1584=DIRECTION('',(-0.287746725278532,0.957706542784104,0.));
#1585=DIRECTION('',(0.957706542784104,0.287746725278532,0.));
#1586=DIRECTION('',(-0.28774672527853,0.957706542784104,1.42833613692037E-16));
#1587=DIRECTION('',(-0.957706542784105,-0.287746725278529,0.));
#1588=DIRECTION('',(-3.52667640929055E-15,-1.20874521564526E-15,1.));
#1589=DIRECTION('',(0.28774672527853,-0.957706542784104,-1.42833613692037E-16));
#1590=DIRECTION('',(3.55688230948744E-15,1.10821101070776E-15,-1.));
#1591=DIRECTION('',(-0.957706542784104,-0.28774672527853,-3.72533354895792E-15));
#1592=DIRECTION('',(0.287746725278531,-0.957706542784105,0.));
#1593=DIRECTION('',(0.28774672527853,-0.957706542784104,-1.42833613692037E-16));
#1594=DIRECTION('',(-0.28774672527853,0.957706542784104,1.42833613692037E-16));
#1595=DIRECTION('',(0.287746725278525,-0.957706542784106,0.));
#1596=DIRECTION('',(-0.957706542784106,-0.287746725278525,0.));
#1597=DIRECTION('',(0.28774672527853,-0.957706542784104,-1.42833613692037E-16));
#1598=DIRECTION('',(-0.287746725278535,0.957706542784103,0.));
#1599=DIRECTION('',(0.957706542784103,0.287746725278535,0.));
#1600=DIRECTION('',(-0.28774672527853,0.957706542784104,1.42833613692037E-16));
#1601=DIRECTION('',(-0.957706542784105,-0.287746725278531,0.));
#1602=DIRECTION('',(0.28774672527853,-0.957706542784104,-1.42833613692037E-16));
#1603=DIRECTION('',(-0.28774672527853,0.957706542784104,1.42833613692037E-16));
#1604=DIRECTION('',(0.28774672527853,-0.957706542784104,-1.42833613692037E-16));
#1605=DIRECTION('',(-0.287746725278537,0.957706542784103,0.));
#1606=DIRECTION('',(-0.957706542784103,-0.287746725278537,0.));
#1607=DIRECTION('',(-0.28774672527853,0.957706542784104,1.42833613692037E-16));
#1608=DIRECTION('',(0.28774672527852,-0.957706542784108,0.));
#1609=DIRECTION('',(0.957706542784108,0.28774672527852,0.));
#1610=DIRECTION('',(-0.28774672527853,0.957706542784104,1.42833613692037E-16));
#1611=DIRECTION('',(-0.957706542784105,-0.287746725278531,0.));
#1612=DIRECTION('',(0.287746725278531,-0.957706542784105,-1.69203375691501E-16));
#1613=DIRECTION('',(0.677200790789374,0.203467660708674,-0.707106781186538));
#1614=DIRECTION('',(-0.287746725278531,0.957706542784105,1.69203375691501E-16));
#1615=DIRECTION('',(-0.677200790789374,-0.203467660708674,0.707106781186538));
#1616=DIRECTION('',(0.677200790789356,0.203467660708669,0.707106781186557));
#1617=DIRECTION('',(0.722214300273101,0.,-0.691669360663775));
#1618=DIRECTION('',(2.84530924848809E-15,1.00402575255871E-15,-1.));
#1619=DIRECTION('',(-2.87551514868498E-15,-9.0349154762121E-16,1.));
#1620=DIRECTION('',(0.957706542784104,0.28774672527853,3.01387640591524E-15));
#1621=DIRECTION('',(-0.287746725278531,0.957706542784105,0.));
#1622=DIRECTION('',(-0.287746725278531,0.957706542784105,1.42833613692037E-16));
#1623=DIRECTION('',(-0.28774672527851,0.957706542784111,0.));
#1624=DIRECTION('',(0.957706542784111,0.28774672527851,0.));
#1625=DIRECTION('',(0.287746725278531,-0.957706542784105,-1.42833613692037E-16));
#1626=DIRECTION('',(0.287746725278531,-0.957706542784105,-1.42833613692037E-16));
#1627=DIRECTION('',(0.957706542784105,0.287746725278531,0.));
#1628=DIRECTION('',(0.287746725278531,-0.957706542784105,-1.42833613692037E-16));
#1629=DIRECTION('',(0.287746725278525,-0.957706542784106,0.));
#1630=DIRECTION('',(0.957706542784106,0.287746725278525,0.));
#1631=DIRECTION('',(-0.287746725278531,0.957706542784105,1.42833613692037E-16));
#1632=DIRECTION('',(0.287746725278531,-0.957706542784105,-1.42833613692037E-16));
#1633=DIRECTION('',(0.957706542784105,0.287746725278531,0.));
#1634=DIRECTION('',(-0.28774672527853,0.957706542784104,1.42833613692036E-16));
#1635=DIRECTION('',(0.957706542784104,0.28774672527853,0.));
#1636=DIRECTION('',(0.677200790789342,0.203467660708665,0.707106781186571));
#1637=DIRECTION('',(-0.28774672527853,0.957706542784104,1.42833613692036E-16));
#1638=DIRECTION('',(0.957706542784105,0.28774672527853,0.));
#1639=DIRECTION('',(0.28774672527853,-0.957706542784104,-1.42833613692036E-16));
#1640=DIRECTION('',(0.957706542784105,0.28774672527853,0.));
#1641=DIRECTION('',(-0.28774672527853,0.957706542784104,1.42833613692036E-16));
#1642=DIRECTION('',(0.957706542784105,0.28774672527853,0.));
#1643=DIRECTION('',(-0.677200790789343,-0.203467660708665,-0.70710678118657));
#1644=DIRECTION('',(0.28774672527853,-0.957706542784104,-1.42833613692036E-16));
#1645=DIRECTION('',(0.957706542784104,0.28774672527853,0.));
#1646=DIRECTION('',(0.677200790789333,0.203467660708662,0.707106781186581));
#1647=DIRECTION('',(0.28774672527853,-0.957706542784104,-1.42833613692036E-16));
#1648=DIRECTION('',(0.957706542784105,0.28774672527853,0.));
#1649=DIRECTION('',(-0.677200790789359,-0.20346766070867,-0.707106781186554));
#1650=DIRECTION('',(0.28774672527853,-0.957706542784104,-1.42833613692036E-16));
#1651=DIRECTION('',(0.957706542784105,0.28774672527853,0.));
#1652=DIRECTION('',(-0.28774672527853,0.957706542784104,1.42833613692036E-16));
#1653=DIRECTION('',(0.957706542784105,0.28774672527853,0.));
#1654=DIRECTION('',(-0.677200790789333,-0.203467660708662,-0.707106781186581));
#1655=DIRECTION('',(-0.28774672527853,0.957706542784104,1.42833613692036E-16));
#1656=DIRECTION('',(0.957706542784105,0.28774672527853,0.));
#1657=DIRECTION('',(0.677200790789359,0.20346766070867,0.707106781186554));
#1658=DIRECTION('',(0.28774672527853,-0.957706542784104,-1.42833613692036E-16));
#1659=DIRECTION('',(0.957706542784105,0.28774672527853,0.));
#1660=DIRECTION('',(-0.677200790789342,-0.203467660708665,-0.707106781186571));
#1661=DIRECTION('',(0.28774672527853,-0.957706542784104,-1.42833613692036E-16));
#1662=DIRECTION('',(0.957706542784105,0.28774672527853,0.));
#1663=DIRECTION('',(0.677200790789343,0.203467660708665,0.70710678118657));
#1664=DIRECTION('',(0.28774672527853,-0.957706542784104,-1.42833613692036E-16));
#1665=DIRECTION('',(0.957706542784105,0.28774672527853,0.));
#1666=DIRECTION('',(-0.28774672527853,0.957706542784104,1.42833613692036E-16));
#1667=DIRECTION('',(0.957706542784105,0.28774672527853,0.));
#1668=DIRECTION('',(0.28774672527853,-0.957706542784104,-1.42833613692036E-16));
#1669=DIRECTION('',(0.957706542784104,0.28774672527853,0.));
#1670=DIRECTION('',(0.677200790789387,0.203467660708678,-0.707106781186524));
#1671=DIRECTION('',(0.287746725278526,-0.957706542784106,-4.70208988000352E-15));
#1672=DIRECTION('',(0.957706542784106,0.287746725278526,0.));
#1673=DIRECTION('',(0.677200790789387,0.203467660708678,-0.707106781186524));
#1674=DIRECTION('',(-0.287746725278527,0.957706542784106,4.12812585709229E-15));
#1675=DIRECTION('',(-0.957706542784106,-0.287746725278527,0.));
#1676=DIRECTION('',(-0.677200790789387,-0.203467660708678,0.707106781186524));
#1677=DIRECTION('',(0.72221430027307,0.,0.691669360663809));
#1678=DIRECTION('',(-0.28774672527853,0.957706542784105,0.));
#1679=DIRECTION('',(-0.957706542784105,-0.28774672527853,0.));
#1680=DIRECTION('',(0.287746725278525,-0.957706542784106,0.));
#1681=DIRECTION('',(0.957706542784105,0.287746725278524,0.));
#1682=DIRECTION('',(-0.28774672527853,0.957706542784104,1.42833613692037E-16));
#1683=DIRECTION('',(-0.957706542784103,-0.287746725278534,0.));
#1684=DIRECTION('',(-0.287746725278537,0.957706542784103,0.));
#1685=DIRECTION('',(-0.957706542784103,-0.287746725278537,0.));
#1686=DIRECTION('',(0.287746725278522,-0.957706542784107,0.));
#1687=DIRECTION('',(0.957706542784107,0.287746725278522,0.));
#1688=DIRECTION('',(-0.28774672527853,0.957706542784104,1.42833613692037E-16));
#1689=DIRECTION('',(-0.957706542784103,-0.287746725278534,0.));
#1690=DIRECTION('',(-0.287746725278536,0.957706542784103,0.));
#1691=DIRECTION('',(0.957706542784103,0.287746725278536,0.));
#1692=DIRECTION('',(0.287746725278531,-0.957706542784105,-1.42833613692037E-16));
#1693=DIRECTION('',(0.957706542784105,0.287746725278531,0.));
#1694=DIRECTION('',(0.287746725278531,-0.957706542784104,0.));
#1695=DIRECTION('',(0.957706542784104,0.287746725278531,0.));
#1696=DIRECTION('',(0.287746725278531,-0.957706542784105,-1.42833613692037E-16));
#1697=DIRECTION('',(0.957706542784105,0.287746725278531,0.));
#1698=DIRECTION('',(0.287746725278534,-0.957706542784103,0.));
#1699=DIRECTION('',(0.957706542784104,0.287746725278534,0.));
#1700=DIRECTION('',(0.287746725278531,-0.957706542784105,-1.42833613692037E-16));
#1701=DIRECTION('',(0.957706542784105,0.287746725278531,0.));
#1702=DIRECTION('',(-0.287746725278528,0.957706542784105,0.));
#1703=DIRECTION('',(0.957706542784105,0.287746725278529,0.));
#1704=DIRECTION('',(0.287746725278531,-0.957706542784105,-1.42833613692037E-16));
#1705=DIRECTION('',(0.957706542784105,0.287746725278531,0.));
#1706=DIRECTION('',(-0.275385610683394,-0.821074153428597,-0.500000000000047));
#1707=DIRECTION('',(0.275385610683369,0.821074153428601,0.500000000000054));
#1708=DIRECTION('',(0.682320932100688,-0.533327428150189,0.499999999999953));
#1709=DIRECTION('',(0.677200790789374,0.203467660708674,-0.707106781186538));
#1710=DIRECTION('',(-0.126805772459977,0.700234158853355,0.702561327462423));
#1711=DIRECTION('',(-0.287746725278537,0.957706542784103,0.));
#1712=DIRECTION('',(-0.957706542784103,-0.287746725278537,0.));
#1713=DIRECTION('',(-0.469379919309153,-0.879360512074022,-0.0800473681906367));
#1714=DIRECTION('',(-0.28774672527853,0.957706542784105,0.));
#1715=DIRECTION('',(-0.957706542784105,-0.28774672527853,0.));
#1716=DIRECTION('',(-0.287746725278537,0.957706542784103,0.));
#1717=DIRECTION('',(-0.957706542784103,-0.287746725278537,0.));
#1718=DIRECTION('',(0.287746725278525,-0.957706542784106,0.));
#1719=DIRECTION('',(0.957706542784106,0.287746725278525,0.));
#1720=DIRECTION('',(-0.473733130080668,-0.88066845149805,-2.73520723147285E-15));
#1721=DIRECTION('',(-3.52495810318487E-15,-1.20910226275583E-15,1.));
#1722=DIRECTION('',(0.880668451498041,-0.473733130080685,2.03013382745781E-15));
#1723=DIRECTION('',(2.84494650060196E-15,1.00440489259057E-15,-1.));
#1724=DIRECTION('',(0.287746725278522,-0.957706542784107,0.));
#1725=DIRECTION('',(0.957706542784107,0.287746725278522,0.));
#1726=DIRECTION('',(-0.287746725278535,0.957706542784103,0.));
#1727=DIRECTION('',(-0.957706542784103,-0.287746725278535,0.));
#1728=DIRECTION('',(-0.880668451498041,0.473733130080684,-2.60743776476461E-15));
#1729=DIRECTION('',(-3.55618312575245E-15,-1.10848830114918E-15,1.));
#1730=DIRECTION('',(0.473733130080722,0.880668451498021,2.15790329416619E-15));
#1731=DIRECTION('',(2.87530416143156E-15,9.03790930983916E-16,-1.));
#1732=DIRECTION('',(-0.287746725278532,0.957706542784104,0.));
#1733=DIRECTION('',(-0.957706542784104,-0.287746725278532,0.));
#1734=DIRECTION('',(0.682320932100727,-0.533327428150003,0.5000000000001));
#1735=DIRECTION('',(-0.682320932100745,0.533327428149983,-0.500000000000095));
#1736=DIRECTION('',(0.275385610683239,0.821074153428734,0.499999999999907));
#1737=DIRECTION('',(0.677200790789374,0.203467660708674,-0.707106781186538));
#1738=DIRECTION('',(-0.280129548957307,0.654167422725261,-0.702561327462568));
#1739=DIRECTION('',(0.287746725278522,-0.957706542784107,0.));
#1740=DIRECTION('',(0.957706542784107,0.287746725278522,0.));
#1741=DIRECTION('',(0.87631524072654,-0.475041069504667,0.0800473681906394));
#1742=DIRECTION('',(0.287746725278525,-0.957706542784106,0.));
#1743=DIRECTION('',(0.957706542784106,0.287746725278525,0.));
#1744=DIRECTION('',(0.28774672527852,-0.957706542784108,0.));
#1745=DIRECTION('',(0.957706542784108,0.28774672527852,0.));
#1746=DIRECTION('',(-0.630483278873392,0.548902256446482,-0.548814310973226));
#1747=DIRECTION('',(0.682320932100729,-0.533327428150019,-0.500000000000079));
#1748=DIRECTION('',(0.287746725278531,-0.957706542784104,0.));
#1749=DIRECTION('',(0.957706542784104,0.287746725278531,0.));
#1750=DIRECTION('',(0.68232093210047,-0.533327428150762,-0.49999999999964));
#1751=DIRECTION('',(-0.275385610683518,-0.821074153428543,0.500000000000067));
#1752=DIRECTION('',(-0.677200790789343,-0.203467660708665,-0.70710678118657));
#1753=DIRECTION('',(-0.729070717101437,0.51928127002024,-0.445873134502812));
#1754=DIRECTION('',(-0.28774672527851,0.957706542784111,0.));
#1755=DIRECTION('',(-0.957706542784111,-0.28774672527851,0.));
#1756=DIRECTION('',(-0.275385610683686,-0.821074153428504,0.500000000000039));
#1757=DIRECTION('',(0.287746725278524,-0.957706542784106,0.));
#1758=DIRECTION('',(0.957706542784106,0.287746725278524,0.));
#1759=DIRECTION('',(0.275385610683419,0.821074153428706,-0.499999999999853));
#1760=DIRECTION('',(0.287746725278534,-0.957706542784103,0.));
#1761=DIRECTION('',(0.957706542784104,0.287746725278534,0.));
#1762=DIRECTION('',(0.682320932100723,-0.533327428150144,-0.499999999999953));
#1763=DIRECTION('',(0.677200790789342,0.203467660708665,0.707106781186571));
#1764=DIRECTION('',(-0.682320932100751,0.533327428150011,0.500000000000056));
#1765=DIRECTION('',(0.682320932100877,-0.533327428149896,-0.500000000000007));
#1766=DIRECTION('',(-0.275385610683093,-0.821074153428863,0.499999999999777));
#1767=DIRECTION('',(-0.677200790789359,-0.20346766070867,-0.707106781186554));
#1768=DIRECTION('',(-0.275385610683759,-0.821074153428526,0.499999999999962));
#1769=DIRECTION('',(-0.287746725278518,0.957706542784108,0.));
#1770=DIRECTION('',(-0.957706542784108,-0.287746725278518,0.));
#1771=DIRECTION('',(0.275385610683615,0.821074153428606,-0.499999999999911));
#1772=DIRECTION('',(-0.287746725278533,0.957706542784104,0.));
#1773=DIRECTION('',(-0.957706542784104,-0.287746725278533,0.));
#1774=DIRECTION('',(0.682320932100716,-0.533327428150202,-0.499999999999902));
#1775=DIRECTION('',(0.677200790789333,0.203467660708662,0.707106781186581));
#1776=DIRECTION('',(0.275385610683546,0.821074153428485,-0.500000000000148));
#1777=DIRECTION('',(-0.275385610683622,-0.821074153428471,0.500000000000128));
#1778=DIRECTION('',(0.682320932100692,-0.533327428150211,-0.499999999999925));
#1779=DIRECTION('',(0.677200790789359,0.20346766070867,0.707106781186553));
#1780=DIRECTION('',(0.682320932100891,-0.533327428149804,-0.500000000000086));
#1781=DIRECTION('',(0.287746725278521,-0.957706542784107,0.));
#1782=DIRECTION('',(0.957706542784107,0.287746725278521,0.));
#1783=DIRECTION('',(-0.682320932100833,0.533327428150157,0.49999999999979));
#1784=DIRECTION('',(0.287746725278542,-0.957706542784101,0.));
#1785=DIRECTION('',(0.957706542784101,0.287746725278542,0.));
#1786=DIRECTION('',(-0.275385610683456,-0.821074153428591,0.500000000000023));
#1787=DIRECTION('',(-0.677200790789333,-0.203467660708662,-0.707106781186581));
#1788=DIRECTION('',(0.223547957456003,0.805499325132205,0.548814310973039));
#1789=DIRECTION('',(-0.275385610683374,-0.821074153428712,0.499999999999868));
#1790=DIRECTION('',(-0.287746725278536,0.957706542784103,0.));
#1791=DIRECTION('',(-0.957706542784103,-0.287746725278536,0.));
#1792=DIRECTION('',(-0.275385610683264,-0.821074153428759,0.499999999999853));
#1793=DIRECTION('',(0.682320932100764,-0.533327428150018,-0.500000000000031));
#1794=DIRECTION('',(0.677200790789343,0.203467660708665,0.70710678118657));
#1795=DIRECTION('',(0.32213539568373,0.835120311557935,0.445873134502478));
#1796=DIRECTION('',(0.287746725278525,-0.957706542784106,0.));
#1797=DIRECTION('',(0.957706542784106,0.287746725278525,0.));
#1798=DIRECTION('',(0.682320932100427,-0.533327428151202,-0.499999999999229));
#1799=DIRECTION('',(-0.287746725278502,0.957706542784113,0.));
#1800=DIRECTION('',(-0.957706542784113,-0.287746725278502,0.));
#1801=DIRECTION('',(-0.682320932100829,0.5333274281501,0.499999999999855));
#1802=DIRECTION('',(-0.287746725278528,0.957706542784105,0.));
#1803=DIRECTION('',(-0.957706542784105,-0.287746725278528,0.));
#1804=DIRECTION('',(-0.275385610683526,-0.821074153428528,0.500000000000088));
#1805=DIRECTION('',(-0.677200790789342,-0.203467660708665,-0.707106781186571));
#1806=CARTESIAN_POINT('',(0.,0.,0.));
#1807=CARTESIAN_POINT('',(-1.20702144662955,0.122639440461603,20.4146515819663));
#1808=CARTESIAN_POINT('',(-1.20414397937678,0.113062375033793,20.4146515819663));
#1809=CARTESIAN_POINT('',(-1.14227843344187,-0.0928445316648056,20.4146515819663));
#1810=CARTESIAN_POINT('',(0.0944856587290468,0.503240795062434,21.7706302456713));
#1811=CARTESIAN_POINT('',(0.0185563731001324,0.480427540358153,21.6913478327015));
#1812=CARTESIAN_POINT('',(0.123583927826796,0.130864652241955,21.6913478327015));
#1813=CARTESIAN_POINT('',(0.123583927826796,0.130864652241955,21.6913478327015));
#1814=CARTESIAN_POINT('',(0.816296660918048,0.338992937474608,22.4146515819664));
#1815=CARTESIAN_POINT('',(0.81629666091802,0.338992937474603,22.4146515819671));
#1816=CARTESIAN_POINT('',(0.81629666091802,0.338992937474603,22.4146515819671));
#1817=CARTESIAN_POINT('',(0.917008014765505,0.00379564750016661,22.4146515819671));
#1818=CARTESIAN_POINT('',(0.300224567303205,-0.181519383028231,21.7706302456713));
#1819=CARTESIAN_POINT('',(0.224295281674282,-0.204332637732482,21.6913478327015));
#1820=CARTESIAN_POINT('',(0.123583927826796,0.130864652241955,21.6913478327015));
#1821=CARTESIAN_POINT('',(0.329322836400945,-0.553895525848677,21.6913478327015));
#1822=CARTESIAN_POINT('',(-0.893377516075956,-0.921260691173068,20.4146515819663));
#1823=CARTESIAN_POINT('',(-0.893377516075953,-0.921260691173083,20.4146515819663));
#1824=CARTESIAN_POINT('',(-1.20702144662955,0.122639440461603,20.4146515819663));
#1825=CARTESIAN_POINT('',(-0.955243062010827,-0.715353784474475,20.4146515819663));
#1826=CARTESIAN_POINT('',(-0.0501450758754017,-0.44341350847976,21.3597197690378));
#1827=CARTESIAN_POINT('',(-0.0501450758753997,-0.443413508479759,21.3597197690378));
#1828=CARTESIAN_POINT('',(-0.143662761590923,-0.132158882074925,21.3597197690378));
#1829=CARTESIAN_POINT('',(-0.237180447306453,0.179095744329907,21.3597197690378));
#1830=CARTESIAN_POINT('',(-1.56552892768526,-0.220011819607732,19.9727098437247));
#1831=CARTESIAN_POINT('',(0.19951321345572,0.153677906946205,21.7706302456713));
#1832=CARTESIAN_POINT('',(-0.722917060659847,-0.123469923643865,22.5752313091846));
#1833=CARTESIAN_POINT('',(-0.722917060659847,-0.123469923643865,22.5752313091846));
#1834=CARTESIAN_POINT('',(-0.827944615386511,0.226092964472333,22.5752313091846));
#1835=CARTESIAN_POINT('',(-1.48963346387395,0.0272859282876584,21.8843214960763));
#1836=CARTESIAN_POINT('',(-2.05064496786347,-0.141272200852069,21.2985350584495));
#1837=CARTESIAN_POINT('',(-2.05352243511626,-0.131695135424224,21.2985350584495));
#1838=CARTESIAN_POINT('',(-1.98877942192857,-0.347179107550644,21.2985350584495));
#1839=CARTESIAN_POINT('',(-2.41202991617192,-0.474346395493557,20.8565933202077));
#1840=CARTESIAN_POINT('',(-1.0836814357931,-0.0752388315559159,22.2436032455209));
#1841=CARTESIAN_POINT('',(-0.990163750077684,-0.386493457960781,22.243603245521));
#1842=CARTESIAN_POINT('',(-0.896646064362161,-0.697748084365615,22.243603245521));
#1843=CARTESIAN_POINT('',(-0.896646064362064,-0.697748084365586,22.2436032455209));
#1844=CARTESIAN_POINT('',(-1.80174405049748,-0.969688360360298,21.2985350584494));
#1845=CARTESIAN_POINT('',(-2.05352243511626,-0.131695135424224,21.2985350584495));
#1846=CARTESIAN_POINT('',(-1.73987850456266,-1.1755952670589,21.2985350584495));
#1847=CARTESIAN_POINT('',(-0.5171781520857,-0.808230101734489,22.5752313091846));
#1848=CARTESIAN_POINT('',(-0.517178152085698,-0.8082301017345,22.5752313091846));
#1849=CARTESIAN_POINT('',(-0.722917060659847,-0.123469923643865,22.5752313091846));
#1850=CARTESIAN_POINT('',(-0.622205706812361,-0.458667213618301,22.5752313091846));
#1851=CARTESIAN_POINT('',(-1.2838945552998,-0.65747424980298,21.8843214960763));
#1852=CARTESIAN_POINT('',(0.0705070262788764,-0.250538928385652,23.2985350584495));
#1853=CARTESIAN_POINT('',(-0.0302043275686092,0.0846583615887844,23.2985350584495));
#1854=CARTESIAN_POINT('',(-0.0302043275686092,0.0846583615887844,23.2985350584495));
#1855=CARTESIAN_POINT('',(-0.646987775030919,-0.100656668939613,22.6545137221544));
#1856=CARTESIAN_POINT('',(-1.38460590914729,-0.322276959828544,21.8843214960763));
#1857=CARTESIAN_POINT('',(-1.45927874119856,0.0468477368476428,20.6780488579583));
#1858=CARTESIAN_POINT('',(-1.45640127394577,0.0372706714197997,20.6780488579583));
#1859=CARTESIAN_POINT('',(-1.39453572801087,-0.168636235278772,20.6780488579583));
#1860=CARTESIAN_POINT('',(-1.62739447362012,-0.0141049129091496,20.8565933202079));
#1861=CARTESIAN_POINT('',(-1.79838767329447,-0.0654804972380611,21.0351377824575));
#1862=CARTESIAN_POINT('',(-1.80126514054728,-0.0559034318102638,21.0351377824576));
#1863=CARTESIAN_POINT('',(-1.73652212735957,-0.271387403936676,21.0351377824575));
#1864=CARTESIAN_POINT('',(-1.56552892768524,-0.22001181960773,20.8565933202079));
#1865=CARTESIAN_POINT('',(-1.63027194087291,-0.00452784748130873,20.8565933202079));
#1866=CARTESIAN_POINT('',(-1.80126514054728,-0.0559034318102638,21.0351377824576));
#1867=CARTESIAN_POINT('',(-1.54948675592843,-0.893896656746315,21.0351377824576));
#1868=CARTESIAN_POINT('',(-1.48762120999364,-1.09980356344494,21.0351377824575));
#1869=CARTESIAN_POINT('',(-1.31662801031931,-1.04842797911599,20.8565933202079));
#1870=CARTESIAN_POINT('',(-1.14563481064495,-0.99705239478704,20.6780488579583));
#1871=CARTESIAN_POINT('',(-1.45927874119856,0.0468477368476428,20.6780488579583));
#1872=CARTESIAN_POINT('',(-1.20750035657982,-0.791145488088441,20.6780488579583));
#1873=CARTESIAN_POINT('',(-1.3784935562542,-0.8425210724174,20.8565933202079));
#1874=CARTESIAN_POINT('',(-1.63027194087291,-0.00452784748130873,20.8565933202079));
#1875=CARTESIAN_POINT('',(-0.898267237209101,0.215405865987345,21.2638352955852));
#1876=CARTESIAN_POINT('',(-0.895389769956316,0.205828800559507,21.2638352955852));
#1877=CARTESIAN_POINT('',(-0.833524224021433,-7.81061390743147E-5,21.2638352955852));
#1878=CARTESIAN_POINT('',(-1.45640127394574,0.0372706714197083,20.6780488579583));
#1879=CARTESIAN_POINT('',(-1.39453572801089,-0.168636235278778,20.6780488579583));
#1880=CARTESIAN_POINT('',(-1.45927874119855,0.0468477368476355,20.6780488579583));
#1881=CARTESIAN_POINT('',(-0.584623306655504,-0.828494265647321,21.2638352955852));
#1882=CARTESIAN_POINT('',(-0.584623306655503,-0.828494265647327,21.2638352955852));
#1883=CARTESIAN_POINT('',(-0.898267237209101,0.215405865987345,21.2638352955852));
#1884=CARTESIAN_POINT('',(-0.646488852590388,-0.622587358948743,21.2638352955852));
#1885=CARTESIAN_POINT('',(-1.20750035657984,-0.791145488088448,20.6780488579583));
#1886=CARTESIAN_POINT('',(-1.45927874119855,0.0468477368476355,20.6780488579583));
#1887=CARTESIAN_POINT('',(-1.24025363655775,0.112654697329466,21.6209242200844));
#1888=CARTESIAN_POINT('',(-1.23737616930496,0.103077631901622,21.6209242200844));
#1889=CARTESIAN_POINT('',(-1.17551062337005,-0.102829274796951,21.6209242200844));
#1890=CARTESIAN_POINT('',(-1.06638296963065,0.154453216230561,21.4423797578348));
#1891=CARTESIAN_POINT('',(-1.00451742369577,-0.0514536904680201,21.4423797578348));
#1892=CARTESIAN_POINT('',(-1.06926043688344,0.164030281658404,21.4423797578348));
#1893=CARTESIAN_POINT('',(-0.755616506329838,-0.879869849976274,21.4423797578348));
#1894=CARTESIAN_POINT('',(-0.926609706004147,-0.931245434305214,21.6209242200844));
#1895=CARTESIAN_POINT('',(-1.24025363655775,0.112654697329466,21.6209242200844));
#1896=CARTESIAN_POINT('',(-0.988475251939026,-0.725338527606625,21.6209242200844));
#1897=CARTESIAN_POINT('',(-0.817482052264723,-0.673962943277689,21.4423797578348));
#1898=CARTESIAN_POINT('',(-1.06926043688344,0.164030281658404,21.4423797578348));
#1899=CARTESIAN_POINT('',(-1.62739447362012,-0.0141049129091532,20.8565933202079));
#1900=CARTESIAN_POINT('',(-1.56552892768524,-0.220011819607731,20.8565933202079));
#1901=CARTESIAN_POINT('',(-1.63027194087291,-0.00452784748130559,20.8565933202079));
#1902=CARTESIAN_POINT('',(-1.31662801031931,-1.04842797911599,20.8565933202079));
#1903=CARTESIAN_POINT('',(-1.3784935562542,-0.842521072417399,20.8565933202079));
#1904=CARTESIAN_POINT('',(-1.63027194087291,-0.00452784748130559,20.8565933202079));
#1905=CARTESIAN_POINT('',(-1.23737616930497,0.103077631901661,21.6209242200844));
#1906=CARTESIAN_POINT('',(-1.17551062337008,-0.102829274796959,21.6209242200844));
#1907=CARTESIAN_POINT('',(-1.24025363655775,0.112654697329461,21.6209242200844));
#1908=CARTESIAN_POINT('',(-1.48762120999361,-1.09980356344493,21.0351377824575));
#1909=CARTESIAN_POINT('',(-0.988475251939037,-0.725338527606628,21.6209242200844));
#1910=CARTESIAN_POINT('',(-1.24025363655775,0.112654697329461,21.6209242200844));
#1911=CARTESIAN_POINT('',(3.13570936937165,1.03586967540182,25.7203757840135));
#1912=CARTESIAN_POINT('',(-0.580865484503414,-0.0807899647695687,22.567576614457));
#1913=CARTESIAN_POINT('',(0.116252976603225,0.128662038901104,21.8396725750004));
#1914=CARTESIAN_POINT('',(-0.655196981580912,-0.103123157572996,22.5045206310659));
#1915=CARTESIAN_POINT('',(0.393046166674055,0.211825649531499,22.856593320208));
#1916=CARTESIAN_POINT('',(0.0558638487478568,0.11051788617109,21.7620585108201));
#1917=CARTESIAN_POINT('',(0.393046166674055,0.211825649531499,22.856593320208));
#1918=CARTESIAN_POINT('',(-0.554485627733426,-0.438320447547432,22.5045206310659));
#1919=CARTESIAN_POINT('',(-0.480154130655928,-0.415987254744005,22.567576614457));
#1920=CARTESIAN_POINT('',(3.23642072321913,0.700672385427381,25.7203757840135));
#1921=CARTESIAN_POINT('',(0.21696433045071,-0.206535251073332,21.8396725750004));
#1922=CARTESIAN_POINT('',(0.156575202595342,-0.224679403803346,21.7620585108201));
#1923=CARTESIAN_POINT('',(0.493757520521541,-0.123371640442937,22.856593320208));
#1924=CARTESIAN_POINT('',(0.493757520521541,-0.123371640442937,22.856593320208));
#1925=CARTESIAN_POINT('',(0.597874760071085,-0.243690713080641,23.4278970808834));
#1926=CARTESIAN_POINT('',(0.624962791702658,-0.235552006652295,23.4561813521308));
#1927=CARTESIAN_POINT('',(0.602211411354222,-0.242387749020513,23.4676399511912));
#1928=CARTESIAN_POINT('',(0.535535397876003,-0.262420821444984,22.856593320208));
#1929=CARTESIAN_POINT('',(1.12073875431476,-0.0865941543871011,22.9262138255503));
#1930=CARTESIAN_POINT('',(1.08267674739191,-0.0980300351713538,22.9216856626012));
#1931=CARTESIAN_POINT('',(1.10976477902349,-0.0898913287430069,22.9499699338487));
#1932=CARTESIAN_POINT('',(0.624962791702657,-0.235552006652295,23.4561813521308));
#1933=CARTESIAN_POINT('',(0.65071657688838,-0.22781417985498,22.7079586802872));
#1934=CARTESIAN_POINT('',(0.650716576888378,-0.227814179854981,22.8950054349619));
#1935=CARTESIAN_POINT('',(0.65071657688838,-0.22781417985498,22.7030084277982));
#1936=CARTESIAN_POINT('',(0.535535397876382,-0.262420821444871,22.8565933202081));
#1937=CARTESIAN_POINT('',(0.420354218865003,-0.297027463034575,22.7030084277977));
#1938=CARTESIAN_POINT('',(0.420354218865002,-0.297027463034575,22.8950054349619));
#1939=CARTESIAN_POINT('',(0.420354218865002,-0.297027463034575,22.8950054349619));
#1940=CARTESIAN_POINT('',(0.420354218865002,-0.297027463034575,22.8950054349619));
#1941=CARTESIAN_POINT('',(0.420354218864993,-0.297027463034578,22.9333963608478));
#1942=CARTESIAN_POINT('',(0.420354218864983,-0.297027463034581,22.9717872867338));
#1943=CARTESIAN_POINT('',(0.420354218864974,-0.297027463034584,23.0101782126197));
#1944=CARTESIAN_POINT('',(0.420354218864974,-0.297027463034584,23.0101782126197));
#1945=CARTESIAN_POINT('',(0.535535397876382,-0.262420821444871,22.8565933202081));
#1946=CARTESIAN_POINT('',(0.650716576888395,-0.227814179854976,23.010178212618));
#1947=CARTESIAN_POINT('',(0.65071657688839,-0.227814179854977,23.010178212618));
#1948=CARTESIAN_POINT('',(0.650716576888386,-0.227814179854978,22.9717872867327));
#1949=CARTESIAN_POINT('',(0.650716576888382,-0.227814179854979,22.9333963608473));
#1950=CARTESIAN_POINT('',(0.650716576888378,-0.227814179854981,22.8950054349619));
#1951=CARTESIAN_POINT('',(0.535535397876687,-0.262420821444779,22.8565933202079));
#1952=CARTESIAN_POINT('',(0.236087110308593,0.316268188943952,22.7079586802865));
#1953=CARTESIAN_POINT('',(0.236087110308593,0.316268188943952,22.8950054349619));
#1954=CARTESIAN_POINT('',(0.236087110308593,0.316268188943952,22.7030084277977));
#1955=CARTESIAN_POINT('',(0.351268289319972,0.350874830533657,22.8565933202081));
#1956=CARTESIAN_POINT('',(0.46644946833197,0.385481472123547,22.7030084277982));
#1957=CARTESIAN_POINT('',(0.466449468331969,0.385481472123547,22.8950054349619));
#1958=CARTESIAN_POINT('',(0.466449468331969,0.385481472123547,22.8950054349619));
#1959=CARTESIAN_POINT('',(0.466449468331969,0.385481472123547,22.8950054349619));
#1960=CARTESIAN_POINT('',(0.466449468331973,0.385481472123548,22.9333963608473));
#1961=CARTESIAN_POINT('',(0.466449468331978,0.38548147212355,22.9717872867327));
#1962=CARTESIAN_POINT('',(0.466449468331983,0.385481472123551,23.010178212618));
#1963=CARTESIAN_POINT('',(0.466449468331976,0.385481472123549,23.010178212618));
#1964=CARTESIAN_POINT('',(0.351268289319972,0.350874830533657,22.8565933202081));
#1965=CARTESIAN_POINT('',(0.236087110308563,0.316268188943943,23.0101782126185));
#1966=CARTESIAN_POINT('',(0.236087110308563,0.316268188943943,23.0101782126185));
#1967=CARTESIAN_POINT('',(0.236087110308573,0.316268188943946,22.971787286733));
#1968=CARTESIAN_POINT('',(0.236087110308583,0.316268188943949,22.9333963608474));
#1969=CARTESIAN_POINT('',(0.236087110308592,0.316268188943952,22.8950054349619));
#1970=CARTESIAN_POINT('',(0.898409638835505,0.515265616807173,22.9216856626012));
#1971=CARTESIAN_POINT('',(0.925497670467079,0.52340432323552,22.9499699338487));
#1972=CARTESIAN_POINT('',(0.936471645758351,0.526701497591426,22.9262138255503));
#1973=CARTESIAN_POINT('',(0.351268289319593,0.350874830533543,22.856593320208));
#1974=CARTESIAN_POINT('',(0.417944302797812,0.370907902958015,23.4676399511912));
#1975=CARTESIAN_POINT('',(0.413607651514676,0.369604938897886,23.4278970808834));
#1976=CARTESIAN_POINT('',(0.440695683146249,0.377743645326233,23.4561813521308));
#1977=CARTESIAN_POINT('',(0.925497670467079,0.52340432323552,22.9499699338487));
#1978=CARTESIAN_POINT('',(0.351268289320286,0.350874830533751,22.8565933202079));
#1979=CARTESIAN_POINT('',(1.24850988522842,-3.0186226414399,22.7079586802865));
#1980=CARTESIAN_POINT('',(0.24854164298922,0.309568590768895,22.7079586802865));
#1981=CARTESIAN_POINT('',(0.427053817040059,-0.284572930353949,22.7079586802865));
#1982=CARTESIAN_POINT('',(0.532657930623596,-0.252843756017029,22.8565933202081));
#1983=CARTESIAN_POINT('',(0.638262044207754,-0.221114581679925,22.7079586802872));
#1984=CARTESIAN_POINT('',(1.45971811239611,-2.95516429276588,22.7079586802872));
#1985=CARTESIAN_POINT('',(0.459749870156915,0.37302693944292,22.7079586802872));
#1986=CARTESIAN_POINT('',(0.354145756572757,0.341297765105815,22.8565933202081));
#1987=CARTESIAN_POINT('',(1.35411399881195,-2.98689346710298,22.8565933202081));
#1988=CARTESIAN_POINT('',(0.638262044207752,-0.221114581679925,22.8950054349619));
#1989=CARTESIAN_POINT('',(0.638262044207753,-0.221114581679926,22.8950054349619));
#1990=CARTESIAN_POINT('',(1.45971811239611,-2.95516429276588,22.8950054349619));
#1991=CARTESIAN_POINT('',(0.459749870156913,0.373026939442919,22.8950054349619));
#1992=CARTESIAN_POINT('',(0.459749870156914,0.37302693944292,22.7079586802872));
#1993=CARTESIAN_POINT('',(1.45971811239611,-2.95516429276588,22.8181812054539));
#1994=CARTESIAN_POINT('',(0.638262044207752,-0.221114581679925,22.8950054349619));
#1995=CARTESIAN_POINT('',(0.638262044207752,-0.221114581679925,22.9044961719034));
#1996=CARTESIAN_POINT('',(0.638263157156175,-0.221114247290162,22.9236573339334));
#1997=CARTESIAN_POINT('',(0.638265535567558,-0.221113532687038,22.9513209479225));
#1998=CARTESIAN_POINT('',(0.638267495312423,-0.221112943873929,22.9785476766319));
#1999=CARTESIAN_POINT('',(0.638262044207752,-0.221114581679926,22.9963014143002));
#2000=CARTESIAN_POINT('',(0.638262044207752,-0.221114581679926,23.0052279601289));
#2001=CARTESIAN_POINT('',(0.638262044207752,-0.221114581679926,23.0052279601289));
#2002=CARTESIAN_POINT('',(1.45971811239611,-2.95516429276588,23.0052279601289));
#2003=CARTESIAN_POINT('',(0.459749870156912,0.373026939442922,23.0052279601289));
#2004=CARTESIAN_POINT('',(0.459749870156909,0.373026939442933,23.0052279601289));
#2005=CARTESIAN_POINT('',(0.459749870156909,0.373026939442933,22.9963014143002));
#2006=CARTESIAN_POINT('',(0.459755321261579,0.37302857724893,22.9785476766319));
#2007=CARTESIAN_POINT('',(0.459753361516715,0.37302798843582,22.9513209479225));
#2008=CARTESIAN_POINT('',(0.459750983105331,0.373027273832696,22.9236573339334));
#2009=CARTESIAN_POINT('',(0.459749870156909,0.373026939442934,22.9044961719034));
#2010=CARTESIAN_POINT('',(0.459749870156909,0.373026939442934,22.8950054349619));
#2011=CARTESIAN_POINT('',(1.45971811239611,-2.95516429276588,22.8950054349619));
#2012=CARTESIAN_POINT('',(1.45971811239611,-2.95516429276588,22.9044961719034));
#2013=CARTESIAN_POINT('',(1.45971922534453,-2.95516395837611,22.9236573339334));
#2014=CARTESIAN_POINT('',(1.45972160375591,-2.95516324377299,22.9513209479225));
#2015=CARTESIAN_POINT('',(1.45972356350078,-2.95516265495988,22.9785476766319));
#2016=CARTESIAN_POINT('',(1.45971811239611,-2.95516429276588,22.9963014143002));
#2017=CARTESIAN_POINT('',(1.45971811239611,-2.95516429276588,23.0052279601289));
#2018=CARTESIAN_POINT('',(0.532657930623597,-0.25284375601703,22.8565933202081));
#2019=CARTESIAN_POINT('',(0.427053817040047,-0.284572930353913,23.0052279601296));
#2020=CARTESIAN_POINT('',(1.24850988522841,-3.0186226414399,23.0052279601296));
#2021=CARTESIAN_POINT('',(0.248541642989224,0.309568590768879,23.0052279601296));
#2022=CARTESIAN_POINT('',(0.354145756572757,0.341297765105816,22.8565933202081));
#2023=CARTESIAN_POINT('',(1.35411399881195,-2.98689346710298,22.8565933202081));
#2024=CARTESIAN_POINT('',(0.427053817040047,-0.284572930353913,23.0052279601294));
#2025=CARTESIAN_POINT('',(0.427053817040047,-0.284572930353913,22.9963014240527));
#2026=CARTESIAN_POINT('',(0.427048781212739,-0.28457444338818,22.9785477007903));
#2027=CARTESIAN_POINT('',(0.427050411627179,-0.284573953523702,22.9513210240519));
#2028=CARTESIAN_POINT('',(0.427052420320467,-0.284573350003845,22.923657282994));
#2029=CARTESIAN_POINT('',(0.427053817040047,-0.284572930353913,22.9044961657147));
#2030=CARTESIAN_POINT('',(0.427053817040047,-0.284572930353913,22.8950054349619));
#2031=CARTESIAN_POINT('',(0.427053817040058,-0.28457293035395,22.8950054349619));
#2032=CARTESIAN_POINT('',(1.24850988522841,-3.0186226414399,22.8950054349619));
#2033=CARTESIAN_POINT('',(0.248541642989219,0.309568590768895,22.8950054349619));
#2034=CARTESIAN_POINT('',(0.248541642989219,0.309568590768896,22.8950054349619));
#2035=CARTESIAN_POINT('',(0.248541642989219,0.309568590768896,22.9044961657147));
#2036=CARTESIAN_POINT('',(0.248540246269638,0.309568171118964,22.923657282994));
#2037=CARTESIAN_POINT('',(0.248538237576351,0.309567567599107,22.9513210240519));
#2038=CARTESIAN_POINT('',(0.248536607161911,0.309567077734628,22.9785477007903));
#2039=CARTESIAN_POINT('',(0.248541642989218,0.309568590768895,22.9963014240527));
#2040=CARTESIAN_POINT('',(0.248541642989218,0.309568590768895,23.0052279601294));
#2041=CARTESIAN_POINT('',(1.24850988522841,-3.0186226414399,23.0052279601294));
#2042=CARTESIAN_POINT('',(1.24850988522841,-3.0186226414399,22.9963014240527));
#2043=CARTESIAN_POINT('',(1.24850484940111,-3.01862415447417,22.9785477007903));
#2044=CARTESIAN_POINT('',(1.24850647981555,-3.01862366460969,22.9513210240519));
#2045=CARTESIAN_POINT('',(1.24850848850883,-3.01862306108983,22.923657282994));
#2046=CARTESIAN_POINT('',(1.24850988522841,-3.0186226414399,22.9044961657147));
#2047=CARTESIAN_POINT('',(1.24850988522841,-3.0186226414399,22.8950054349619));
#2048=CARTESIAN_POINT('',(1.94883285698104,-2.80820782984915,22.9273458662876));
#2049=CARTESIAN_POINT('',(0.948864614741849,0.519983402359649,22.9273458662876));
#2050=CARTESIAN_POINT('',(1.12737678879269,-0.0741581187631952,22.9273458662876));
#2051=CARTESIAN_POINT('',(0.532657930623218,-0.252843756017144,22.856593320208));
#2052=CARTESIAN_POINT('',(0.60041810692222,-0.23248494257764,23.4775756687682));
#2053=CARTESIAN_POINT('',(1.42187417511058,-2.96653465366359,23.4775756687682));
#2054=CARTESIAN_POINT('',(0.421905932871381,0.361656578545205,23.4775756687682));
#2055=CARTESIAN_POINT('',(0.354145756572379,0.341297765105701,22.856593320208));
#2056=CARTESIAN_POINT('',(1.35411399881157,-2.98689346710309,22.856593320208));
#2057=CARTESIAN_POINT('',(1.45031340054612,-2.95798997570332,23.4632524199427));
#2058=CARTESIAN_POINT('',(0.450345158306928,0.370201256505478,23.4632524199427));
#2059=CARTESIAN_POINT('',(0.628857332357767,-0.223940264617365,23.4632524199427));
#2060=CARTESIAN_POINT('',(1.1136593196786,-0.0782795867080773,22.9570410016605));
#2061=CARTESIAN_POINT('',(1.1136593196786,-0.0782795867080771,22.9570410016605));
#2062=CARTESIAN_POINT('',(1.93511538786696,-2.81232929779403,22.9570410016605));
#2063=CARTESIAN_POINT('',(0.93514714562776,0.515861934414766,22.9570410016605));
#2064=CARTESIAN_POINT('',(0.450345158306928,0.370201256505479,23.4632524199427));
#2065=CARTESIAN_POINT('',(1.43876409766094,-2.9614600095143,23.4753117537461));
#2066=CARTESIAN_POINT('',(0.427053817040059,-0.284572930353949,22.7079586802865));
#2067=CARTESIAN_POINT('',(0.248541642989219,0.309568590768896,22.8950054349619));
#2068=CARTESIAN_POINT('',(1.24850988522841,-3.0186226414399,22.8950054349619));
#2069=CARTESIAN_POINT('',(0.00834795462377644,0.487801992445141,21.8396725750004));
#2070=CARTESIAN_POINT('',(0.0112254218765424,0.478224927017364,21.8396725750004));
#2071=CARTESIAN_POINT('',(3.03068181464498,1.38543256351801,25.7203757840135));
#2072=CARTESIAN_POINT('',(-0.685893039230076,0.268772923346627,22.567576614457));
#2073=CARTESIAN_POINT('',(-0.688770506482861,0.278349988774468,22.567576614457));
#2074=CARTESIAN_POINT('',(3.0278043473922,1.39500962894585,25.7203757840135));
#2075=CARTESIAN_POINT('',(-0.688770506482861,0.278349988774468,22.567576614457));
#2076=CARTESIAN_POINT('',(-0.37512657592927,-0.765550142860185,22.567576614457));
#2077=CARTESIAN_POINT('',(3.3414482779458,0.35110949731118,25.7203757840135));
#2078=CARTESIAN_POINT('',(0.321991885177375,-0.556098139189533,21.8396725750004));
#2079=CARTESIAN_POINT('',(0.00834795462377644,0.487801992445141,21.8396725750004));
#2080=CARTESIAN_POINT('',(3.0278043473922,1.39500962894585,25.7203757840135));
#2081=CARTESIAN_POINT('',(-1.63027194087291,-0.00452784748131643,20.8565933202079));
#2082=CARTESIAN_POINT('',(-1.21379345453741,0.120604763854527,20.4217226497782));
#2083=CARTESIAN_POINT('',(-2.04675042720836,-0.129660458817147,21.2914639906376));
#2084=CARTESIAN_POINT('',(2.61132586105669,1.26987701761001,26.1552464544432));
#2085=CARTESIAN_POINT('',(-0.824050074731403,0.237704706507261,22.5681602413727));
#2086=CARTESIAN_POINT('',(-0.76310200356036,0.256016795971041,22.5045206310659));
#2087=CARTESIAN_POINT('',(-0.696203656190611,0.276116669494125,22.5612710161179));
#2088=CARTESIAN_POINT('',(3.0278043473922,1.39500962894585,25.7203757840135));
#2089=CARTESIAN_POINT('',(0.00230904183828156,0.485987577172152,21.8319111685824));
#2090=CARTESIAN_POINT('',(-0.0520411732315913,0.469657839715127,21.7620585108201));
#2091=CARTESIAN_POINT('',(0.00890689793945212,0.487969929178907,21.6984189005133));
#2092=CARTESIAN_POINT('',(3.4442828337276,1.52014224028167,25.2855051135839));
#2093=CARTESIAN_POINT('',(-1.63027194087291,-0.00452784748131585,20.8565933202079));
#2094=CARTESIAN_POINT('',(-1.80803714845508,-0.0579381084173301,21.0422088502693));
#2095=CARTESIAN_POINT('',(-1.45250673329066,0.0488824134547226,20.6709777901464));
#2096=CARTESIAN_POINT('',(3.20556955497434,1.44841988988186,25.5347602539521));
#2097=CARTESIAN_POINT('',(-0.891495229301261,0.217440542594416,21.2567642277734));
#2098=CARTESIAN_POINT('',(-1.06926043688344,0.1640302816584,21.4423797578348));
#2099=CARTESIAN_POINT('',(-1.24702564446564,0.110620020722375,21.6279952878963));
#2100=CARTESIAN_POINT('',(2.85003913981004,1.34159936800984,25.9059913140749));
#2101=CARTESIAN_POINT('',(3.0278043473922,1.39500962894585,25.7203757840135));
#2102=CARTESIAN_POINT('',(-0.752739039077052,-0.889446915404115,21.4423797578348));
#2103=CARTESIAN_POINT('',(-0.930504246659255,-0.94285717634014,21.6279952878963));
#2104=CARTESIAN_POINT('',(-0.574973831494877,-0.836036654468099,21.2567642277734));
#2105=CARTESIAN_POINT('',(-1.13598533548427,-1.00459478360779,20.6709777901464));
#2106=CARTESIAN_POINT('',(-1.13598533548427,-1.00459478360779,20.6709777901464));
#2107=CARTESIAN_POINT('',(-1.31375054306652,-1.05800504454383,20.8565933202079));
#2108=CARTESIAN_POINT('',(-1.49151575064872,-1.11141530547985,21.0422088502694));
#2109=CARTESIAN_POINT('',(-0.930504246659245,-0.942857176340137,21.6279952878963));
#2110=CARTESIAN_POINT('',(-0.446580605753977,-0.797460401091474,22.5045206310659));
#2111=CARTESIAN_POINT('',(-0.379682258384243,-0.777360527568394,22.5612710161179));
#2112=CARTESIAN_POINT('',(-0.507528676925019,-0.815772490555254,22.5681602413727));
#2113=CARTESIAN_POINT('',(-1.73022902940193,-1.18313765587965,21.2914639906376));
#2114=CARTESIAN_POINT('',(-1.73022902940199,-1.18313765587966,21.2914639906376));
#2115=CARTESIAN_POINT('',(-1.31375054306653,-1.05800504454383,20.8565933202079));
#2116=CARTESIAN_POINT('',(-0.897272056731076,-0.932872433208001,20.4217226497782));
#2117=CARTESIAN_POINT('',(0.325428295745838,-0.565507267883607,21.6984189005133));
#2118=CARTESIAN_POINT('',(0.325428295745838,-0.565507267883607,21.6984189005133));
#2119=CARTESIAN_POINT('',(0.264480224574792,-0.583819357347388,21.7620585108201));
#2120=CARTESIAN_POINT('',(0.318830439644624,-0.567489619890375,21.8319111685824));
#2121=CARTESIAN_POINT('',(3.34432574519858,0.341532431883339,25.7203757840135));
#2122=CARTESIAN_POINT('',(3.34432574519858,0.341532431883339,25.7203757840135));
#2123=CARTESIAN_POINT('',(7.29667835022632,2.44267346971421,13.4931568283369));
#2124=CARTESIAN_POINT('',(5.9683298698475,2.04356590577656,12.1061469030237));
#2125=CARTESIAN_POINT('',(7.48371372165726,1.82016421690451,13.493156828337));
#2126=CARTESIAN_POINT('',(7.48371372165736,1.82016421690453,13.4931568283369));
#2127=CARTESIAN_POINT('',(7.39019603594174,2.13141884330934,13.493156828337));
#2128=CARTESIAN_POINT('',(1.07979928013913,-0.0884529697435117,22.9216856626012));
#2129=CARTESIAN_POINT('',(0.90128710608829,0.505688551379333,22.9216856626012));
#2130=CARTESIAN_POINT('',(1.90125534832749,-2.82250268082946,22.9216856626012));
#2131=CARTESIAN_POINT('',(0.5949972928183,-0.2341136476528,23.4278970808834));
#2132=CARTESIAN_POINT('',(0.416485118767461,0.360027873470045,23.4278970808834));
#2133=CARTESIAN_POINT('',(1.41645336100666,-2.96816335873875,23.4278970808834));
#2134=CARTESIAN_POINT('',(0.261602757322007,-0.574242291919547,21.7620585108201));
#2135=CARTESIAN_POINT('',(-0.0520411732315913,0.469657839715127,21.7620585108201));
#2136=CARTESIAN_POINT('',(-0.049163705978806,0.460080774287286,21.7620585108201));
#2137=CARTESIAN_POINT('',(-0.0520411732315913,0.469657839715127,21.7620585108201));
#2138=CARTESIAN_POINT('',(-0.760224536307575,0.2464397305432,22.5045206310659));
#2139=CARTESIAN_POINT('',(-0.76310200356036,0.256016795971041,22.5045206310659));
#2140=CARTESIAN_POINT('',(-0.449458073006762,-0.787883335663633,22.5045206310659));
#2141=CARTESIAN_POINT('',(-0.76310200356036,0.256016795971041,22.5045206310659));
#2142=CARTESIAN_POINT('',(1.1136593196786,-0.0782795867080774,22.9570410016605));
#2143=CARTESIAN_POINT('',(0.624962791702658,-0.235552006652295,23.4561813521308));
#2144=CARTESIAN_POINT('',(0.867363785363478,-0.162721667697529,23.2030756429893));
#2145=CARTESIAN_POINT('',(0.602211411354222,-0.242387749020513,23.4676399511912));
#2146=CARTESIAN_POINT('',(0.597874760071085,-0.243690713080641,23.4278970808834));
#2147=CARTESIAN_POINT('',(1.12737678879269,-0.0741581187631957,22.9273458662876));
#2148=CARTESIAN_POINT('',(1.08267674739191,-0.098030035171354,22.9216856626012));
#2149=CARTESIAN_POINT('',(0.535535397876003,-0.262420821444985,22.856593320208));
#2150=CARTESIAN_POINT('',(0.427053817040047,-0.284572930353913,23.0052279601296));
#2151=CARTESIAN_POINT('',(0.424820617648337,-0.288724441247487,23.0068781188192));
#2152=CARTESIAN_POINT('',(0.422587418256652,-0.29287595214104,23.0085282184041));
#2153=CARTESIAN_POINT('',(0.420354218864974,-0.297027463034584,23.0101782126185));
#2154=CARTESIAN_POINT('',(0.65071657688839,-0.227814179854977,23.010178212618));
#2155=CARTESIAN_POINT('',(0.646565065994851,-0.225580980463292,23.0085282207624));
#2156=CARTESIAN_POINT('',(0.642413555101309,-0.223347781071611,23.0068781206309));
#2157=CARTESIAN_POINT('',(0.638262044207755,-0.221114581679937,23.0052279601291));
#2158=CARTESIAN_POINT('',(0.535535397876382,-0.262420821444871,22.8565933202081));
#2159=CARTESIAN_POINT('',(0.650716576888379,-0.22781417985498,22.8950054349619));
#2160=CARTESIAN_POINT('',(0.646565065994837,-0.225580980463295,22.8950054349619));
#2161=CARTESIAN_POINT('',(0.642413555101295,-0.22334778107161,22.8950054349619));
#2162=CARTESIAN_POINT('',(0.638262044207752,-0.221114581679925,22.8950054349619));
#2163=CARTESIAN_POINT('',(0.650716576888378,-0.227814179854981,23.0159368552549));
#2164=CARTESIAN_POINT('',(0.650716576888378,-0.227814179854981,22.9756263817851));
#2165=CARTESIAN_POINT('',(0.650716576890269,-0.227814179854412,22.9353159083669));
#2166=CARTESIAN_POINT('',(0.650716576888378,-0.227814179854981,22.8950054349619));
#2167=CARTESIAN_POINT('',(0.638262044207751,-0.221114581679925,23.0159368552549));
#2168=CARTESIAN_POINT('',(0.638262044207753,-0.221114581679925,22.97562270548));
#2169=CARTESIAN_POINT('',(0.638262044207924,-0.221114581680497,22.9353197859118));
#2170=CARTESIAN_POINT('',(0.638262044207752,-0.221114581679925,22.8950054349619));
#2171=CARTESIAN_POINT('',(0.427053817040058,-0.284572930353949,22.8950054349619));
#2172=CARTESIAN_POINT('',(0.424820617648373,-0.288724441247491,22.8950054349619));
#2173=CARTESIAN_POINT('',(0.422587418256688,-0.292875952141033,22.8950054349619));
#2174=CARTESIAN_POINT('',(0.420354218865002,-0.297027463034575,22.8950054349619));
#2175=CARTESIAN_POINT('',(0.420354218865002,-0.297027463034575,22.8950054349619));
#2176=CARTESIAN_POINT('',(0.420354218860715,-0.297027463035863,22.9353159076314));
#2177=CARTESIAN_POINT('',(0.420354218865002,-0.297027463034575,22.9756263803086));
#2178=CARTESIAN_POINT('',(0.420354218865002,-0.297027463034575,23.0159368530151));
#2179=CARTESIAN_POINT('',(0.427053817040058,-0.284572930353949,22.8950054349619));
#2180=CARTESIAN_POINT('',(0.427053817039554,-0.284572930352266,22.9353196085029));
#2181=CARTESIAN_POINT('',(0.427053817040057,-0.284572930353949,22.9756228106977));
#2182=CARTESIAN_POINT('',(0.427053817040057,-0.284572930353949,23.0159368530151));
#2183=CARTESIAN_POINT('',(0.65071657688838,-0.22781417985498,22.7030084277982));
#2184=CARTESIAN_POINT('',(0.646557803119724,-0.225577073584883,22.7046347599428));
#2185=CARTESIAN_POINT('',(0.642405967206467,-0.223343699357132,22.7062841843842));
#2186=CARTESIAN_POINT('',(0.638262044207754,-0.221114581679925,22.7079586802872));
#2187=CARTESIAN_POINT('',(0.650716576888379,-0.22781417985498,22.8565933202079));
#2188=CARTESIAN_POINT('',(0.427053817040059,-0.284572930353949,22.7079586802865));
#2189=CARTESIAN_POINT('',(0.424824699362862,-0.288716853352641,22.7062841843835));
#2190=CARTESIAN_POINT('',(0.422591325135089,-0.29286868926594,22.7046347599423));
#2191=CARTESIAN_POINT('',(0.420354218865003,-0.297027463034575,22.7030084277977));
#2192=CARTESIAN_POINT('',(0.420354218865003,-0.297027463034575,22.8565933202079));
#2193=CARTESIAN_POINT('',(0.535535397876382,-0.262420821444871,22.8565933202081));
#2194=CARTESIAN_POINT('',(0.236087110308563,0.316268188943943,23.0101782126185));
#2195=CARTESIAN_POINT('',(0.2402386212021,0.314034989552255,23.0085282184041));
#2196=CARTESIAN_POINT('',(0.244390132095647,0.311801790160566,23.0068781188192));
#2197=CARTESIAN_POINT('',(0.248541642989223,0.30956859076888,23.0052279601296));
#2198=CARTESIAN_POINT('',(0.459749870156909,0.373026939442934,23.0052279601292));
#2199=CARTESIAN_POINT('',(0.461983069548613,0.377178450336472,23.006878120631));
#2200=CARTESIAN_POINT('',(0.464216268940301,0.381329961230011,23.0085282207624));
#2201=CARTESIAN_POINT('',(0.466449468331983,0.385481472123551,23.010178212618));
#2202=CARTESIAN_POINT('',(0.354145756572757,0.341297765105816,22.8565933202081));
#2203=CARTESIAN_POINT('',(0.459749870156913,0.37302693944292,22.8950054349619));
#2204=CARTESIAN_POINT('',(0.461983069548598,0.377178450336462,22.8950054349619));
#2205=CARTESIAN_POINT('',(0.464216268940284,0.381329961230005,22.8950054349619));
#2206=CARTESIAN_POINT('',(0.466449468331969,0.385481472123547,22.8950054349619));
#2207=CARTESIAN_POINT('',(0.459749870156912,0.37302693944292,23.0159368551974));
#2208=CARTESIAN_POINT('',(0.459749870156913,0.37302693944292,22.9756227054565));
#2209=CARTESIAN_POINT('',(0.459749870156724,0.373026939443548,22.9353197859025));
#2210=CARTESIAN_POINT('',(0.459749870156913,0.37302693944292,22.8950054349619));
#2211=CARTESIAN_POINT('',(0.466449468331968,0.385481472123546,23.0159368551974));
#2212=CARTESIAN_POINT('',(0.466449468331968,0.385481472123546,22.9756263817616));
#2213=CARTESIAN_POINT('',(0.466449468334342,0.38548147212426,22.9353159083576));
#2214=CARTESIAN_POINT('',(0.466449468331969,0.385481472123547,22.8950054349619));
#2215=CARTESIAN_POINT('',(0.236087110308593,0.316268188943952,22.8950054349619));
#2216=CARTESIAN_POINT('',(0.240238621202135,0.314034989552267,22.8950054349619));
#2217=CARTESIAN_POINT('',(0.244390132095677,0.311801790160581,22.8950054349619));
#2218=CARTESIAN_POINT('',(0.248541642989219,0.309568590768896,22.8950054349619));
#2219=CARTESIAN_POINT('',(0.248541642989218,0.309568590768896,22.8950054349619));
#2220=CARTESIAN_POINT('',(0.248541642989448,0.309568590768142,22.9353196084965));
#2221=CARTESIAN_POINT('',(0.248541642989218,0.309568590768896,22.9756228106892));
#2222=CARTESIAN_POINT('',(0.248541642989218,0.309568590768896,23.0159368530206));
#2223=CARTESIAN_POINT('',(0.236087110308592,0.316268188943952,22.8950054349619));
#2224=CARTESIAN_POINT('',(0.236087110304224,0.316268188942639,22.935315907625));
#2225=CARTESIAN_POINT('',(0.236087110308592,0.316268188943952,22.9756263803));
#2226=CARTESIAN_POINT('',(0.236087110308592,0.316268188943952,23.0159368530206));
#2227=CARTESIAN_POINT('',(0.459749870156915,0.37302693944292,22.7079586802872));
#2228=CARTESIAN_POINT('',(0.461978987834123,0.377170862441632,22.7062841843842));
#2229=CARTESIAN_POINT('',(0.464212362061873,0.381322698354891,22.7046347599428));
#2230=CARTESIAN_POINT('',(0.46644946833197,0.385481472123547,22.7030084277982));
#2231=CARTESIAN_POINT('',(0.459749870156913,0.37302693944292,22.8181812054539));
#2232=CARTESIAN_POINT('',(0.236087110308593,0.316268188943952,22.7030084277977));
#2233=CARTESIAN_POINT('',(0.240245884077228,0.314031082673866,22.7046347599423));
#2234=CARTESIAN_POINT('',(0.244397719990529,0.311797708446092,22.7062841843835));
#2235=CARTESIAN_POINT('',(0.24854164298922,0.309568590768895,22.7079586802865));
#2236=CARTESIAN_POINT('',(0.248541642989219,0.309568590768896,22.8950054349619));
#2237=CARTESIAN_POINT('',(0.354145756572757,0.341297765105815,22.8565933202081));
#2238=CARTESIAN_POINT('',(0.925497670467079,0.52340432323552,22.9499699338487));
#2239=CARTESIAN_POINT('',(0.450345158306928,0.370201256505479,23.4632524199427));
#2240=CARTESIAN_POINT('',(0.43879585542174,0.366731222694493,23.4753117537461));
#2241=CARTESIAN_POINT('',(0.421905932871382,0.361656578545206,23.4775756687682));
#2242=CARTESIAN_POINT('',(0.413607651514675,0.369604938897887,23.4278970808834));
#2243=CARTESIAN_POINT('',(0.936471645758351,0.526701497591426,22.9262138255503));
#2244=CARTESIAN_POINT('',(0.898409638835505,0.515265616807173,22.9216856626012));
#2245=CARTESIAN_POINT('',(0.354145756572379,0.341297765105702,22.856593320208));
#2246=CARTESIAN_POINT('',(0.0112254218765614,0.4782249270173,21.8396725750004));
#2247=CARTESIAN_POINT('',(0.00890689793945212,0.487969929178907,21.6984189005133));
#2248=CARTESIAN_POINT('',(-0.0520411732315913,0.469657839715127,21.7620585108201));
#2249=CARTESIAN_POINT('',(-1.21379345453741,0.120604763854527,20.4217226497782));
#2250=CARTESIAN_POINT('',(3.44428283372757,1.52014224028166,25.2855051135839));
#2251=CARTESIAN_POINT('',(-0.6858930392301,0.268772923346707,22.567576614457));
#2252=CARTESIAN_POINT('',(3.0278043473922,1.39500962894585,25.7203757840135));
#2253=CARTESIAN_POINT('',(-2.04675042720836,-0.129660458817147,21.2914639906376));
#2254=CARTESIAN_POINT('',(-1.63027194087291,-0.00452784748131618,20.8565933202079));
#2255=CARTESIAN_POINT('',(-0.827944615386512,0.226092964472332,22.5752313091846));
#2256=CARTESIAN_POINT('',(-0.76310200356036,0.256016795971041,22.5045206310659));
#2257=CARTESIAN_POINT('',(2.61132586105669,1.26987701761001,26.1552464544432));
#2258=CARTESIAN_POINT('',(-1.23737616930496,0.103077631901665,21.6209242200844));
#2259=CARTESIAN_POINT('',(-1.80803714845508,-0.0579381084173301,21.0422088502693));
#2260=CARTESIAN_POINT('',(2.85003913981001,1.34159936800984,25.9059913140749));
#2261=CARTESIAN_POINT('',(-1.45250673329066,0.0488824134547226,20.6709777901464));
#2262=CARTESIAN_POINT('',(-1.63027194087291,-0.00452784748131592,20.8565933202079));
#2263=CARTESIAN_POINT('',(-0.895389769956372,0.20582880055949,21.2638352955853));
#2264=CARTESIAN_POINT('',(-1.06926043688344,0.1640302816584,21.4423797578348));
#2265=CARTESIAN_POINT('',(3.20556955497428,1.44841988988184,25.5347602539522));
#2266=CARTESIAN_POINT('',(-0.930504246659245,-0.942857176340137,21.6279952878963));
#2267=CARTESIAN_POINT('',(-1.48762120999361,-1.09980356344493,21.0351377824575));
#2268=CARTESIAN_POINT('',(-0.926609706004148,-0.931245434305212,21.6209242200844));
#2269=CARTESIAN_POINT('',(-1.14563481064496,-0.997052394787041,20.6780488579583));
#2270=CARTESIAN_POINT('',(-1.31662801031931,-1.04842797911599,20.8565933202079));
#2271=CARTESIAN_POINT('',(-0.574973831494877,-0.836036654468099,21.2567642277734));
#2272=CARTESIAN_POINT('',(-0.755616506329838,-0.879869849976275,21.4423797578348));
#2273=CARTESIAN_POINT('',(-1.14563481064495,-0.997052394787038,20.6780488579583));
#2274=CARTESIAN_POINT('',(0.318830439644624,-0.567489619890375,21.8319111685824));
#2275=CARTESIAN_POINT('',(0.329322836400945,-0.553895525848679,21.6913478327015));
#2276=CARTESIAN_POINT('',(0.264480224574792,-0.583819357347388,21.7620585108201));
#2277=CARTESIAN_POINT('',(-0.893377516075957,-0.921260691173068,20.4146515819663));
#2278=CARTESIAN_POINT('',(0.405252122029869,-0.531082271144429,21.7706302456713));
#2279=CARTESIAN_POINT('',(-0.379682258384243,-0.777360527568394,22.5612710161179));
#2280=CARTESIAN_POINT('',(3.3414482779458,0.35110949731118,25.7203757840135));
#2281=CARTESIAN_POINT('',(-1.73987850456266,-1.1755952670589,21.2985350584495));
#2282=CARTESIAN_POINT('',(-1.31662801031931,-1.04842797911599,20.8565933202079));
#2283=CARTESIAN_POINT('',(-0.507528676925019,-0.815772490555254,22.5681602413727));
#2284=CARTESIAN_POINT('',(-0.446580605753976,-0.797460401091474,22.5045206310659));
#2285=CARTESIAN_POINT('',(-1.17886700057314,-1.00703713791918,21.8843214960763));
#2286=MECHANICAL_DESIGN_GEOMETRIC_PRESENTATION_REPRESENTATION('',(#32),
#2287);
#2287=(
GEOMETRIC_REPRESENTATION_CONTEXT(3)
GLOBAL_UNCERTAINTY_ASSIGNED_CONTEXT((#2288))
GLOBAL_UNIT_ASSIGNED_CONTEXT((#2293,#2290,#2289))
REPRESENTATION_CONTEXT('valve_key_arm_revision_2',
'TOP_LEVEL_ASSEMBLY_PART')
);
#2288=UNCERTAINTY_MEASURE_WITH_UNIT(LENGTH_MEASURE(0.002),#2293,
'DISTANCE_ACCURACY_VALUE','Maximum Tolerance applied to model');
#2289=(
NAMED_UNIT(*)
SI_UNIT($,.STERADIAN.)
SOLID_ANGLE_UNIT()
);
#2290=(
CONVERSION_BASED_UNIT('DEGREE',#2291)
NAMED_UNIT(#2295)
PLANE_ANGLE_UNIT()
);
#2291=PLANE_ANGLE_MEASURE_WITH_UNIT(PLANE_ANGLE_MEASURE(0.0174532925),#2292);
#2292=(
NAMED_UNIT(*)
PLANE_ANGLE_UNIT()
SI_UNIT($,.RADIAN.)
);
#2293=(
CONVERSION_BASED_UNIT('INCH',#2296)
LENGTH_UNIT()
NAMED_UNIT(#2294)
);
#2294=DIMENSIONAL_EXPONENTS(1.,0.,0.,0.,0.,0.,0.);
#2295=DIMENSIONAL_EXPONENTS(0.,0.,0.,0.,0.,0.,0.);
#2296=LENGTH_MEASURE_WITH_UNIT(LENGTH_MEASURE(25.4),#2297);
#2297=(
LENGTH_UNIT()
NAMED_UNIT(*)
SI_UNIT(.MILLI.,.METRE.)
);
ENDSEC;
END-ISO-10303-21;
