ISO-10303-21;
HEADER;
/* Generated by software containing ST-Developer
 * from STEP Tools, Inc. (www.steptools.com) 
 */
/* OPTION: using custom schema-name function */

FILE_DESCRIPTION(
/* description */ (''),
/* implementation_level */ '2;1');

FILE_NAME(
/* name */ 'oxidizer_tank_wall.stp',
/* time_stamp */ '2026-09-17T16:18:39-04:00',
/* author */ (''),
/* organization */ (''),
/* preprocessor_version */ 'ST-DEVELOPER v18.102',
/* originating_system */ 'SIEMENS PLM Software NX 2027',
/* authorisation */ '');

FILE_SCHEMA (('AUTOMOTIVE_DESIGN { 1 0 10303 214 3 1 1 1 }'));
ENDSEC;

DATA;
#10=PROPERTY_DEFINITION_REPRESENTATION(#14,#12);
#11=PROPERTY_DEFINITION_REPRESENTATION(#15,#13);
#12=REPRESENTATION('',(#16),#7551);
#13=REPRESENTATION('',(#17),#7551);
#14=PROPERTY_DEFINITION('pmi validation property','',#21);
#15=PROPERTY_DEFINITION('pmi validation property','',#21);
#16=VALUE_REPRESENTATION_ITEM('number of annotations',COUNT_MEASURE(0.));
#17=VALUE_REPRESENTATION_ITEM('number of views',COUNT_MEASURE(0.));
#18=SHAPE_REPRESENTATION_RELATIONSHIP('None',
'relationship between A_objects-None and A_objects-None',#30,#19);
#19=ADVANCED_BREP_SHAPE_REPRESENTATION('A_objects-None',(#40),#7551);
#20=SHAPE_DEFINITION_REPRESENTATION(#21,#30);
#21=PRODUCT_DEFINITION_SHAPE('','',#22);
#22=PRODUCT_DEFINITION(' ','',#24,#23);
#23=PRODUCT_DEFINITION_CONTEXT('part definition',#29,'design');
#24=PRODUCT_DEFINITION_FORMATION_WITH_SPECIFIED_SOURCE(' ',' ',#26,
 .NOT_KNOWN.);
#25=PRODUCT_RELATED_PRODUCT_CATEGORY('part','',(#26));
#26=PRODUCT('A_objects','A_objects',' ',(#27));
#27=PRODUCT_CONTEXT(' ',#29,'mechanical');
#28=APPLICATION_PROTOCOL_DEFINITION('international standard',
'automotive_design',2010,#29);
#29=APPLICATION_CONTEXT(
'core data for automotive mechanical design processes');
#30=SHAPE_REPRESENTATION('A_objects-None',(#1148),#7551);
#31=PRESENTATION_LAYER_ASSIGNMENT('1','Layer 1',(#40));
#32=STYLED_ITEM('',(#33),#40);
#33=PRESENTATION_STYLE_ASSIGNMENT((#34));
#34=SURFACE_STYLE_USAGE(.BOTH.,#35);
#35=SURFACE_SIDE_STYLE('',(#36));
#36=SURFACE_STYLE_FILL_AREA(#37);
#37=FILL_AREA_STYLE('',(#38));
#38=FILL_AREA_STYLE_COLOUR('',#39);
#39=COLOUR_RGB('cornflower',0.,0.6,1.);
#40=MANIFOLD_SOLID_BREP('',#41);
#41=CLOSED_SHELL('',(#202,#203,#204,#205,#206,#207,#208,#209,#210,#211,
#212,#213,#214,#215,#216,#217,#218,#219,#220,#221,#222,#223,#224,#225,#226,
#227,#228,#229,#230,#231,#232,#233,#234,#235,#236,#237,#238,#239,#240,#241,
#242,#243,#244,#245,#246,#247,#248,#249,#250,#251,#252,#253,#254,#255,#256,
#257,#258,#259));
#42=CONICAL_SURFACE('',#1211,2.875,9.99999999999971);
#43=CONICAL_SURFACE('',#1212,2.893,10.);
#44=CYLINDRICAL_SURFACE('',#1154,2.875);
#45=CYLINDRICAL_SURFACE('',#1156,3.);
#46=CYLINDRICAL_SURFACE('',#1159,0.17185);
#47=CYLINDRICAL_SURFACE('',#1160,0.17185);
#48=CYLINDRICAL_SURFACE('',#1161,0.17185);
#49=CYLINDRICAL_SURFACE('',#1162,0.17185);
#50=CYLINDRICAL_SURFACE('',#1163,0.17185);
#51=CYLINDRICAL_SURFACE('',#1164,0.17185);
#52=CYLINDRICAL_SURFACE('',#1165,0.17185);
#53=CYLINDRICAL_SURFACE('',#1166,0.17185);
#54=CYLINDRICAL_SURFACE('',#1167,0.17185);
#55=CYLINDRICAL_SURFACE('',#1168,0.17185);
#56=CYLINDRICAL_SURFACE('',#1169,0.17185);
#57=CYLINDRICAL_SURFACE('',#1170,0.17185);
#58=CYLINDRICAL_SURFACE('',#1171,0.17185);
#59=CYLINDRICAL_SURFACE('',#1172,0.17185);
#60=CYLINDRICAL_SURFACE('',#1173,0.17185);
#61=CYLINDRICAL_SURFACE('',#1174,0.17185);
#62=CYLINDRICAL_SURFACE('',#1175,0.17185);
#63=CYLINDRICAL_SURFACE('',#1176,0.17185);
#64=CYLINDRICAL_SURFACE('',#1177,0.17185);
#65=CYLINDRICAL_SURFACE('',#1178,0.17185);
#66=CYLINDRICAL_SURFACE('',#1179,0.17185);
#67=CYLINDRICAL_SURFACE('',#1180,0.17185);
#68=CYLINDRICAL_SURFACE('',#1181,0.17185);
#69=CYLINDRICAL_SURFACE('',#1182,0.17185);
#70=CYLINDRICAL_SURFACE('',#1183,0.17185);
#71=CYLINDRICAL_SURFACE('',#1184,0.17185);
#72=CYLINDRICAL_SURFACE('',#1185,0.17185);
#73=CYLINDRICAL_SURFACE('',#1186,0.17185);
#74=CYLINDRICAL_SURFACE('',#1187,0.17185);
#75=CYLINDRICAL_SURFACE('',#1188,0.17185);
#76=CYLINDRICAL_SURFACE('',#1189,0.17185);
#77=CYLINDRICAL_SURFACE('',#1190,0.17185);
#78=CYLINDRICAL_SURFACE('',#1191,0.17185);
#79=CYLINDRICAL_SURFACE('',#1192,0.17185);
#80=CYLINDRICAL_SURFACE('',#1193,0.17185);
#81=CYLINDRICAL_SURFACE('',#1194,0.17185);
#82=CYLINDRICAL_SURFACE('',#1195,0.17185);
#83=CYLINDRICAL_SURFACE('',#1196,0.17185);
#84=CYLINDRICAL_SURFACE('',#1197,0.17185);
#85=CYLINDRICAL_SURFACE('',#1198,0.17185);
#86=CYLINDRICAL_SURFACE('',#1199,0.17185);
#87=CYLINDRICAL_SURFACE('',#1200,0.17185);
#88=CYLINDRICAL_SURFACE('',#1201,0.17185);
#89=CYLINDRICAL_SURFACE('',#1202,0.17185);
#90=CYLINDRICAL_SURFACE('',#1203,0.17185);
#91=CYLINDRICAL_SURFACE('',#1204,0.17185);
#92=CYLINDRICAL_SURFACE('',#1205,0.17185);
#93=CYLINDRICAL_SURFACE('',#1206,0.17185);
#94=CYLINDRICAL_SURFACE('',#1207,0.17185);
#95=CYLINDRICAL_SURFACE('',#1208,0.17185);
#96=CYLINDRICAL_SURFACE('',#1209,0.17185);
#97=CYLINDRICAL_SURFACE('',#1210,0.17185);
#98=B_SPLINE_CURVE_WITH_KNOTS('',3,(#1353,#1354,#1355,#1356,#1357,#1358,
#1359,#1360,#1361,#1362,#1363,#1364,#1365,#1366,#1367,#1368,#1369,#1370,
#1371,#1372,#1373,#1374,#1375,#1376,#1377,#1378,#1379,#1380,#1381,#1382,
#1383,#1384,#1385,#1386,#1387,#1388,#1389,#1390,#1391,#1392,#1393,#1394,
#1395,#1396,#1397,#1398,#1399,#1400,#1401,#1402,#1403,#1404,#1405,#1406,
#1407,#1408,#1409,#1410),.UNSPECIFIED.,.T.,.F.,(1,3,3,3,3,3,3,3,3,3,3,3,
3,3,3,3,3,3,3,3,3,1),(-0.0339225719444411,0.,0.0536391556500482,0.107274225012202,
0.160970559988538,0.214708788330793,0.26838105836494,0.321982649163338,
0.375618754091407,0.429340869934952,0.483066543108081,0.536707336498288,
0.590307422178355,0.643974364710117,0.697711456338174,0.751412595044798,
0.805027962999507,0.858641394362047,0.91233957624591,0.966077428055559,
1.,1.05363915565005),.UNSPECIFIED.);
#99=B_SPLINE_CURVE_WITH_KNOTS('',3,(#1412,#1413,#1414,#1415,#1416,#1417,
#1418,#1419,#1420,#1421,#1422,#1423,#1424,#1425,#1426,#1427,#1428,#1429,
#1430,#1431,#1432,#1433,#1434,#1435,#1436,#1437,#1438,#1439,#1440,#1441,
#1442,#1443,#1444,#1445,#1446,#1447,#1448,#1449,#1450,#1451,#1452,#1453,
#1454,#1455,#1456,#1457,#1458,#1459,#1460,#1461,#1462,#1463,#1464,#1465,
#1466,#1467,#1468,#1469),.UNSPECIFIED.,.T.,.F.,(1,3,3,3,3,3,3,3,3,3,3,3,
3,3,3,3,3,3,3,3,3,1),(-0.0339225719444411,0.,0.0536391556500482,0.107274225012202,
0.160970559988538,0.214708788330793,0.26838105836494,0.321982649163338,
0.375618754091407,0.429340869934952,0.483066543108081,0.536707336498288,
0.590307422178355,0.643974364710117,0.697711456338174,0.751412595044798,
0.805027962999507,0.858641394362047,0.91233957624591,0.966077428055559,
1.,1.05363915565005),.UNSPECIFIED.);
#100=B_SPLINE_CURVE_WITH_KNOTS('',3,(#1471,#1472,#1473,#1474,#1475,#1476,
#1477,#1478,#1479,#1480,#1481,#1482,#1483,#1484,#1485,#1486,#1487,#1488,
#1489,#1490,#1491,#1492,#1493,#1494,#1495,#1496,#1497,#1498,#1499,#1500,
#1501,#1502,#1503,#1504,#1505,#1506,#1507,#1508,#1509,#1510,#1511,#1512,
#1513,#1514,#1515,#1516,#1517,#1518,#1519,#1520,#1521,#1522,#1523,#1524,
#1525,#1526,#1527,#1528),.UNSPECIFIED.,.T.,.F.,(1,3,3,3,3,3,3,3,3,3,3,3,
3,3,3,3,3,3,3,3,3,1),(-0.033922571944441,0.,0.0536391556500481,0.107274225012202,
0.160970559988538,0.214708788330792,0.268381058364941,0.321982649163339,
0.375618754091407,0.429340869934952,0.483066543108081,0.536707336498279,
0.590307422178355,0.643974364710116,0.697711456338174,0.751412595044798,
0.805027962999507,0.858641394362047,0.91233957624591,0.966077428055559,
1.,1.05363915565005),.UNSPECIFIED.);
#101=B_SPLINE_CURVE_WITH_KNOTS('',3,(#1530,#1531,#1532,#1533,#1534,#1535,
#1536,#1537,#1538,#1539,#1540,#1541,#1542,#1543,#1544,#1545,#1546,#1547,
#1548,#1549,#1550,#1551,#1552,#1553,#1554,#1555,#1556,#1557,#1558,#1559,
#1560,#1561,#1562,#1563,#1564,#1565,#1566,#1567,#1568,#1569,#1570,#1571,
#1572,#1573,#1574,#1575,#1576,#1577,#1578,#1579,#1580,#1581,#1582,#1583,
#1584,#1585,#1586,#1587),.UNSPECIFIED.,.T.,.F.,(1,3,3,3,3,3,3,3,3,3,3,3,
3,3,3,3,3,3,3,3,3,1),(-0.033922571944441,0.,0.0536391556500481,0.107274225012202,
0.160970559988538,0.214708788330792,0.268381058364941,0.321982649163339,
0.375618754091407,0.429340869934952,0.483066543108081,0.536707336498279,
0.590307422178355,0.643974364710116,0.697711456338174,0.751412595044798,
0.805027962999507,0.858641394362047,0.91233957624591,0.966077428055559,
1.,1.05363915565005),.UNSPECIFIED.);
#102=B_SPLINE_CURVE_WITH_KNOTS('',3,(#1589,#1590,#1591,#1592,#1593,#1594,
#1595,#1596,#1597,#1598,#1599,#1600,#1601,#1602,#1603,#1604,#1605,#1606,
#1607,#1608,#1609,#1610,#1611,#1612,#1613,#1614,#1615,#1616,#1617,#1618,
#1619,#1620,#1621,#1622,#1623,#1624,#1625,#1626,#1627,#1628,#1629,#1630,
#1631,#1632,#1633,#1634,#1635,#1636,#1637,#1638,#1639,#1640,#1641,#1642,
#1643,#1644,#1645,#1646),.UNSPECIFIED.,.T.,.F.,(1,3,3,3,3,3,3,3,3,3,3,3,
3,3,3,3,3,3,3,3,3,1),(-0.0339225719444413,0.,0.0536391556500481,0.107274225012202,
0.160970559988538,0.214708788330792,0.26838105836494,0.321982649163338,
0.375618754091407,0.429340869934952,0.483066543108081,0.536707336498288,
0.590307422178355,0.643974364710116,0.697711456338174,0.751412595044797,
0.805027962999507,0.858641394362047,0.91233957624591,0.966077428055559,
1.,1.05363915565005),.UNSPECIFIED.);
#103=B_SPLINE_CURVE_WITH_KNOTS('',3,(#1648,#1649,#1650,#1651,#1652,#1653,
#1654,#1655,#1656,#1657,#1658,#1659,#1660,#1661,#1662,#1663,#1664,#1665,
#1666,#1667,#1668,#1669,#1670,#1671,#1672,#1673,#1674,#1675,#1676,#1677,
#1678,#1679,#1680,#1681,#1682,#1683,#1684,#1685,#1686,#1687,#1688,#1689,
#1690,#1691,#1692,#1693,#1694,#1695,#1696,#1697,#1698,#1699,#1700,#1701,
#1702,#1703,#1704,#1705),.UNSPECIFIED.,.T.,.F.,(1,3,3,3,3,3,3,3,3,3,3,3,
3,3,3,3,3,3,3,3,3,1),(-0.0339225719444413,0.,0.0536391556500481,0.107274225012202,
0.160970559988538,0.214708788330792,0.26838105836494,0.321982649163338,
0.375618754091407,0.429340869934952,0.483066543108081,0.536707336498288,
0.590307422178355,0.643974364710116,0.697711456338174,0.751412595044797,
0.805027962999507,0.858641394362047,0.91233957624591,0.966077428055559,
1.,1.05363915565005),.UNSPECIFIED.);
#104=B_SPLINE_CURVE_WITH_KNOTS('',3,(#1707,#1708,#1709,#1710,#1711,#1712,
#1713,#1714,#1715,#1716,#1717,#1718,#1719,#1720,#1721,#1722,#1723,#1724,
#1725,#1726,#1727,#1728,#1729,#1730,#1731,#1732,#1733,#1734,#1735,#1736,
#1737,#1738,#1739,#1740,#1741,#1742,#1743,#1744,#1745,#1746,#1747,#1748,
#1749,#1750,#1751,#1752,#1753,#1754,#1755,#1756,#1757,#1758,#1759,#1760,
#1761,#1762,#1763,#1764),.UNSPECIFIED.,.T.,.F.,(1,3,3,3,3,3,3,3,3,3,3,3,
3,3,3,3,3,3,3,3,3,1),(-0.0339225719444411,0.,0.0536391556500481,0.107274225012202,
0.160970559988538,0.214708788330792,0.26838105836494,0.321982649163339,
0.375618754091407,0.429340869934952,0.483066543108081,0.536707336498288,
0.590307422178355,0.643974364710116,0.697711456338174,0.751412595044797,
0.805027962999507,0.858641394362047,0.91233957624591,0.966077428055559,
1.,1.05363915565005),.UNSPECIFIED.);
#105=B_SPLINE_CURVE_WITH_KNOTS('',3,(#1766,#1767,#1768,#1769,#1770,#1771,
#1772,#1773,#1774,#1775,#1776,#1777,#1778,#1779,#1780,#1781,#1782,#1783,
#1784,#1785,#1786,#1787,#1788,#1789,#1790,#1791,#1792,#1793,#1794,#1795,
#1796,#1797,#1798,#1799,#1800,#1801,#1802,#1803,#1804,#1805,#1806,#1807,
#1808,#1809,#1810,#1811,#1812,#1813,#1814,#1815,#1816,#1817,#1818,#1819,
#1820,#1821,#1822,#1823),.UNSPECIFIED.,.T.,.F.,(1,3,3,3,3,3,3,3,3,3,3,3,
3,3,3,3,3,3,3,3,3,1),(-0.0339225719444411,0.,0.0536391556500481,0.107274225012202,
0.160970559988538,0.214708788330792,0.26838105836494,0.321982649163339,
0.375618754091407,0.429340869934952,0.483066543108081,0.536707336498288,
0.590307422178355,0.643974364710116,0.697711456338174,0.751412595044797,
0.805027962999507,0.858641394362047,0.91233957624591,0.966077428055559,
1.,1.05363915565005),.UNSPECIFIED.);
#106=B_SPLINE_CURVE_WITH_KNOTS('',3,(#1825,#1826,#1827,#1828,#1829,#1830,
#1831,#1832,#1833,#1834,#1835,#1836,#1837,#1838,#1839,#1840,#1841,#1842,
#1843,#1844,#1845,#1846,#1847,#1848,#1849,#1850,#1851,#1852,#1853,#1854,
#1855,#1856,#1857,#1858,#1859,#1860,#1861,#1862,#1863,#1864,#1865,#1866,
#1867,#1868,#1869,#1870,#1871,#1872,#1873,#1874,#1875,#1876,#1877,#1878,
#1879,#1880,#1881,#1882),.UNSPECIFIED.,.T.,.F.,(1,3,3,3,3,3,3,3,3,3,3,3,
3,3,3,3,3,3,3,3,3,1),(-0.033922571944441,0.,0.0536391556500482,0.107274225012202,
0.160970559988538,0.214708788330792,0.26838105836494,0.321982649163338,
0.375618754091407,0.429340869934952,0.483066543108081,0.536707336498288,
0.590307422178355,0.643974364710116,0.697711456338174,0.751412595044798,
0.805027962999507,0.858641394362047,0.91233957624591,0.966077428055559,
1.,1.05363915565005),.UNSPECIFIED.);
#107=B_SPLINE_CURVE_WITH_KNOTS('',3,(#1884,#1885,#1886,#1887,#1888,#1889,
#1890,#1891,#1892,#1893,#1894,#1895,#1896,#1897,#1898,#1899,#1900,#1901,
#1902,#1903,#1904,#1905,#1906,#1907,#1908,#1909,#1910,#1911,#1912,#1913,
#1914,#1915,#1916,#1917,#1918,#1919,#1920,#1921,#1922,#1923,#1924,#1925,
#1926,#1927,#1928,#1929,#1930,#1931,#1932,#1933,#1934,#1935,#1936,#1937,
#1938,#1939,#1940,#1941),.UNSPECIFIED.,.T.,.F.,(1,3,3,3,3,3,3,3,3,3,3,3,
3,3,3,3,3,3,3,3,3,1),(-0.033922571944441,0.,0.0536391556500482,0.107274225012202,
0.160970559988538,0.214708788330792,0.26838105836494,0.321982649163338,
0.375618754091407,0.429340869934952,0.483066543108081,0.536707336498288,
0.590307422178355,0.643974364710116,0.697711456338174,0.751412595044798,
0.805027962999507,0.858641394362047,0.91233957624591,0.966077428055559,
1.,1.05363915565005),.UNSPECIFIED.);
#108=B_SPLINE_CURVE_WITH_KNOTS('',3,(#1943,#1944,#1945,#1946,#1947,#1948,
#1949,#1950,#1951,#1952,#1953,#1954,#1955,#1956,#1957,#1958,#1959,#1960,
#1961,#1962,#1963,#1964,#1965,#1966,#1967,#1968,#1969,#1970,#1971,#1972,
#1973,#1974,#1975,#1976,#1977,#1978,#1979,#1980,#1981,#1982,#1983,#1984,
#1985,#1986,#1987,#1988,#1989,#1990,#1991,#1992,#1993,#1994,#1995,#1996,
#1997,#1998,#1999,#2000),.UNSPECIFIED.,.T.,.F.,(1,3,3,3,3,3,3,3,3,3,3,3,
3,3,3,3,3,3,3,3,3,1),(-0.033922571944441,0.,0.0536391556500481,0.107274225012202,
0.160970559988538,0.214708788330792,0.26838105836494,0.321982649163338,
0.375618754091407,0.429340869934952,0.483066543108081,0.536707336498279,
0.590307422178355,0.643974364710116,0.697711456338174,0.751412595044798,
0.805027962999507,0.858641394362047,0.91233957624591,0.966077428055559,
1.,1.05363915565005),.UNSPECIFIED.);
#109=B_SPLINE_CURVE_WITH_KNOTS('',3,(#2002,#2003,#2004,#2005,#2006,#2007,
#2008,#2009,#2010,#2011,#2012,#2013,#2014,#2015,#2016,#2017,#2018,#2019,
#2020,#2021,#2022,#2023,#2024,#2025,#2026,#2027,#2028,#2029,#2030,#2031,
#2032,#2033,#2034,#2035,#2036,#2037,#2038,#2039,#2040,#2041,#2042,#2043,
#2044,#2045,#2046,#2047,#2048,#2049,#2050,#2051,#2052,#2053,#2054,#2055,
#2056,#2057,#2058,#2059),.UNSPECIFIED.,.T.,.F.,(1,3,3,3,3,3,3,3,3,3,3,3,
3,3,3,3,3,3,3,3,3,1),(-0.033922571944441,0.,0.0536391556500481,0.107274225012202,
0.160970559988538,0.214708788330792,0.26838105836494,0.321982649163338,
0.375618754091407,0.429340869934952,0.483066543108081,0.536707336498279,
0.590307422178355,0.643974364710116,0.697711456338174,0.751412595044798,
0.805027962999507,0.858641394362047,0.91233957624591,0.966077428055559,
1.,1.05363915565005),.UNSPECIFIED.);
#110=B_SPLINE_CURVE_WITH_KNOTS('',3,(#2061,#2062,#2063,#2064,#2065,#2066,
#2067,#2068,#2069,#2070,#2071,#2072,#2073,#2074,#2075,#2076,#2077,#2078,
#2079,#2080,#2081,#2082,#2083,#2084,#2085,#2086,#2087,#2088,#2089,#2090,
#2091,#2092,#2093,#2094,#2095,#2096,#2097,#2098,#2099,#2100,#2101,#2102,
#2103,#2104,#2105,#2106,#2107,#2108,#2109,#2110,#2111,#2112,#2113,#2114,
#2115,#2116,#2117,#2118),.UNSPECIFIED.,.T.,.F.,(1,3,3,3,3,3,3,3,3,3,3,3,
3,3,3,3,3,3,3,3,3,1),(-0.0339225719444415,0.,0.0536391556500481,0.107274225012202,
0.160970559988538,0.214708788330792,0.26838105836494,0.321982649163338,
0.375618754091407,0.429340869934952,0.483066543108081,0.536707336498288,
0.590307422178355,0.643974364710116,0.697711456338174,0.751412595044797,
0.805027962999507,0.858641394362047,0.91233957624591,0.966077428055559,
1.,1.05363915565005),.UNSPECIFIED.);
#111=B_SPLINE_CURVE_WITH_KNOTS('',3,(#2120,#2121,#2122,#2123,#2124,#2125,
#2126,#2127,#2128,#2129,#2130,#2131,#2132,#2133,#2134,#2135,#2136,#2137,
#2138,#2139,#2140,#2141,#2142,#2143,#2144,#2145,#2146,#2147,#2148,#2149,
#2150,#2151,#2152,#2153,#2154,#2155,#2156,#2157,#2158,#2159,#2160,#2161,
#2162,#2163,#2164,#2165,#2166,#2167,#2168,#2169,#2170,#2171,#2172,#2173,
#2174,#2175,#2176,#2177),.UNSPECIFIED.,.T.,.F.,(1,3,3,3,3,3,3,3,3,3,3,3,
3,3,3,3,3,3,3,3,3,1),(-0.0339225719444415,0.,0.0536391556500481,0.107274225012202,
0.160970559988538,0.214708788330792,0.26838105836494,0.321982649163338,
0.375618754091407,0.429340869934952,0.483066543108081,0.536707336498288,
0.590307422178355,0.643974364710116,0.697711456338174,0.751412595044797,
0.805027962999507,0.858641394362047,0.91233957624591,0.966077428055559,
1.,1.05363915565005),.UNSPECIFIED.);
#112=B_SPLINE_CURVE_WITH_KNOTS('',3,(#2179,#2180,#2181,#2182,#2183,#2184,
#2185,#2186,#2187,#2188,#2189,#2190,#2191,#2192,#2193,#2194,#2195,#2196,
#2197,#2198,#2199,#2200,#2201,#2202,#2203,#2204,#2205,#2206,#2207,#2208,
#2209,#2210,#2211,#2212,#2213,#2214,#2215,#2216,#2217,#2218,#2219,#2220,
#2221,#2222,#2223,#2224,#2225,#2226,#2227,#2228,#2229,#2230,#2231,#2232,
#2233,#2234,#2235,#2236),.UNSPECIFIED.,.T.,.F.,(1,3,3,3,3,3,3,3,3,3,3,3,
3,3,3,3,3,3,3,3,3,1),(-0.0339225719444414,0.,0.0536391556500481,0.107274225012202,
0.160970559988538,0.214708788330792,0.26838105836494,0.321982649163338,
0.375618754091407,0.429340869934952,0.483066543108081,0.536707336498288,
0.590307422178355,0.643974364710116,0.697711456338174,0.751412595044797,
0.805027962999507,0.858641394362047,0.91233957624591,0.966077428055559,
1.,1.05363915565005),.UNSPECIFIED.);
#113=B_SPLINE_CURVE_WITH_KNOTS('',3,(#2238,#2239,#2240,#2241,#2242,#2243,
#2244,#2245,#2246,#2247,#2248,#2249,#2250,#2251,#2252,#2253,#2254,#2255,
#2256,#2257,#2258,#2259,#2260,#2261,#2262,#2263,#2264,#2265,#2266,#2267,
#2268,#2269,#2270,#2271,#2272,#2273,#2274,#2275,#2276,#2277,#2278,#2279,
#2280,#2281,#2282,#2283,#2284,#2285,#2286,#2287,#2288,#2289,#2290,#2291,
#2292,#2293,#2294,#2295),.UNSPECIFIED.,.T.,.F.,(1,3,3,3,3,3,3,3,3,3,3,3,
3,3,3,3,3,3,3,3,3,1),(-0.0339225719444414,0.,0.0536391556500481,0.107274225012202,
0.160970559988538,0.214708788330792,0.26838105836494,0.321982649163338,
0.375618754091407,0.429340869934952,0.483066543108081,0.536707336498288,
0.590307422178355,0.643974364710116,0.697711456338174,0.751412595044797,
0.805027962999507,0.858641394362047,0.91233957624591,0.966077428055559,
1.,1.05363915565005),.UNSPECIFIED.);
#114=B_SPLINE_CURVE_WITH_KNOTS('',3,(#2297,#2298,#2299,#2300,#2301,#2302,
#2303,#2304,#2305,#2306,#2307,#2308,#2309,#2310,#2311,#2312,#2313,#2314,
#2315,#2316,#2317,#2318,#2319,#2320,#2321,#2322,#2323,#2324,#2325,#2326,
#2327,#2328,#2329,#2330,#2331,#2332,#2333,#2334,#2335,#2336,#2337,#2338,
#2339,#2340,#2341,#2342,#2343,#2344,#2345,#2346,#2347,#2348,#2349,#2350,
#2351,#2352,#2353,#2354),.UNSPECIFIED.,.T.,.F.,(1,3,3,3,3,3,3,3,3,3,3,3,
3,3,3,3,3,3,3,3,3,1),(-0.0339225719444414,0.,0.0536391556500482,0.107274225012202,
0.160970559988538,0.214708788330792,0.26838105836494,0.321982649163338,
0.375618754091407,0.429340869934952,0.483066543108081,0.536707336498288,
0.590307422178355,0.643974364710116,0.697711456338174,0.751412595044798,
0.805027962999507,0.858641394362047,0.91233957624591,0.966077428055559,
1.,1.05363915565005),.UNSPECIFIED.);
#115=B_SPLINE_CURVE_WITH_KNOTS('',3,(#2356,#2357,#2358,#2359,#2360,#2361,
#2362,#2363,#2364,#2365,#2366,#2367,#2368,#2369,#2370,#2371,#2372,#2373,
#2374,#2375,#2376,#2377,#2378,#2379,#2380,#2381,#2382,#2383,#2384,#2385,
#2386,#2387,#2388,#2389,#2390,#2391,#2392,#2393,#2394,#2395,#2396,#2397,
#2398,#2399,#2400,#2401,#2402,#2403,#2404,#2405,#2406,#2407,#2408,#2409,
#2410,#2411,#2412,#2413),.UNSPECIFIED.,.T.,.F.,(1,3,3,3,3,3,3,3,3,3,3,3,
3,3,3,3,3,3,3,3,3,1),(-0.0339225719444414,0.,0.0536391556500482,0.107274225012202,
0.160970559988538,0.214708788330792,0.26838105836494,0.321982649163338,
0.375618754091407,0.429340869934952,0.483066543108081,0.536707336498288,
0.590307422178355,0.643974364710116,0.697711456338174,0.751412595044798,
0.805027962999507,0.858641394362047,0.91233957624591,0.966077428055559,
1.,1.05363915565005),.UNSPECIFIED.);
#116=B_SPLINE_CURVE_WITH_KNOTS('',3,(#2415,#2416,#2417,#2418,#2419,#2420,
#2421,#2422,#2423,#2424,#2425,#2426,#2427,#2428,#2429,#2430,#2431,#2432,
#2433,#2434,#2435,#2436,#2437,#2438,#2439,#2440,#2441,#2442,#2443,#2444,
#2445,#2446,#2447,#2448,#2449,#2450,#2451,#2452,#2453,#2454,#2455,#2456,
#2457,#2458,#2459,#2460,#2461,#2462,#2463,#2464,#2465,#2466,#2467,#2468,
#2469,#2470,#2471,#2472),.UNSPECIFIED.,.T.,.F.,(1,3,3,3,3,3,3,3,3,3,3,3,
3,3,3,3,3,3,3,3,3,1),(-0.033922571944441,0.,0.0536391556500481,0.107274225012202,
0.160970559988538,0.214708788330792,0.26838105836494,0.321982649163338,
0.375618754091407,0.429340869934952,0.483066543108081,0.536707336498288,
0.590307422178355,0.643974364710117,0.697711456338174,0.751412595044798,
0.805027962999507,0.858641394362047,0.91233957624591,0.966077428055559,
1.,1.05363915565005),.UNSPECIFIED.);
#117=B_SPLINE_CURVE_WITH_KNOTS('',3,(#2474,#2475,#2476,#2477,#2478,#2479,
#2480,#2481,#2482,#2483,#2484,#2485,#2486,#2487,#2488,#2489,#2490,#2491,
#2492,#2493,#2494,#2495,#2496,#2497,#2498,#2499,#2500,#2501,#2502,#2503,
#2504,#2505,#2506,#2507,#2508,#2509,#2510,#2511,#2512,#2513,#2514,#2515,
#2516,#2517,#2518,#2519,#2520,#2521,#2522,#2523,#2524,#2525,#2526,#2527,
#2528,#2529,#2530,#2531),.UNSPECIFIED.,.T.,.F.,(1,3,3,3,3,3,3,3,3,3,3,3,
3,3,3,3,3,3,3,3,3,1),(-0.033922571944441,0.,0.0536391556500481,0.107274225012202,
0.160970559988538,0.214708788330792,0.26838105836494,0.321982649163338,
0.375618754091407,0.429340869934952,0.483066543108081,0.536707336498288,
0.590307422178355,0.643974364710117,0.697711456338174,0.751412595044798,
0.805027962999507,0.858641394362047,0.91233957624591,0.966077428055559,
1.,1.05363915565005),.UNSPECIFIED.);
#118=B_SPLINE_CURVE_WITH_KNOTS('',3,(#2533,#2534,#2535,#2536,#2537,#2538,
#2539,#2540,#2541,#2542,#2543,#2544,#2545,#2546,#2547,#2548,#2549,#2550,
#2551,#2552,#2553,#2554,#2555,#2556,#2557,#2558,#2559,#2560,#2561,#2562,
#2563,#2564,#2565,#2566,#2567,#2568,#2569,#2570,#2571,#2572,#2573,#2574,
#2575,#2576,#2577,#2578,#2579,#2580,#2581,#2582,#2583,#2584,#2585,#2586,
#2587,#2588,#2589,#2590),.UNSPECIFIED.,.T.,.F.,(1,3,3,3,3,3,3,3,3,3,3,3,
3,3,3,3,3,3,3,3,3,1),(-0.0339225719444414,0.,0.0536391556500481,0.107274225012202,
0.160970559988538,0.214708788330792,0.26838105836494,0.321982649163338,
0.375618754091407,0.429340869934952,0.483066543108081,0.536707336498279,
0.590307422178355,0.643974364710116,0.697711456338174,0.751412595044798,
0.805027962999507,0.858641394362047,0.91233957624591,0.966077428055559,
1.,1.05363915565005),.UNSPECIFIED.);
#119=B_SPLINE_CURVE_WITH_KNOTS('',3,(#2592,#2593,#2594,#2595,#2596,#2597,
#2598,#2599,#2600,#2601,#2602,#2603,#2604,#2605,#2606,#2607,#2608,#2609,
#2610,#2611,#2612,#2613,#2614,#2615,#2616,#2617,#2618,#2619,#2620,#2621,
#2622,#2623,#2624,#2625,#2626,#2627,#2628,#2629,#2630,#2631,#2632,#2633,
#2634,#2635,#2636,#2637,#2638,#2639,#2640,#2641,#2642,#2643,#2644,#2645,
#2646,#2647,#2648,#2649),.UNSPECIFIED.,.T.,.F.,(1,3,3,3,3,3,3,3,3,3,3,3,
3,3,3,3,3,3,3,3,3,1),(-0.0339225719444414,0.,0.0536391556500481,0.107274225012202,
0.160970559988538,0.214708788330792,0.26838105836494,0.321982649163338,
0.375618754091407,0.429340869934952,0.483066543108081,0.536707336498279,
0.590307422178355,0.643974364710116,0.697711456338174,0.751412595044798,
0.805027962999507,0.858641394362047,0.91233957624591,0.966077428055559,
1.,1.05363915565005),.UNSPECIFIED.);
#120=B_SPLINE_CURVE_WITH_KNOTS('',3,(#2651,#2652,#2653,#2654,#2655,#2656,
#2657,#2658,#2659,#2660,#2661,#2662,#2663,#2664,#2665,#2666,#2667,#2668,
#2669,#2670,#2671,#2672,#2673,#2674,#2675,#2676,#2677,#2678,#2679,#2680,
#2681,#2682,#2683,#2684,#2685,#2686,#2687,#2688,#2689,#2690,#2691,#2692,
#2693,#2694,#2695,#2696,#2697,#2698,#2699,#2700,#2701,#2702,#2703,#2704,
#2705,#2706,#2707,#2708),.UNSPECIFIED.,.T.,.F.,(1,3,3,3,3,3,3,3,3,3,3,3,
3,3,3,3,3,3,3,3,3,1),(-0.0339225719444414,0.,0.0536391556500481,0.107274225012202,
0.160970559988538,0.214708788330792,0.26838105836494,0.321982649163338,
0.375618754091407,0.429340869934952,0.483066543108081,0.536707336498288,
0.590307422178355,0.643974364710116,0.697711456338174,0.751412595044798,
0.805027962999507,0.858641394362047,0.91233957624591,0.966077428055559,
1.,1.05363915565005),.UNSPECIFIED.);
#121=B_SPLINE_CURVE_WITH_KNOTS('',3,(#2710,#2711,#2712,#2713,#2714,#2715,
#2716,#2717,#2718,#2719,#2720,#2721,#2722,#2723,#2724,#2725,#2726,#2727,
#2728,#2729,#2730,#2731,#2732,#2733,#2734,#2735,#2736,#2737,#2738,#2739,
#2740,#2741,#2742,#2743,#2744,#2745,#2746,#2747,#2748,#2749,#2750,#2751,
#2752,#2753,#2754,#2755,#2756,#2757,#2758,#2759,#2760,#2761,#2762,#2763,
#2764,#2765,#2766,#2767),.UNSPECIFIED.,.T.,.F.,(1,3,3,3,3,3,3,3,3,3,3,3,
3,3,3,3,3,3,3,3,3,1),(-0.0339225719444414,0.,0.0536391556500481,0.107274225012202,
0.160970559988538,0.214708788330792,0.26838105836494,0.321982649163338,
0.375618754091407,0.429340869934952,0.483066543108081,0.536707336498288,
0.590307422178355,0.643974364710116,0.697711456338174,0.751412595044798,
0.805027962999507,0.858641394362047,0.91233957624591,0.966077428055559,
1.,1.05363915565005),.UNSPECIFIED.);
#122=B_SPLINE_CURVE_WITH_KNOTS('',3,(#2769,#2770,#2771,#2772,#2773,#2774,
#2775,#2776,#2777,#2778,#2779,#2780,#2781,#2782,#2783,#2784,#2785,#2786,
#2787,#2788,#2789,#2790,#2791,#2792,#2793,#2794,#2795,#2796,#2797,#2798,
#2799,#2800,#2801,#2802,#2803,#2804,#2805,#2806,#2807,#2808,#2809,#2810,
#2811,#2812,#2813,#2814,#2815,#2816,#2817,#2818,#2819,#2820,#2821,#2822,
#2823,#2824,#2825,#2826),.UNSPECIFIED.,.T.,.F.,(1,3,3,3,3,3,3,3,3,3,3,3,
3,3,3,3,3,3,3,3,3,1),(-0.033922571944441,0.,0.0536391556500482,0.107274225012202,
0.160970559988538,0.214708788330792,0.26838105836494,0.321982649163338,
0.375618754091407,0.429340869934952,0.483066543108081,0.536707336498288,
0.590307422178355,0.643974364710116,0.697711456338174,0.751412595044798,
0.805027962999507,0.858641394362047,0.91233957624591,0.966077428055559,
1.,1.05363915565005),.UNSPECIFIED.);
#123=B_SPLINE_CURVE_WITH_KNOTS('',3,(#2828,#2829,#2830,#2831,#2832,#2833,
#2834,#2835,#2836,#2837,#2838,#2839,#2840,#2841,#2842,#2843,#2844,#2845,
#2846,#2847,#2848,#2849,#2850,#2851,#2852,#2853,#2854,#2855,#2856,#2857,
#2858,#2859,#2860,#2861,#2862,#2863,#2864,#2865,#2866,#2867,#2868,#2869,
#2870,#2871,#2872,#2873,#2874,#2875,#2876,#2877,#2878,#2879,#2880,#2881,
#2882,#2883,#2884,#2885),.UNSPECIFIED.,.T.,.F.,(1,3,3,3,3,3,3,3,3,3,3,3,
3,3,3,3,3,3,3,3,3,1),(-0.033922571944441,0.,0.0536391556500482,0.107274225012202,
0.160970559988538,0.214708788330792,0.26838105836494,0.321982649163338,
0.375618754091407,0.429340869934952,0.483066543108081,0.536707336498288,
0.590307422178355,0.643974364710116,0.697711456338174,0.751412595044798,
0.805027962999507,0.858641394362047,0.91233957624591,0.966077428055559,
1.,1.05363915565005),.UNSPECIFIED.);
#124=B_SPLINE_CURVE_WITH_KNOTS('',3,(#2887,#2888,#2889,#2890,#2891,#2892,
#2893,#2894,#2895,#2896,#2897,#2898,#2899,#2900,#2901,#2902,#2903,#2904,
#2905,#2906,#2907,#2908,#2909,#2910,#2911,#2912,#2913,#2914,#2915,#2916,
#2917,#2918,#2919,#2920,#2921,#2922,#2923,#2924,#2925,#2926,#2927,#2928,
#2929,#2930,#2931,#2932,#2933,#2934,#2935,#2936,#2937,#2938,#2939,#2940,
#2941,#2942,#2943,#2944),.UNSPECIFIED.,.T.,.F.,(1,3,3,3,3,3,3,3,3,3,3,3,
3,3,3,3,3,3,3,3,3,1),(-0.033922571944441,0.,0.0536391556500482,0.107274225012203,
0.160970559988538,0.214708788330793,0.26838105836494,0.321982649163338,
0.375618754091407,0.429340869934952,0.483066543108081,0.536707336498288,
0.590307422178355,0.643974364710117,0.697711456338174,0.751412595044798,
0.805027962999507,0.858641394362047,0.91233957624591,0.966077428055559,
1.,1.05363915565005),.UNSPECIFIED.);
#125=B_SPLINE_CURVE_WITH_KNOTS('',3,(#2946,#2947,#2948,#2949,#2950,#2951,
#2952,#2953,#2954,#2955,#2956,#2957,#2958,#2959,#2960,#2961,#2962,#2963,
#2964,#2965,#2966,#2967,#2968,#2969,#2970,#2971,#2972,#2973,#2974,#2975,
#2976,#2977,#2978,#2979,#2980,#2981,#2982,#2983,#2984,#2985,#2986,#2987,
#2988,#2989,#2990,#2991,#2992,#2993,#2994,#2995,#2996,#2997,#2998,#2999,
#3000,#3001,#3002,#3003),.UNSPECIFIED.,.T.,.F.,(1,3,3,3,3,3,3,3,3,3,3,3,
3,3,3,3,3,3,3,3,3,1),(-0.0339225719444414,0.,0.0536391556500482,0.107274225012202,
0.160970559988538,0.214708788330792,0.26838105836494,0.321982649163338,
0.375618754091407,0.429340869934952,0.483066543108081,0.536707336498288,
0.590307422178355,0.643974364710116,0.697711456338174,0.751412595044797,
0.805027962999507,0.858641394362047,0.91233957624591,0.966077428055559,
1.,1.05363915565005),.UNSPECIFIED.);
#126=B_SPLINE_CURVE_WITH_KNOTS('',3,(#3005,#3006,#3007,#3008,#3009,#3010,
#3011,#3012,#3013,#3014,#3015,#3016,#3017,#3018,#3019,#3020,#3021,#3022,
#3023,#3024,#3025,#3026,#3027,#3028,#3029,#3030,#3031,#3032,#3033,#3034,
#3035,#3036,#3037,#3038,#3039,#3040,#3041,#3042,#3043,#3044,#3045,#3046,
#3047,#3048,#3049,#3050,#3051,#3052,#3053,#3054,#3055,#3056,#3057,#3058,
#3059,#3060,#3061,#3062),.UNSPECIFIED.,.T.,.F.,(1,3,3,3,3,3,3,3,3,3,3,3,
3,3,3,3,3,3,3,3,3,1),(-0.0339225719444409,0.,0.0536391556500482,0.107274225012202,
0.160970559988538,0.214708788330792,0.268381058364941,0.321982649163338,
0.375618754091407,0.429340869934952,0.483066543108081,0.536707336498288,
0.590307422178355,0.643974364710117,0.697711456338174,0.751412595044798,
0.805027962999507,0.858641394362047,0.91233957624591,0.966077428055559,
1.,1.05363915565005),.UNSPECIFIED.);
#127=B_SPLINE_CURVE_WITH_KNOTS('',3,(#3064,#3065,#3066,#3067,#3068,#3069,
#3070,#3071,#3072,#3073,#3074,#3075,#3076,#3077,#3078,#3079,#3080,#3081,
#3082,#3083,#3084,#3085,#3086,#3087,#3088,#3089,#3090,#3091,#3092,#3093,
#3094,#3095,#3096,#3097,#3098,#3099,#3100,#3101,#3102,#3103,#3104,#3105,
#3106,#3107,#3108,#3109,#3110,#3111,#3112,#3113,#3114,#3115,#3116,#3117,
#3118,#3119,#3120,#3121),.UNSPECIFIED.,.T.,.F.,(1,3,3,3,3,3,3,3,3,3,3,3,
3,3,3,3,3,3,3,3,3,1),(-0.0339225719444409,0.,0.0536391556500482,0.107274225012202,
0.160970559988538,0.214708788330792,0.268381058364941,0.321982649163338,
0.375618754091407,0.429340869934952,0.483066543108081,0.536707336498288,
0.590307422178355,0.643974364710117,0.697711456338174,0.751412595044798,
0.805027962999507,0.858641394362047,0.91233957624591,0.966077428055559,
1.,1.05363915565005),.UNSPECIFIED.);
#128=B_SPLINE_CURVE_WITH_KNOTS('',3,(#3123,#3124,#3125,#3126,#3127,#3128,
#3129,#3130,#3131,#3132,#3133,#3134,#3135,#3136,#3137,#3138,#3139,#3140,
#3141,#3142,#3143,#3144,#3145,#3146,#3147,#3148,#3149,#3150,#3151,#3152,
#3153,#3154,#3155,#3156,#3157,#3158,#3159,#3160,#3161,#3162,#3163,#3164,
#3165,#3166,#3167,#3168,#3169,#3170,#3171,#3172,#3173,#3174,#3175,#3176,
#3177,#3178,#3179,#3180),.UNSPECIFIED.,.T.,.F.,(1,3,3,3,3,3,3,3,3,3,3,3,
3,3,3,3,3,3,3,3,3,1),(-0.0339225719444414,0.,0.0536391556500481,0.107274225012202,
0.160970559988538,0.214708788330792,0.26838105836494,0.321982649163339,
0.375618754091407,0.429340869934952,0.483066543108081,0.536707336498288,
0.590307422178355,0.643974364710116,0.697711456338174,0.751412595044798,
0.805027962999507,0.858641394362047,0.91233957624591,0.966077428055559,
1.,1.05363915565005),.UNSPECIFIED.);
#129=B_SPLINE_CURVE_WITH_KNOTS('',3,(#3182,#3183,#3184,#3185,#3186,#3187,
#3188,#3189,#3190,#3191,#3192,#3193,#3194,#3195,#3196,#3197,#3198,#3199,
#3200,#3201,#3202,#3203,#3204,#3205,#3206,#3207,#3208,#3209,#3210,#3211,
#3212,#3213,#3214,#3215,#3216,#3217,#3218,#3219,#3220,#3221,#3222,#3223,
#3224,#3225,#3226,#3227,#3228,#3229,#3230,#3231,#3232,#3233,#3234,#3235,
#3236,#3237,#3238,#3239),.UNSPECIFIED.,.T.,.F.,(1,3,3,3,3,3,3,3,3,3,3,3,
3,3,3,3,3,3,3,3,3,1),(-0.0339225719444413,0.,0.0536391556500481,0.107274225012202,
0.160970559988538,0.214708788330792,0.26838105836494,0.321982649163338,
0.375618754091407,0.429340869934952,0.483066543108081,0.536707336498279,
0.590307422178355,0.643974364710117,0.697711456338174,0.751412595044798,
0.805027962999507,0.858641394362047,0.91233957624591,0.966077428055559,
1.,1.05363915565005),.UNSPECIFIED.);
#130=B_SPLINE_CURVE_WITH_KNOTS('',3,(#3241,#3242,#3243,#3244,#3245,#3246,
#3247,#3248,#3249,#3250,#3251,#3252,#3253,#3254,#3255,#3256,#3257,#3258,
#3259,#3260,#3261,#3262,#3263,#3264,#3265,#3266,#3267,#3268,#3269,#3270,
#3271,#3272,#3273,#3274,#3275,#3276,#3277,#3278,#3279,#3280,#3281,#3282,
#3283,#3284,#3285,#3286,#3287,#3288,#3289,#3290,#3291,#3292,#3293,#3294,
#3295,#3296,#3297,#3298),.UNSPECIFIED.,.T.,.F.,(1,3,3,3,3,3,3,3,3,3,3,3,
3,3,3,3,3,3,3,3,3,1),(-0.0339225719444413,0.,0.0536391556500481,0.107274225012202,
0.160970559988538,0.214708788330792,0.26838105836494,0.321982649163338,
0.375618754091407,0.429340869934952,0.483066543108081,0.536707336498288,
0.590307422178355,0.643974364710116,0.697711456338174,0.751412595044797,
0.805027962999507,0.858641394362047,0.91233957624591,0.966077428055559,
1.,1.05363915565005),.UNSPECIFIED.);
#131=B_SPLINE_CURVE_WITH_KNOTS('',3,(#3300,#3301,#3302,#3303,#3304,#3305,
#3306,#3307,#3308,#3309,#3310,#3311,#3312,#3313,#3314,#3315,#3316,#3317,
#3318,#3319,#3320,#3321,#3322,#3323,#3324,#3325,#3326,#3327,#3328,#3329,
#3330,#3331,#3332,#3333,#3334,#3335,#3336,#3337,#3338,#3339,#3340,#3341,
#3342,#3343,#3344,#3345,#3346,#3347,#3348,#3349,#3350,#3351,#3352,#3353,
#3354,#3355,#3356,#3357),.UNSPECIFIED.,.T.,.F.,(1,3,3,3,3,3,3,3,3,3,3,3,
3,3,3,3,3,3,3,3,3,1),(-0.0339225719444413,0.,0.0536391556500481,0.107274225012202,
0.160970559988538,0.214708788330792,0.26838105836494,0.321982649163338,
0.375618754091407,0.429340869934952,0.483066543108081,0.536707336498288,
0.590307422178355,0.643974364710116,0.697711456338174,0.751412595044797,
0.805027962999507,0.858641394362047,0.91233957624591,0.966077428055559,
1.,1.05363915565005),.UNSPECIFIED.);
#132=B_SPLINE_CURVE_WITH_KNOTS('',3,(#3359,#3360,#3361,#3362,#3363,#3364,
#3365,#3366,#3367,#3368,#3369,#3370,#3371,#3372,#3373,#3374,#3375,#3376,
#3377,#3378,#3379,#3380,#3381,#3382,#3383,#3384,#3385,#3386,#3387,#3388,
#3389,#3390,#3391,#3392,#3393,#3394,#3395,#3396,#3397,#3398,#3399,#3400,
#3401,#3402,#3403,#3404,#3405,#3406,#3407,#3408,#3409,#3410,#3411,#3412,
#3413,#3414,#3415,#3416),.UNSPECIFIED.,.T.,.F.,(1,3,3,3,3,3,3,3,3,3,3,3,
3,3,3,3,3,3,3,3,3,1),(-0.033922571944441,0.,0.0536391556500482,0.107274225012202,
0.160970559988538,0.214708788330792,0.26838105836494,0.321982649163338,
0.375618754091407,0.429340869934952,0.483066543108081,0.536707336498288,
0.590307422178355,0.643974364710116,0.697711456338174,0.751412595044798,
0.805027962999507,0.858641394362047,0.91233957624591,0.966077428055559,
1.,1.05363915565005),.UNSPECIFIED.);
#133=B_SPLINE_CURVE_WITH_KNOTS('',3,(#3418,#3419,#3420,#3421,#3422,#3423,
#3424,#3425,#3426,#3427,#3428,#3429,#3430,#3431,#3432,#3433,#3434,#3435,
#3436,#3437,#3438,#3439,#3440,#3441,#3442,#3443,#3444,#3445,#3446,#3447,
#3448,#3449,#3450,#3451,#3452,#3453,#3454,#3455,#3456,#3457,#3458,#3459,
#3460,#3461,#3462,#3463,#3464,#3465,#3466,#3467,#3468,#3469,#3470,#3471,
#3472,#3473,#3474,#3475),.UNSPECIFIED.,.T.,.F.,(1,3,3,3,3,3,3,3,3,3,3,3,
3,3,3,3,3,3,3,3,3,1),(-0.033922571944441,0.,0.0536391556500482,0.107274225012202,
0.160970559988538,0.214708788330792,0.26838105836494,0.321982649163338,
0.375618754091407,0.429340869934952,0.483066543108081,0.536707336498288,
0.590307422178355,0.643974364710116,0.697711456338174,0.751412595044798,
0.805027962999507,0.858641394362047,0.91233957624591,0.966077428055559,
1.,1.05363915565005),.UNSPECIFIED.);
#134=B_SPLINE_CURVE_WITH_KNOTS('',3,(#3477,#3478,#3479,#3480,#3481,#3482,
#3483,#3484,#3485,#3486,#3487,#3488,#3489,#3490,#3491,#3492,#3493,#3494,
#3495,#3496,#3497,#3498,#3499,#3500,#3501,#3502,#3503,#3504,#3505,#3506,
#3507,#3508,#3509,#3510,#3511,#3512,#3513,#3514,#3515,#3516,#3517,#3518,
#3519,#3520,#3521,#3522,#3523,#3524,#3525,#3526,#3527,#3528,#3529,#3530,
#3531,#3532,#3533,#3534),.UNSPECIFIED.,.T.,.F.,(1,3,3,3,3,3,3,3,3,3,3,3,
3,3,3,3,3,3,3,3,3,1),(-0.033922571944441,0.,0.0536391556500481,0.107274225012202,
0.160970559988538,0.214708788330792,0.26838105836494,0.321982649163338,
0.375618754091407,0.429340869934952,0.483066543108081,0.536707336498288,
0.590307422178355,0.643974364710116,0.697711456338174,0.751412595044798,
0.805027962999507,0.858641394362047,0.91233957624591,0.966077428055559,
1.,1.05363915565005),.UNSPECIFIED.);
#135=B_SPLINE_CURVE_WITH_KNOTS('',3,(#3536,#3537,#3538,#3539,#3540,#3541,
#3542,#3543,#3544,#3545,#3546,#3547,#3548,#3549,#3550,#3551,#3552,#3553,
#3554,#3555,#3556,#3557,#3558,#3559,#3560,#3561,#3562,#3563,#3564,#3565,
#3566,#3567,#3568,#3569,#3570,#3571,#3572,#3573,#3574,#3575,#3576,#3577,
#3578,#3579,#3580,#3581,#3582,#3583,#3584,#3585,#3586,#3587,#3588,#3589,
#3590,#3591,#3592,#3593),.UNSPECIFIED.,.T.,.F.,(1,3,3,3,3,3,3,3,3,3,3,3,
3,3,3,3,3,3,3,3,3,1),(-0.033922571944441,0.,0.0536391556500481,0.107274225012202,
0.160970559988538,0.214708788330792,0.26838105836494,0.321982649163338,
0.375618754091407,0.429340869934952,0.483066543108081,0.536707336498288,
0.590307422178355,0.643974364710116,0.697711456338174,0.751412595044798,
0.805027962999507,0.858641394362047,0.91233957624591,0.966077428055559,
1.,1.05363915565005),.UNSPECIFIED.);
#136=B_SPLINE_CURVE_WITH_KNOTS('',3,(#3595,#3596,#3597,#3598,#3599,#3600,
#3601,#3602,#3603,#3604,#3605,#3606,#3607,#3608,#3609,#3610,#3611,#3612,
#3613,#3614,#3615,#3616,#3617,#3618,#3619,#3620,#3621,#3622,#3623,#3624,
#3625,#3626,#3627,#3628,#3629,#3630,#3631,#3632,#3633,#3634,#3635,#3636,
#3637,#3638,#3639,#3640,#3641,#3642,#3643,#3644,#3645,#3646,#3647,#3648,
#3649,#3650,#3651,#3652),.UNSPECIFIED.,.T.,.F.,(1,3,3,3,3,3,3,3,3,3,3,3,
3,3,3,3,3,3,3,3,3,1),(-0.0339225719444414,0.,0.0536391556500481,0.107274225012202,
0.160970559988538,0.214708788330792,0.26838105836494,0.321982649163338,
0.375618754091407,0.429340869934952,0.483066543108081,0.536707336498288,
0.590307422178355,0.643974364710116,0.697711456338174,0.751412595044797,
0.805027962999507,0.858641394362047,0.91233957624591,0.966077428055559,
1.,1.05363915565005),.UNSPECIFIED.);
#137=B_SPLINE_CURVE_WITH_KNOTS('',3,(#3654,#3655,#3656,#3657,#3658,#3659,
#3660,#3661,#3662,#3663,#3664,#3665,#3666,#3667,#3668,#3669,#3670,#3671,
#3672,#3673,#3674,#3675,#3676,#3677,#3678,#3679,#3680,#3681,#3682,#3683,
#3684,#3685,#3686,#3687,#3688,#3689,#3690,#3691,#3692,#3693,#3694,#3695,
#3696,#3697,#3698,#3699,#3700,#3701,#3702,#3703,#3704,#3705,#3706,#3707,
#3708,#3709,#3710,#3711),.UNSPECIFIED.,.T.,.F.,(1,3,3,3,3,3,3,3,3,3,3,3,
3,3,3,3,3,3,3,3,3,1),(-0.0339225719444414,0.,0.0536391556500481,0.107274225012202,
0.160970559988538,0.214708788330792,0.26838105836494,0.321982649163338,
0.375618754091407,0.429340869934952,0.483066543108081,0.536707336498288,
0.590307422178355,0.643974364710116,0.697711456338174,0.751412595044797,
0.805027962999507,0.858641394362047,0.91233957624591,0.966077428055559,
1.,1.05363915565005),.UNSPECIFIED.);
#138=B_SPLINE_CURVE_WITH_KNOTS('',3,(#3713,#3714,#3715,#3716,#3717,#3718,
#3719,#3720,#3721,#3722,#3723,#3724,#3725,#3726,#3727,#3728,#3729,#3730,
#3731,#3732,#3733,#3734,#3735,#3736,#3737,#3738,#3739,#3740,#3741,#3742,
#3743,#3744,#3745,#3746,#3747,#3748,#3749,#3750,#3751,#3752,#3753,#3754,
#3755,#3756,#3757,#3758,#3759,#3760,#3761,#3762,#3763,#3764,#3765,#3766,
#3767,#3768,#3769,#3770),.UNSPECIFIED.,.T.,.F.,(1,3,3,3,3,3,3,3,3,3,3,3,
3,3,3,3,3,3,3,3,3,1),(-0.0339225719444411,0.,0.0536391556500481,0.107274225012202,
0.160970559988538,0.214708788330792,0.26838105836494,0.321982649163338,
0.375618754091407,0.429340869934952,0.483066543108081,0.536707336498288,
0.590307422178355,0.643974364710116,0.697711456338174,0.751412595044798,
0.805027962999507,0.858641394362047,0.91233957624591,0.966077428055559,
1.,1.05363915565005),.UNSPECIFIED.);
#139=B_SPLINE_CURVE_WITH_KNOTS('',3,(#3772,#3773,#3774,#3775,#3776,#3777,
#3778,#3779,#3780,#3781,#3782,#3783,#3784,#3785,#3786,#3787,#3788,#3789,
#3790,#3791,#3792,#3793,#3794,#3795,#3796,#3797,#3798,#3799,#3800,#3801,
#3802,#3803,#3804,#3805,#3806,#3807,#3808,#3809,#3810,#3811,#3812,#3813,
#3814,#3815,#3816,#3817,#3818,#3819,#3820,#3821,#3822,#3823,#3824,#3825,
#3826,#3827,#3828,#3829),.UNSPECIFIED.,.T.,.F.,(1,3,3,3,3,3,3,3,3,3,3,3,
3,3,3,3,3,3,3,3,3,1),(-0.0339225719444411,0.,0.0536391556500481,0.107274225012202,
0.160970559988538,0.214708788330792,0.26838105836494,0.321982649163338,
0.375618754091407,0.429340869934952,0.483066543108081,0.536707336498288,
0.590307422178355,0.643974364710116,0.697711456338174,0.751412595044798,
0.805027962999507,0.858641394362047,0.91233957624591,0.966077428055559,
1.,1.05363915565005),.UNSPECIFIED.);
#140=B_SPLINE_CURVE_WITH_KNOTS('',3,(#3831,#3832,#3833,#3834,#3835,#3836,
#3837,#3838,#3839,#3840,#3841,#3842,#3843,#3844,#3845,#3846,#3847,#3848,
#3849,#3850,#3851,#3852,#3853,#3854,#3855,#3856,#3857,#3858,#3859,#3860,
#3861,#3862,#3863,#3864,#3865,#3866,#3867,#3868,#3869,#3870,#3871,#3872,
#3873,#3874,#3875,#3876,#3877,#3878,#3879,#3880,#3881,#3882,#3883,#3884,
#3885,#3886,#3887,#3888),.UNSPECIFIED.,.T.,.F.,(1,3,3,3,3,3,3,3,3,3,3,3,
3,3,3,3,3,3,3,3,3,1),(-0.0339225719444411,0.,0.0536391556500482,0.107274225012202,
0.160970559988538,0.214708788330792,0.26838105836494,0.321982649163339,
0.375618754091407,0.429340869934952,0.483066543108081,0.536707336498288,
0.590307422178355,0.643974364710116,0.697711456338174,0.751412595044798,
0.805027962999507,0.858641394362047,0.91233957624591,0.966077428055559,
1.,1.05363915565005),.UNSPECIFIED.);
#141=B_SPLINE_CURVE_WITH_KNOTS('',3,(#3890,#3891,#3892,#3893,#3894,#3895,
#3896,#3897,#3898,#3899,#3900,#3901,#3902,#3903,#3904,#3905,#3906,#3907,
#3908,#3909,#3910,#3911,#3912,#3913,#3914,#3915,#3916,#3917,#3918,#3919,
#3920,#3921,#3922,#3923,#3924,#3925,#3926,#3927,#3928,#3929,#3930,#3931,
#3932,#3933,#3934,#3935,#3936,#3937,#3938,#3939,#3940,#3941,#3942,#3943,
#3944,#3945,#3946,#3947),.UNSPECIFIED.,.T.,.F.,(1,3,3,3,3,3,3,3,3,3,3,3,
3,3,3,3,3,3,3,3,3,1),(-0.0339225719444411,0.,0.0536391556500482,0.107274225012202,
0.160970559988538,0.214708788330792,0.26838105836494,0.321982649163339,
0.375618754091407,0.429340869934952,0.483066543108081,0.536707336498288,
0.590307422178355,0.643974364710116,0.697711456338174,0.751412595044798,
0.805027962999507,0.858641394362047,0.91233957624591,0.966077428055559,
1.,1.05363915565005),.UNSPECIFIED.);
#142=B_SPLINE_CURVE_WITH_KNOTS('',3,(#3949,#3950,#3951,#3952,#3953,#3954,
#3955,#3956,#3957,#3958,#3959,#3960,#3961,#3962,#3963,#3964,#3965,#3966,
#3967,#3968,#3969,#3970,#3971,#3972,#3973,#3974,#3975,#3976,#3977,#3978,
#3979,#3980,#3981,#3982,#3983,#3984,#3985,#3986,#3987,#3988,#3989,#3990,
#3991,#3992,#3993,#3994,#3995,#3996,#3997,#3998,#3999,#4000,#4001,#4002,
#4003,#4004,#4005,#4006),.UNSPECIFIED.,.T.,.F.,(1,3,3,3,3,3,3,3,3,3,3,3,
3,3,3,3,3,3,3,3,3,1),(-0.0339225719444411,0.,0.0536391556500481,0.107274225012202,
0.160970559988538,0.214708788330792,0.26838105836494,0.321982649163338,
0.375618754091407,0.429340869934952,0.483066543108081,0.536707336498288,
0.590307422178355,0.643974364710116,0.697711456338174,0.751412595044798,
0.805027962999507,0.858641394362047,0.91233957624591,0.966077428055559,
1.,1.05363915565005),.UNSPECIFIED.);
#143=B_SPLINE_CURVE_WITH_KNOTS('',3,(#4008,#4009,#4010,#4011,#4012,#4013,
#4014,#4015,#4016,#4017,#4018,#4019,#4020,#4021,#4022,#4023,#4024,#4025,
#4026,#4027,#4028,#4029,#4030,#4031,#4032,#4033,#4034,#4035,#4036,#4037,
#4038,#4039,#4040,#4041,#4042,#4043,#4044,#4045,#4046,#4047,#4048,#4049,
#4050,#4051,#4052,#4053,#4054,#4055,#4056,#4057,#4058,#4059,#4060,#4061,
#4062,#4063,#4064,#4065),.UNSPECIFIED.,.T.,.F.,(1,3,3,3,3,3,3,3,3,3,3,3,
3,3,3,3,3,3,3,3,3,1),(-0.0339225719444413,0.,0.0536391556500481,0.107274225012202,
0.160970559988538,0.214708788330792,0.26838105836494,0.321982649163339,
0.375618754091407,0.429340869934952,0.483066543108081,0.536707336498288,
0.590307422178355,0.643974364710116,0.697711456338174,0.751412595044798,
0.805027962999507,0.858641394362047,0.91233957624591,0.966077428055559,
1.,1.05363915565005),.UNSPECIFIED.);
#144=B_SPLINE_CURVE_WITH_KNOTS('',3,(#4067,#4068,#4069,#4070,#4071,#4072,
#4073,#4074,#4075,#4076,#4077,#4078,#4079,#4080,#4081,#4082,#4083,#4084,
#4085,#4086,#4087,#4088,#4089,#4090,#4091,#4092,#4093,#4094,#4095,#4096,
#4097,#4098,#4099,#4100,#4101,#4102,#4103,#4104,#4105,#4106,#4107,#4108,
#4109,#4110,#4111,#4112,#4113,#4114,#4115,#4116,#4117,#4118,#4119,#4120,
#4121,#4122,#4123,#4124),.UNSPECIFIED.,.T.,.F.,(1,3,3,3,3,3,3,3,3,3,3,3,
3,3,3,3,3,3,3,3,3,1),(-0.033922571944441,0.,0.0536391556500481,0.107274225012209,
0.160970559988547,0.214708788330795,0.268381058364941,0.321982649163338,
0.375618754091407,0.429340869934952,0.483066543108081,0.536707336498288,
0.590307422178355,0.643974364710116,0.697711456338174,0.751412595044798,
0.805027962999507,0.858641394362047,0.91233957624591,0.966077428055559,
1.,1.05363915565005),.UNSPECIFIED.);
#145=B_SPLINE_CURVE_WITH_KNOTS('',3,(#4126,#4127,#4128,#4129,#4130,#4131,
#4132,#4133,#4134,#4135,#4136,#4137,#4138,#4139,#4140,#4141,#4142,#4143,
#4144,#4145,#4146,#4147,#4148,#4149,#4150,#4151,#4152,#4153,#4154,#4155,
#4156,#4157,#4158,#4159,#4160,#4161,#4162,#4163,#4164,#4165,#4166,#4167,
#4168,#4169,#4170,#4171,#4172,#4173,#4174,#4175,#4176,#4177,#4178,#4179,
#4180,#4181,#4182,#4183),.UNSPECIFIED.,.T.,.F.,(1,3,3,3,3,3,3,3,3,3,3,3,
3,3,3,3,3,3,3,3,3,1),(-0.033922571944441,0.,0.0536391556500481,0.107274225012209,
0.160970559988547,0.214708788330795,0.268381058364941,0.321982649163338,
0.375618754091407,0.429340869934952,0.483066543108081,0.536707336498288,
0.590307422178355,0.643974364710116,0.697711456338174,0.751412595044798,
0.805027962999507,0.858641394362047,0.91233957624591,0.966077428055559,
1.,1.05363915565005),.UNSPECIFIED.);
#146=B_SPLINE_CURVE_WITH_KNOTS('',3,(#4185,#4186,#4187,#4188,#4189,#4190,
#4191,#4192,#4193,#4194,#4195,#4196,#4197,#4198,#4199,#4200,#4201,#4202,
#4203,#4204,#4205,#4206,#4207,#4208,#4209,#4210,#4211,#4212,#4213,#4214,
#4215,#4216,#4217,#4218,#4219,#4220,#4221,#4222,#4223,#4224,#4225,#4226,
#4227,#4228,#4229,#4230,#4231,#4232,#4233,#4234,#4235,#4236,#4237,#4238,
#4239,#4240,#4241,#4242),.UNSPECIFIED.,.T.,.F.,(1,3,3,3,3,3,3,3,3,3,3,3,
3,3,3,3,3,3,3,3,3,1),(-0.0339225719444411,0.,0.0536391556500481,0.107274225012202,
0.160970559988538,0.214708788330792,0.26838105836494,0.321982649163338,
0.375618754091407,0.429340869934952,0.483066543108081,0.536707336498288,
0.590307422178355,0.643974364710116,0.697711456338174,0.751412595044798,
0.805027962999507,0.858641394362047,0.91233957624591,0.966077428055559,
1.,1.05363915565005),.UNSPECIFIED.);
#147=B_SPLINE_CURVE_WITH_KNOTS('',3,(#4244,#4245,#4246,#4247,#4248,#4249,
#4250,#4251,#4252,#4253,#4254,#4255,#4256,#4257,#4258,#4259,#4260,#4261,
#4262,#4263,#4264,#4265,#4266,#4267,#4268,#4269,#4270,#4271,#4272,#4273,
#4274,#4275,#4276,#4277,#4278,#4279,#4280,#4281,#4282,#4283,#4284,#4285,
#4286,#4287,#4288,#4289,#4290,#4291,#4292,#4293,#4294,#4295,#4296,#4297,
#4298,#4299,#4300,#4301),.UNSPECIFIED.,.T.,.F.,(1,3,3,3,3,3,3,3,3,3,3,3,
3,3,3,3,3,3,3,3,3,1),(-0.0339225719444414,0.,0.0536391556500481,0.107274225012202,
0.160970559988538,0.214708788330792,0.26838105836494,0.321982649163338,
0.375618754091407,0.429340869934952,0.483066543108081,0.536707336498288,
0.590307422178355,0.643974364710116,0.697711456338174,0.751412595044798,
0.805027962999507,0.858641394362047,0.91233957624591,0.966077428055559,
1.,1.05363915565005),.UNSPECIFIED.);
#148=B_SPLINE_CURVE_WITH_KNOTS('',3,(#4303,#4304,#4305,#4306,#4307,#4308,
#4309,#4310,#4311,#4312,#4313,#4314,#4315,#4316,#4317,#4318,#4319,#4320,
#4321,#4322,#4323,#4324,#4325,#4326,#4327,#4328,#4329,#4330,#4331,#4332,
#4333,#4334,#4335,#4336,#4337,#4338,#4339,#4340,#4341,#4342,#4343,#4344,
#4345,#4346,#4347,#4348,#4349,#4350,#4351,#4352,#4353,#4354,#4355,#4356,
#4357,#4358,#4359,#4360),.UNSPECIFIED.,.T.,.F.,(1,3,3,3,3,3,3,3,3,3,3,3,
3,3,3,3,3,3,3,3,3,1),(-0.0339225719444411,0.,0.0536391556500481,0.107274225012202,
0.160970559988538,0.214708788330792,0.26838105836494,0.321982649163338,
0.375618754091407,0.429340869934952,0.483066543108081,0.536707336498288,
0.590307422178355,0.643974364710116,0.697711456338174,0.751412595044798,
0.805027962999507,0.858641394362047,0.91233957624591,0.966077428055559,
1.,1.05363915565005),.UNSPECIFIED.);
#149=B_SPLINE_CURVE_WITH_KNOTS('',3,(#4362,#4363,#4364,#4365,#4366,#4367,
#4368,#4369,#4370,#4371,#4372,#4373,#4374,#4375,#4376,#4377,#4378,#4379,
#4380,#4381,#4382,#4383,#4384,#4385,#4386,#4387,#4388,#4389,#4390,#4391,
#4392,#4393,#4394,#4395,#4396,#4397,#4398,#4399,#4400,#4401,#4402,#4403,
#4404,#4405,#4406,#4407,#4408,#4409,#4410,#4411,#4412,#4413,#4414,#4415,
#4416,#4417,#4418,#4419),.UNSPECIFIED.,.T.,.F.,(1,3,3,3,3,3,3,3,3,3,3,3,
3,3,3,3,3,3,3,3,3,1),(-0.0339225719444411,0.,0.0536391556500481,0.107274225012202,
0.160970559988538,0.214708788330792,0.26838105836494,0.321982649163338,
0.375618754091407,0.429340869934952,0.483066543108081,0.536707336498288,
0.590307422178355,0.643974364710116,0.697711456338174,0.751412595044798,
0.805027962999507,0.858641394362047,0.91233957624591,0.966077428055559,
1.,1.05363915565005),.UNSPECIFIED.);
#150=B_SPLINE_CURVE_WITH_KNOTS('',3,(#4422,#4423,#4424,#4425,#4426,#4427,
#4428,#4429,#4430,#4431,#4432,#4433,#4434,#4435,#4436,#4437,#4438,#4439,
#4440,#4441,#4442,#4443,#4444,#4445,#4446,#4447,#4448,#4449,#4450,#4451,
#4452,#4453,#4454,#4455,#4456,#4457,#4458,#4459,#4460,#4461,#4462,#4463,
#4464,#4465,#4466,#4467,#4468,#4469,#4470,#4471,#4472,#4473,#4474,#4475,
#4476,#4477,#4478,#4479),.UNSPECIFIED.,.T.,.F.,(1,3,3,3,3,3,3,3,3,3,3,3,
3,3,3,3,3,3,3,3,3,1),(-0.0338734188034338,0.,0.0536444845886381,0.10728521615268,
0.160982217645636,0.214717682796908,0.26839256190304,0.322002523155154,
0.375644220293625,0.429364919570766,0.483088828574423,0.536734781410285,
0.590343395921399,0.644013446470604,0.697747883063552,0.751449240695497,
0.805071826983645,0.858692711753362,0.912391478050366,0.966126581196566,
1.,1.05364448458864),.UNSPECIFIED.);
#151=B_SPLINE_CURVE_WITH_KNOTS('',3,(#4481,#4482,#4483,#4484,#4485,#4486,
#4487,#4488,#4489,#4490,#4491,#4492,#4493,#4494,#4495,#4496,#4497,#4498,
#4499,#4500,#4501,#4502,#4503,#4504,#4505,#4506,#4507,#4508,#4509,#4510,
#4511,#4512,#4513,#4514,#4515,#4516,#4517,#4518,#4519,#4520,#4521,#4522,
#4523,#4524,#4525,#4526,#4527,#4528,#4529,#4530,#4531,#4532,#4533,#4534,
#4535,#4536,#4537,#4538),.UNSPECIFIED.,.T.,.F.,(1,3,3,3,3,3,3,3,3,3,3,3,
3,3,3,3,3,3,3,3,3,1),(-0.0338734188034338,0.,0.0536444845886381,0.10728521615268,
0.160982217645636,0.214717682796908,0.26839256190304,0.322002523155154,
0.375644220293625,0.429364919570766,0.483088828574423,0.536734781410285,
0.590343395921399,0.644013446470604,0.697747883063552,0.751449240695497,
0.805071826983645,0.858692711753362,0.912391478050366,0.966126581196566,
1.,1.05364448458864),.UNSPECIFIED.);
#152=B_SPLINE_CURVE_WITH_KNOTS('',3,(#4540,#4541,#4542,#4543,#4544,#4545,
#4546,#4547,#4548,#4549,#4550,#4551,#4552,#4553,#4554,#4555,#4556,#4557,
#4558,#4559,#4560,#4561,#4562,#4563,#4564,#4565,#4566,#4567,#4568,#4569,
#4570,#4571,#4572,#4573,#4574,#4575,#4576,#4577,#4578,#4579,#4580,#4581,
#4582,#4583,#4584,#4585,#4586,#4587,#4588,#4589,#4590,#4591,#4592,#4593,
#4594,#4595,#4596,#4597),.UNSPECIFIED.,.T.,.F.,(1,3,3,3,3,3,3,3,3,3,3,3,
3,3,3,3,3,3,3,3,3,1),(-0.0338734188034339,0.,0.053644484588638,0.10728521615268,
0.160982217645636,0.214717682796908,0.268392561903039,0.322002523155154,
0.375644220293625,0.429364919570766,0.483088828574423,0.536734781410285,
0.590343395921399,0.644013446470604,0.697747883063552,0.751449240695497,
0.805071826983645,0.858692711753361,0.912391478050365,0.966126581196566,
1.,1.05364448458864),.UNSPECIFIED.);
#153=B_SPLINE_CURVE_WITH_KNOTS('',3,(#4599,#4600,#4601,#4602,#4603,#4604,
#4605,#4606,#4607,#4608,#4609,#4610,#4611,#4612,#4613,#4614,#4615,#4616,
#4617,#4618,#4619,#4620,#4621,#4622,#4623,#4624,#4625,#4626,#4627,#4628,
#4629,#4630,#4631,#4632,#4633,#4634,#4635,#4636,#4637,#4638,#4639,#4640,
#4641,#4642,#4643,#4644,#4645,#4646,#4647,#4648,#4649,#4650,#4651,#4652,
#4653,#4654,#4655,#4656),.UNSPECIFIED.,.T.,.F.,(1,3,3,3,3,3,3,3,3,3,3,3,
3,3,3,3,3,3,3,3,3,1),(-0.0338734188034339,0.,0.053644484588638,0.10728521615268,
0.160982217645636,0.214717682796908,0.268392561903039,0.322002523155154,
0.375644220293625,0.429364919570766,0.483088828574423,0.536734781410285,
0.590343395921399,0.644013446470604,0.697747883063552,0.751449240695497,
0.805071826983645,0.858692711753361,0.912391478050365,0.966126581196566,
1.,1.05364448458864),.UNSPECIFIED.);
#154=B_SPLINE_CURVE_WITH_KNOTS('',3,(#4658,#4659,#4660,#4661,#4662,#4663,
#4664,#4665,#4666,#4667,#4668,#4669,#4670,#4671,#4672,#4673,#4674,#4675,
#4676,#4677,#4678,#4679,#4680,#4681,#4682,#4683,#4684,#4685,#4686,#4687,
#4688,#4689,#4690,#4691,#4692,#4693,#4694,#4695,#4696,#4697,#4698,#4699,
#4700,#4701,#4702,#4703,#4704,#4705,#4706,#4707,#4708,#4709,#4710,#4711,
#4712,#4713,#4714,#4715),.UNSPECIFIED.,.T.,.F.,(1,3,3,3,3,3,3,3,3,3,3,3,
3,3,3,3,3,3,3,3,3,1),(-0.0338734188034336,0.,0.0536444845886381,0.10728521615268,
0.160982217645639,0.214717682796909,0.26839256190304,0.322002523155154,
0.375644220293625,0.429364919570766,0.483088828574423,0.536734781410285,
0.5903433959214,0.644013446470604,0.697747883063552,0.751449240695498,0.805071826983645,
0.858692711753362,0.912391478050366,0.966126581196566,1.,1.05364448458864),
 .UNSPECIFIED.);
#155=B_SPLINE_CURVE_WITH_KNOTS('',3,(#4717,#4718,#4719,#4720,#4721,#4722,
#4723,#4724,#4725,#4726,#4727,#4728,#4729,#4730,#4731,#4732,#4733,#4734,
#4735,#4736,#4737,#4738,#4739,#4740,#4741,#4742,#4743,#4744,#4745,#4746,
#4747,#4748,#4749,#4750,#4751,#4752,#4753,#4754,#4755,#4756,#4757,#4758,
#4759,#4760,#4761,#4762,#4763,#4764,#4765,#4766,#4767,#4768,#4769,#4770,
#4771,#4772,#4773,#4774),.UNSPECIFIED.,.T.,.F.,(1,3,3,3,3,3,3,3,3,3,3,3,
3,3,3,3,3,3,3,3,3,1),(-0.0338734188034336,0.,0.0536444845886381,0.10728521615268,
0.160982217645639,0.214717682796909,0.26839256190304,0.322002523155154,
0.375644220293625,0.429364919570766,0.483088828574423,0.536734781410285,
0.5903433959214,0.644013446470604,0.697747883063552,0.751449240695498,0.805071826983645,
0.858692711753362,0.912391478050366,0.966126581196566,1.,1.05364448458864),
 .UNSPECIFIED.);
#156=B_SPLINE_CURVE_WITH_KNOTS('',3,(#4776,#4777,#4778,#4779,#4780,#4781,
#4782,#4783,#4784,#4785,#4786,#4787,#4788,#4789,#4790,#4791,#4792,#4793,
#4794,#4795,#4796,#4797,#4798,#4799,#4800,#4801,#4802,#4803,#4804,#4805,
#4806,#4807,#4808,#4809,#4810,#4811,#4812,#4813,#4814,#4815,#4816,#4817,
#4818,#4819,#4820,#4821,#4822,#4823,#4824,#4825,#4826,#4827,#4828,#4829,
#4830,#4831,#4832,#4833),.UNSPECIFIED.,.T.,.F.,(1,3,3,3,3,3,3,3,3,3,3,3,
3,3,3,3,3,3,3,3,3,1),(-0.0338734188034335,0.,0.0536444845886381,0.10728521615268,
0.160982217645639,0.214717682796909,0.268392561903039,0.322002523155155,
0.375644220293625,0.429364919570766,0.483088828574423,0.536734781410285,
0.590343395921399,0.644013446470604,0.697747883063552,0.751449240695498,
0.805071826983646,0.858692711753362,0.912391478050366,0.966126581196566,
1.,1.05364448458864),.UNSPECIFIED.);
#157=B_SPLINE_CURVE_WITH_KNOTS('',3,(#4835,#4836,#4837,#4838,#4839,#4840,
#4841,#4842,#4843,#4844,#4845,#4846,#4847,#4848,#4849,#4850,#4851,#4852,
#4853,#4854,#4855,#4856,#4857,#4858,#4859,#4860,#4861,#4862,#4863,#4864,
#4865,#4866,#4867,#4868,#4869,#4870,#4871,#4872,#4873,#4874,#4875,#4876,
#4877,#4878,#4879,#4880,#4881,#4882,#4883,#4884,#4885,#4886,#4887,#4888,
#4889,#4890,#4891,#4892),.UNSPECIFIED.,.T.,.F.,(1,3,3,3,3,3,3,3,3,3,3,3,
3,3,3,3,3,3,3,3,3,1),(-0.0338734188034335,0.,0.0536444845886381,0.10728521615268,
0.160982217645639,0.214717682796909,0.268392561903039,0.322002523155155,
0.375644220293625,0.429364919570766,0.483088828574423,0.536734781410285,
0.590343395921399,0.644013446470604,0.697747883063552,0.751449240695498,
0.805071826983646,0.858692711753362,0.912391478050366,0.966126581196566,
1.,1.05364448458864),.UNSPECIFIED.);
#158=B_SPLINE_CURVE_WITH_KNOTS('',3,(#4894,#4895,#4896,#4897,#4898,#4899,
#4900,#4901,#4902,#4903,#4904,#4905,#4906,#4907,#4908,#4909,#4910,#4911,
#4912,#4913,#4914,#4915,#4916,#4917,#4918,#4919,#4920,#4921,#4922,#4923,
#4924,#4925,#4926,#4927,#4928,#4929,#4930,#4931,#4932,#4933,#4934,#4935,
#4936,#4937,#4938,#4939,#4940,#4941,#4942,#4943,#4944,#4945,#4946,#4947,
#4948,#4949,#4950,#4951),.UNSPECIFIED.,.T.,.F.,(1,3,3,3,3,3,3,3,3,3,3,3,
3,3,3,3,3,3,3,3,3,1),(-0.0338734188034336,0.,0.0536444845886381,0.10728521615268,
0.160982217645638,0.214717682796909,0.26839256190304,0.322002523155154,
0.375644220293625,0.429364919570766,0.483088828574423,0.536734781410285,
0.590343395921399,0.644013446470604,0.697747883063552,0.751449240695497,
0.805071826983645,0.858692711753362,0.912391478050366,0.966126581196566,
1.,1.05364448458864),.UNSPECIFIED.);
#159=B_SPLINE_CURVE_WITH_KNOTS('',3,(#4953,#4954,#4955,#4956,#4957,#4958,
#4959,#4960,#4961,#4962,#4963,#4964,#4965,#4966,#4967,#4968,#4969,#4970,
#4971,#4972,#4973,#4974,#4975,#4976,#4977,#4978,#4979,#4980,#4981,#4982,
#4983,#4984,#4985,#4986,#4987,#4988,#4989,#4990,#4991,#4992,#4993,#4994,
#4995,#4996,#4997,#4998,#4999,#5000,#5001,#5002,#5003,#5004,#5005,#5006,
#5007,#5008,#5009,#5010),.UNSPECIFIED.,.T.,.F.,(1,3,3,3,3,3,3,3,3,3,3,3,
3,3,3,3,3,3,3,3,3,1),(-0.0338734188034336,0.,0.0536444845886381,0.10728521615268,
0.160982217645638,0.214717682796909,0.26839256190304,0.322002523155154,
0.375644220293625,0.429364919570766,0.483088828574423,0.536734781410285,
0.590343395921399,0.644013446470604,0.697747883063552,0.751449240695497,
0.805071826983645,0.858692711753362,0.912391478050366,0.966126581196566,
1.,1.05364448458864),.UNSPECIFIED.);
#160=B_SPLINE_CURVE_WITH_KNOTS('',3,(#5012,#5013,#5014,#5015,#5016,#5017,
#5018,#5019,#5020,#5021,#5022,#5023,#5024,#5025,#5026,#5027,#5028,#5029,
#5030,#5031,#5032,#5033,#5034,#5035,#5036,#5037,#5038,#5039,#5040,#5041,
#5042,#5043,#5044,#5045,#5046,#5047,#5048,#5049,#5050,#5051,#5052,#5053,
#5054,#5055,#5056,#5057,#5058,#5059,#5060,#5061,#5062,#5063,#5064,#5065,
#5066,#5067,#5068,#5069),.UNSPECIFIED.,.T.,.F.,(1,3,3,3,3,3,3,3,3,3,3,3,
3,3,3,3,3,3,3,3,3,1),(-0.0338734188034336,0.,0.0536444845886381,0.10728521615268,
0.160982217645636,0.214717682796908,0.26839256190304,0.322002523155154,
0.375644220293625,0.429364919570766,0.483088828574423,0.536734781410285,
0.590343395921399,0.644013446470605,0.697747883063552,0.751449240695497,
0.805071826983645,0.858692711753362,0.912391478050366,0.966126581196566,
1.,1.05364448458864),.UNSPECIFIED.);
#161=B_SPLINE_CURVE_WITH_KNOTS('',3,(#5071,#5072,#5073,#5074,#5075,#5076,
#5077,#5078,#5079,#5080,#5081,#5082,#5083,#5084,#5085,#5086,#5087,#5088,
#5089,#5090,#5091,#5092,#5093,#5094,#5095,#5096,#5097,#5098,#5099,#5100,
#5101,#5102,#5103,#5104,#5105,#5106,#5107,#5108,#5109,#5110,#5111,#5112,
#5113,#5114,#5115,#5116,#5117,#5118,#5119,#5120,#5121,#5122,#5123,#5124,
#5125,#5126,#5127,#5128),.UNSPECIFIED.,.T.,.F.,(1,3,3,3,3,3,3,3,3,3,3,3,
3,3,3,3,3,3,3,3,3,1),(-0.0338734188034336,0.,0.0536444845886381,0.10728521615268,
0.160982217645636,0.214717682796908,0.26839256190304,0.322002523155154,
0.375644220293625,0.429364919570766,0.483088828574423,0.536734781410285,
0.590343395921399,0.644013446470605,0.697747883063552,0.751449240695497,
0.805071826983645,0.858692711753362,0.912391478050366,0.966126581196566,
1.,1.05364448458864),.UNSPECIFIED.);
#162=B_SPLINE_CURVE_WITH_KNOTS('',3,(#5130,#5131,#5132,#5133,#5134,#5135,
#5136,#5137,#5138,#5139,#5140,#5141,#5142,#5143,#5144,#5145,#5146,#5147,
#5148,#5149,#5150,#5151,#5152,#5153,#5154,#5155,#5156,#5157,#5158,#5159,
#5160,#5161,#5162,#5163,#5164,#5165,#5166,#5167,#5168,#5169,#5170,#5171,
#5172,#5173,#5174,#5175,#5176,#5177,#5178,#5179,#5180,#5181,#5182,#5183,
#5184,#5185,#5186,#5187),.UNSPECIFIED.,.T.,.F.,(1,3,3,3,3,3,3,3,3,3,3,3,
3,3,3,3,3,3,3,3,3,1),(-0.0338734188034336,0.,0.0536444845886381,0.10728521615268,
0.160982217645639,0.214717682796909,0.26839256190304,0.322002523155154,
0.375644220293625,0.429364919570766,0.483088828574423,0.536734781410285,
0.5903433959214,0.644013446470605,0.697747883063552,0.751449240695497,0.805071826983645,
0.858692711753362,0.912391478050366,0.966126581196566,1.,1.05364448458864),
 .UNSPECIFIED.);
#163=B_SPLINE_CURVE_WITH_KNOTS('',3,(#5189,#5190,#5191,#5192,#5193,#5194,
#5195,#5196,#5197,#5198,#5199,#5200,#5201,#5202,#5203,#5204,#5205,#5206,
#5207,#5208,#5209,#5210,#5211,#5212,#5213,#5214,#5215,#5216,#5217,#5218,
#5219,#5220,#5221,#5222,#5223,#5224,#5225,#5226,#5227,#5228,#5229,#5230,
#5231,#5232,#5233,#5234,#5235,#5236,#5237,#5238,#5239,#5240,#5241,#5242,
#5243,#5244,#5245,#5246),.UNSPECIFIED.,.T.,.F.,(1,3,3,3,3,3,3,3,3,3,3,3,
3,3,3,3,3,3,3,3,3,1),(-0.0338734188034336,0.,0.0536444845886381,0.10728521615268,
0.160982217645639,0.214717682796909,0.26839256190304,0.322002523155154,
0.375644220293625,0.429364919570766,0.483088828574423,0.536734781410285,
0.5903433959214,0.644013446470605,0.697747883063552,0.751449240695497,0.805071826983645,
0.858692711753362,0.912391478050366,0.966126581196566,1.,1.05364448458864),
 .UNSPECIFIED.);
#164=B_SPLINE_CURVE_WITH_KNOTS('',3,(#5248,#5249,#5250,#5251,#5252,#5253,
#5254,#5255,#5256,#5257,#5258,#5259,#5260,#5261,#5262,#5263,#5264,#5265,
#5266,#5267,#5268,#5269,#5270,#5271,#5272,#5273,#5274,#5275,#5276,#5277,
#5278,#5279,#5280,#5281,#5282,#5283,#5284,#5285,#5286,#5287,#5288,#5289,
#5290,#5291,#5292,#5293,#5294,#5295,#5296,#5297,#5298,#5299,#5300,#5301,
#5302,#5303,#5304,#5305),.UNSPECIFIED.,.T.,.F.,(1,3,3,3,3,3,3,3,3,3,3,3,
3,3,3,3,3,3,3,3,3,1),(-0.0338734188034338,0.,0.0536444845886381,0.10728521615268,
0.160982217645638,0.214717682796909,0.26839256190304,0.322002523155154,
0.375644220293625,0.429364919570765,0.483088828574423,0.536734781410285,
0.590343395921399,0.644013446470604,0.697747883063552,0.751449240695497,
0.805071826983645,0.858692711753362,0.912391478050366,0.966126581196566,
1.,1.05364448458864),.UNSPECIFIED.);
#165=B_SPLINE_CURVE_WITH_KNOTS('',3,(#5307,#5308,#5309,#5310,#5311,#5312,
#5313,#5314,#5315,#5316,#5317,#5318,#5319,#5320,#5321,#5322,#5323,#5324,
#5325,#5326,#5327,#5328,#5329,#5330,#5331,#5332,#5333,#5334,#5335,#5336,
#5337,#5338,#5339,#5340,#5341,#5342,#5343,#5344,#5345,#5346,#5347,#5348,
#5349,#5350,#5351,#5352,#5353,#5354,#5355,#5356,#5357,#5358,#5359,#5360,
#5361,#5362,#5363,#5364),.UNSPECIFIED.,.T.,.F.,(1,3,3,3,3,3,3,3,3,3,3,3,
3,3,3,3,3,3,3,3,3,1),(-0.0338734188034338,0.,0.0536444845886381,0.10728521615268,
0.160982217645638,0.214717682796909,0.26839256190304,0.322002523155154,
0.375644220293625,0.429364919570765,0.483088828574423,0.536734781410285,
0.590343395921399,0.644013446470604,0.697747883063552,0.751449240695497,
0.805071826983645,0.858692711753362,0.912391478050366,0.966126581196566,
1.,1.05364448458864),.UNSPECIFIED.);
#166=B_SPLINE_CURVE_WITH_KNOTS('',3,(#5366,#5367,#5368,#5369,#5370,#5371,
#5372,#5373,#5374,#5375,#5376,#5377,#5378,#5379,#5380,#5381,#5382,#5383,
#5384,#5385,#5386,#5387,#5388,#5389,#5390,#5391,#5392,#5393,#5394,#5395,
#5396,#5397,#5398,#5399,#5400,#5401,#5402,#5403,#5404,#5405,#5406,#5407,
#5408,#5409,#5410,#5411,#5412,#5413,#5414,#5415,#5416,#5417,#5418,#5419,
#5420,#5421,#5422,#5423),.UNSPECIFIED.,.T.,.F.,(1,3,3,3,3,3,3,3,3,3,3,3,
3,3,3,3,3,3,3,3,3,1),(-0.0338734188034336,0.,0.0536444845886381,0.10728521615268,
0.160982217645636,0.214717682796908,0.26839256190304,0.322002523155154,
0.375644220293625,0.429364919570766,0.483088828574423,0.536734781410285,
0.5903433959214,0.644013446470605,0.697747883063552,0.751449240695497,0.805071826983646,
0.858692711753362,0.912391478050366,0.966126581196566,1.,1.05364448458864),
 .UNSPECIFIED.);
#167=B_SPLINE_CURVE_WITH_KNOTS('',3,(#5425,#5426,#5427,#5428,#5429,#5430,
#5431,#5432,#5433,#5434,#5435,#5436,#5437,#5438,#5439,#5440,#5441,#5442,
#5443,#5444,#5445,#5446,#5447,#5448,#5449,#5450,#5451,#5452,#5453,#5454,
#5455,#5456,#5457,#5458,#5459,#5460,#5461,#5462,#5463,#5464,#5465,#5466,
#5467,#5468,#5469,#5470,#5471,#5472,#5473,#5474,#5475,#5476,#5477,#5478,
#5479,#5480,#5481,#5482),.UNSPECIFIED.,.T.,.F.,(1,3,3,3,3,3,3,3,3,3,3,3,
3,3,3,3,3,3,3,3,3,1),(-0.0338734188034336,0.,0.0536444845886381,0.10728521615268,
0.160982217645636,0.214717682796908,0.26839256190304,0.322002523155154,
0.375644220293625,0.429364919570766,0.483088828574423,0.536734781410285,
0.5903433959214,0.644013446470605,0.697747883063552,0.751449240695497,0.805071826983646,
0.858692711753362,0.912391478050366,0.966126581196566,1.,1.05364448458864),
 .UNSPECIFIED.);
#168=B_SPLINE_CURVE_WITH_KNOTS('',3,(#5484,#5485,#5486,#5487,#5488,#5489,
#5490,#5491,#5492,#5493,#5494,#5495,#5496,#5497,#5498,#5499,#5500,#5501,
#5502,#5503,#5504,#5505,#5506,#5507,#5508,#5509,#5510,#5511,#5512,#5513,
#5514,#5515,#5516,#5517,#5518,#5519,#5520,#5521,#5522,#5523,#5524,#5525,
#5526,#5527,#5528,#5529,#5530,#5531,#5532,#5533,#5534,#5535,#5536,#5537,
#5538,#5539,#5540,#5541),.UNSPECIFIED.,.T.,.F.,(1,3,3,3,3,3,3,3,3,3,3,3,
3,3,3,3,3,3,3,3,3,1),(-0.0338734188034338,0.,0.0536444845886381,0.10728521615268,
0.160982217645636,0.214717682796908,0.26839256190304,0.322002523155154,
0.375644220293625,0.429364919570766,0.483088828574423,0.536734781410285,
0.590343395921399,0.644013446470604,0.697747883063552,0.751449240695497,
0.805071826983645,0.858692711753362,0.912391478050366,0.966126581196566,
1.,1.05364448458864),.UNSPECIFIED.);
#169=B_SPLINE_CURVE_WITH_KNOTS('',3,(#5543,#5544,#5545,#5546,#5547,#5548,
#5549,#5550,#5551,#5552,#5553,#5554,#5555,#5556,#5557,#5558,#5559,#5560,
#5561,#5562,#5563,#5564,#5565,#5566,#5567,#5568,#5569,#5570,#5571,#5572,
#5573,#5574,#5575,#5576,#5577,#5578,#5579,#5580,#5581,#5582,#5583,#5584,
#5585,#5586,#5587,#5588,#5589,#5590,#5591,#5592,#5593,#5594,#5595,#5596,
#5597,#5598,#5599,#5600),.UNSPECIFIED.,.T.,.F.,(1,3,3,3,3,3,3,3,3,3,3,3,
3,3,3,3,3,3,3,3,3,1),(-0.0338734188034338,0.,0.0536444845886381,0.10728521615268,
0.160982217645636,0.214717682796908,0.26839256190304,0.322002523155154,
0.375644220293625,0.429364919570766,0.483088828574423,0.536734781410285,
0.590343395921399,0.644013446470604,0.697747883063552,0.751449240695497,
0.805071826983645,0.858692711753362,0.912391478050366,0.966126581196566,
1.,1.05364448458864),.UNSPECIFIED.);
#170=B_SPLINE_CURVE_WITH_KNOTS('',3,(#5602,#5603,#5604,#5605,#5606,#5607,
#5608,#5609,#5610,#5611,#5612,#5613,#5614,#5615,#5616,#5617,#5618,#5619,
#5620,#5621,#5622,#5623,#5624,#5625,#5626,#5627,#5628,#5629,#5630,#5631,
#5632,#5633,#5634,#5635,#5636,#5637,#5638,#5639,#5640,#5641,#5642,#5643,
#5644,#5645,#5646,#5647,#5648,#5649,#5650,#5651,#5652,#5653,#5654,#5655,
#5656,#5657,#5658,#5659),.UNSPECIFIED.,.T.,.F.,(1,3,3,3,3,3,3,3,3,3,3,3,
3,3,3,3,3,3,3,3,3,1),(-0.0338734188034335,0.,0.053644484588638,0.10728521615268,
0.160982217645639,0.214717682796909,0.26839256190304,0.322002523155154,
0.375644220293625,0.429364919570766,0.483088828574423,0.536734781410285,
0.590343395921399,0.644013446470604,0.697747883063552,0.751449240695497,
0.805071826983645,0.858692711753362,0.912391478050366,0.966126581196566,
1.,1.05364448458864),.UNSPECIFIED.);
#171=B_SPLINE_CURVE_WITH_KNOTS('',3,(#5661,#5662,#5663,#5664,#5665,#5666,
#5667,#5668,#5669,#5670,#5671,#5672,#5673,#5674,#5675,#5676,#5677,#5678,
#5679,#5680,#5681,#5682,#5683,#5684,#5685,#5686,#5687,#5688,#5689,#5690,
#5691,#5692,#5693,#5694,#5695,#5696,#5697,#5698,#5699,#5700,#5701,#5702,
#5703,#5704,#5705,#5706,#5707,#5708,#5709,#5710,#5711,#5712,#5713,#5714,
#5715,#5716,#5717,#5718),.UNSPECIFIED.,.T.,.F.,(1,3,3,3,3,3,3,3,3,3,3,3,
3,3,3,3,3,3,3,3,3,1),(-0.0338734188034335,0.,0.053644484588638,0.10728521615268,
0.160982217645639,0.214717682796909,0.26839256190304,0.322002523155154,
0.375644220293625,0.429364919570766,0.483088828574423,0.536734781410285,
0.590343395921399,0.644013446470604,0.697747883063552,0.751449240695497,
0.805071826983645,0.858692711753362,0.912391478050366,0.966126581196566,
1.,1.05364448458864),.UNSPECIFIED.);
#172=B_SPLINE_CURVE_WITH_KNOTS('',3,(#5720,#5721,#5722,#5723,#5724,#5725,
#5726,#5727,#5728,#5729,#5730,#5731,#5732,#5733,#5734,#5735,#5736,#5737,
#5738,#5739,#5740,#5741,#5742,#5743,#5744,#5745,#5746,#5747,#5748,#5749,
#5750,#5751,#5752,#5753,#5754,#5755,#5756,#5757,#5758,#5759,#5760,#5761,
#5762,#5763,#5764,#5765,#5766,#5767,#5768,#5769,#5770,#5771,#5772,#5773,
#5774,#5775,#5776,#5777),.UNSPECIFIED.,.T.,.F.,(1,3,3,3,3,3,3,3,3,3,3,3,
3,3,3,3,3,3,3,3,3,1),(-0.0338734188034338,0.,0.0536444845886381,0.10728521615268,
0.160982217645639,0.214717682796909,0.26839256190304,0.322002523155154,
0.375644220293625,0.429364919570766,0.483088828574423,0.536734781410285,
0.590343395921399,0.644013446470604,0.697747883063552,0.751449240695497,
0.805071826983645,0.858692711753362,0.912391478050366,0.966126581196566,
1.,1.05364448458864),.UNSPECIFIED.);
#173=B_SPLINE_CURVE_WITH_KNOTS('',3,(#5779,#5780,#5781,#5782,#5783,#5784,
#5785,#5786,#5787,#5788,#5789,#5790,#5791,#5792,#5793,#5794,#5795,#5796,
#5797,#5798,#5799,#5800,#5801,#5802,#5803,#5804,#5805,#5806,#5807,#5808,
#5809,#5810,#5811,#5812,#5813,#5814,#5815,#5816,#5817,#5818,#5819,#5820,
#5821,#5822,#5823,#5824,#5825,#5826,#5827,#5828,#5829,#5830,#5831,#5832,
#5833,#5834,#5835,#5836),.UNSPECIFIED.,.T.,.F.,(1,3,3,3,3,3,3,3,3,3,3,3,
3,3,3,3,3,3,3,3,3,1),(-0.0338734188034338,0.,0.0536444845886381,0.10728521615268,
0.160982217645639,0.214717682796909,0.26839256190304,0.322002523155154,
0.375644220293625,0.429364919570766,0.483088828574423,0.536734781410285,
0.590343395921399,0.644013446470604,0.697747883063552,0.751449240695497,
0.805071826983645,0.858692711753362,0.912391478050366,0.966126581196566,
1.,1.05364448458864),.UNSPECIFIED.);
#174=B_SPLINE_CURVE_WITH_KNOTS('',3,(#5838,#5839,#5840,#5841,#5842,#5843,
#5844,#5845,#5846,#5847,#5848,#5849,#5850,#5851,#5852,#5853,#5854,#5855,
#5856,#5857,#5858,#5859,#5860,#5861,#5862,#5863,#5864,#5865,#5866,#5867,
#5868,#5869,#5870,#5871,#5872,#5873,#5874,#5875,#5876,#5877,#5878,#5879,
#5880,#5881,#5882,#5883,#5884,#5885,#5886,#5887,#5888,#5889,#5890,#5891,
#5892,#5893,#5894,#5895),.UNSPECIFIED.,.T.,.F.,(1,3,3,3,3,3,3,3,3,3,3,3,
3,3,3,3,3,3,3,3,3,1),(-0.0338734188034338,0.,0.053644484588638,0.10728521615268,
0.160982217645638,0.214717682796909,0.26839256190304,0.322002523155154,
0.375644220293625,0.429364919570765,0.483088828574423,0.536734781410285,
0.590343395921399,0.644013446470604,0.697747883063552,0.751449240695497,
0.805071826983645,0.858692711753361,0.912391478050366,0.966126581196566,
1.,1.05364448458864),.UNSPECIFIED.);
#175=B_SPLINE_CURVE_WITH_KNOTS('',3,(#5897,#5898,#5899,#5900,#5901,#5902,
#5903,#5904,#5905,#5906,#5907,#5908,#5909,#5910,#5911,#5912,#5913,#5914,
#5915,#5916,#5917,#5918,#5919,#5920,#5921,#5922,#5923,#5924,#5925,#5926,
#5927,#5928,#5929,#5930,#5931,#5932,#5933,#5934,#5935,#5936,#5937,#5938,
#5939,#5940,#5941,#5942,#5943,#5944,#5945,#5946,#5947,#5948,#5949,#5950,
#5951,#5952,#5953,#5954),.UNSPECIFIED.,.T.,.F.,(1,3,3,3,3,3,3,3,3,3,3,3,
3,3,3,3,3,3,3,3,3,1),(-0.0338734188034338,0.,0.053644484588638,0.10728521615268,
0.160982217645638,0.214717682796909,0.26839256190304,0.322002523155154,
0.375644220293625,0.429364919570765,0.483088828574423,0.536734781410285,
0.590343395921399,0.644013446470604,0.697747883063552,0.751449240695497,
0.805071826983645,0.858692711753361,0.912391478050366,0.966126581196566,
1.,1.05364448458864),.UNSPECIFIED.);
#176=B_SPLINE_CURVE_WITH_KNOTS('',3,(#5956,#5957,#5958,#5959,#5960,#5961,
#5962,#5963,#5964,#5965,#5966,#5967,#5968,#5969,#5970,#5971,#5972,#5973,
#5974,#5975,#5976,#5977,#5978,#5979,#5980,#5981,#5982,#5983,#5984,#5985,
#5986,#5987,#5988,#5989,#5990,#5991,#5992,#5993,#5994,#5995,#5996,#5997,
#5998,#5999,#6000,#6001,#6002,#6003,#6004,#6005,#6006,#6007,#6008,#6009,
#6010,#6011,#6012,#6013),.UNSPECIFIED.,.T.,.F.,(1,3,3,3,3,3,3,3,3,3,3,3,
3,3,3,3,3,3,3,3,3,1),(-0.0338734188034338,0.,0.0536444845886381,0.10728521615268,
0.160982217645639,0.214717682796909,0.26839256190304,0.322002523155154,
0.375644220293625,0.429364919570766,0.483088828574423,0.536734781410285,
0.590343395921399,0.644013446470604,0.697747883063552,0.751449240695497,
0.805071826983645,0.858692711753362,0.912391478050366,0.966126581196566,
1.,1.05364448458864),.UNSPECIFIED.);
#177=B_SPLINE_CURVE_WITH_KNOTS('',3,(#6015,#6016,#6017,#6018,#6019,#6020,
#6021,#6022,#6023,#6024,#6025,#6026,#6027,#6028,#6029,#6030,#6031,#6032,
#6033,#6034,#6035,#6036,#6037,#6038,#6039,#6040,#6041,#6042,#6043,#6044,
#6045,#6046,#6047,#6048,#6049,#6050,#6051,#6052,#6053,#6054,#6055,#6056,
#6057,#6058,#6059,#6060,#6061,#6062,#6063,#6064,#6065,#6066,#6067,#6068,
#6069,#6070,#6071,#6072),.UNSPECIFIED.,.T.,.F.,(1,3,3,3,3,3,3,3,3,3,3,3,
3,3,3,3,3,3,3,3,3,1),(-0.0338734188034339,0.,0.053644484588638,0.10728521615268,
0.160982217645638,0.214717682796909,0.26839256190304,0.322002523155154,
0.375644220293624,0.429364919570765,0.483088828574423,0.536734781410285,
0.590343395921399,0.644013446470604,0.697747883063552,0.751449240695497,
0.805071826983645,0.858692711753361,0.912391478050365,0.966126581196566,
1.,1.05364448458864),.UNSPECIFIED.);
#178=B_SPLINE_CURVE_WITH_KNOTS('',3,(#6074,#6075,#6076,#6077,#6078,#6079,
#6080,#6081,#6082,#6083,#6084,#6085,#6086,#6087,#6088,#6089,#6090,#6091,
#6092,#6093,#6094,#6095,#6096,#6097,#6098,#6099,#6100,#6101,#6102,#6103,
#6104,#6105,#6106,#6107,#6108,#6109,#6110,#6111,#6112,#6113,#6114,#6115,
#6116,#6117,#6118,#6119,#6120,#6121,#6122,#6123,#6124,#6125,#6126,#6127,
#6128,#6129,#6130,#6131),.UNSPECIFIED.,.T.,.F.,(1,3,3,3,3,3,3,3,3,3,3,3,
3,3,3,3,3,3,3,3,3,1),(-0.0338734188034336,0.,0.0536444845886381,0.10728521615268,
0.160982217645639,0.214717682796909,0.26839256190304,0.322002523155154,
0.375644220293625,0.429364919570766,0.483088828574423,0.536734781410285,
0.590343395921399,0.644013446470604,0.697747883063552,0.751449240695497,
0.805071826983645,0.858692711753361,0.912391478050366,0.966126581196566,
1.,1.05364448458864),.UNSPECIFIED.);
#179=B_SPLINE_CURVE_WITH_KNOTS('',3,(#6133,#6134,#6135,#6136,#6137,#6138,
#6139,#6140,#6141,#6142,#6143,#6144,#6145,#6146,#6147,#6148,#6149,#6150,
#6151,#6152,#6153,#6154,#6155,#6156,#6157,#6158,#6159,#6160,#6161,#6162,
#6163,#6164,#6165,#6166,#6167,#6168,#6169,#6170,#6171,#6172,#6173,#6174,
#6175,#6176,#6177,#6178,#6179,#6180,#6181,#6182,#6183,#6184,#6185,#6186,
#6187,#6188,#6189,#6190),.UNSPECIFIED.,.T.,.F.,(1,3,3,3,3,3,3,3,3,3,3,3,
3,3,3,3,3,3,3,3,3,1),(-0.0338734188034336,0.,0.0536444845886381,0.10728521615268,
0.160982217645639,0.214717682796909,0.26839256190304,0.322002523155154,
0.375644220293625,0.429364919570766,0.483088828574423,0.536734781410285,
0.590343395921399,0.644013446470604,0.697747883063552,0.751449240695497,
0.805071826983645,0.858692711753361,0.912391478050366,0.966126581196566,
1.,1.05364448458864),.UNSPECIFIED.);
#180=B_SPLINE_CURVE_WITH_KNOTS('',3,(#6192,#6193,#6194,#6195,#6196,#6197,
#6198,#6199,#6200,#6201,#6202,#6203,#6204,#6205,#6206,#6207,#6208,#6209,
#6210,#6211,#6212,#6213,#6214,#6215,#6216,#6217,#6218,#6219,#6220,#6221,
#6222,#6223,#6224,#6225,#6226,#6227,#6228,#6229,#6230,#6231,#6232,#6233,
#6234,#6235,#6236,#6237,#6238,#6239,#6240,#6241,#6242,#6243,#6244,#6245,
#6246,#6247,#6248,#6249),.UNSPECIFIED.,.T.,.F.,(1,3,3,3,3,3,3,3,3,3,3,3,
3,3,3,3,3,3,3,3,3,1),(-0.0338734188034335,0.,0.0536444845886381,0.10728521615268,
0.160982217645639,0.214717682796909,0.26839256190304,0.322002523155155,
0.375644220293625,0.429364919570766,0.483088828574423,0.536734781410285,
0.5903433959214,0.644013446470605,0.697747883063553,0.751449240695498,0.805071826983646,
0.858692711753362,0.912391478050366,0.966126581196566,1.,1.05364448458864),
 .UNSPECIFIED.);
#181=B_SPLINE_CURVE_WITH_KNOTS('',3,(#6251,#6252,#6253,#6254,#6255,#6256,
#6257,#6258,#6259,#6260,#6261,#6262,#6263,#6264,#6265,#6266,#6267,#6268,
#6269,#6270,#6271,#6272,#6273,#6274,#6275,#6276,#6277,#6278,#6279,#6280,
#6281,#6282,#6283,#6284,#6285,#6286,#6287,#6288,#6289,#6290,#6291,#6292,
#6293,#6294,#6295,#6296,#6297,#6298,#6299,#6300,#6301,#6302,#6303,#6304,
#6305,#6306,#6307,#6308),.UNSPECIFIED.,.T.,.F.,(1,3,3,3,3,3,3,3,3,3,3,3,
3,3,3,3,3,3,3,3,3,1),(-0.0338734188034336,0.,0.0536444845886381,0.10728521615268,
0.160982217645636,0.214717682796908,0.26839256190304,0.322002523155154,
0.375644220293625,0.429364919570766,0.483088828574423,0.536734781410285,
0.5903433959214,0.644013446470605,0.697747883063552,0.751449240695497,0.805071826983645,
0.858692711753362,0.912391478050366,0.966126581196566,1.,1.05364448458864),
 .UNSPECIFIED.);
#182=B_SPLINE_CURVE_WITH_KNOTS('',3,(#6310,#6311,#6312,#6313,#6314,#6315,
#6316,#6317,#6318,#6319,#6320,#6321,#6322,#6323,#6324,#6325,#6326,#6327,
#6328,#6329,#6330,#6331,#6332,#6333,#6334,#6335,#6336,#6337,#6338,#6339,
#6340,#6341,#6342,#6343,#6344,#6345,#6346,#6347,#6348,#6349,#6350,#6351,
#6352,#6353,#6354,#6355,#6356,#6357,#6358,#6359,#6360,#6361,#6362,#6363,
#6364,#6365,#6366,#6367),.UNSPECIFIED.,.T.,.F.,(1,3,3,3,3,3,3,3,3,3,3,3,
3,3,3,3,3,3,3,3,3,1),(-0.0338734188034335,0.,0.0536444845886381,0.10728521615268,
0.160982217645639,0.214717682796909,0.268392561903039,0.322002523155154,
0.375644220293625,0.429364919570766,0.483088828574423,0.536734781410285,
0.5903433959214,0.644013446470604,0.697747883063552,0.751449240695497,0.805071826983646,
0.858692711753362,0.912391478050366,0.966126581196566,1.,1.05364448458864),
 .UNSPECIFIED.);
#183=B_SPLINE_CURVE_WITH_KNOTS('',3,(#6369,#6370,#6371,#6372,#6373,#6374,
#6375,#6376,#6377,#6378,#6379,#6380,#6381,#6382,#6383,#6384,#6385,#6386,
#6387,#6388,#6389,#6390,#6391,#6392,#6393,#6394,#6395,#6396,#6397,#6398,
#6399,#6400,#6401,#6402,#6403,#6404,#6405,#6406,#6407,#6408,#6409,#6410,
#6411,#6412,#6413,#6414,#6415,#6416,#6417,#6418,#6419,#6420,#6421,#6422,
#6423,#6424,#6425,#6426),.UNSPECIFIED.,.T.,.F.,(1,3,3,3,3,3,3,3,3,3,3,3,
3,3,3,3,3,3,3,3,3,1),(-0.0338734188034335,0.,0.0536444845886381,0.10728521615268,
0.160982217645639,0.214717682796909,0.268392561903039,0.322002523155154,
0.375644220293625,0.429364919570766,0.483088828574423,0.536734781410285,
0.5903433959214,0.644013446470604,0.697747883063552,0.751449240695497,0.805071826983646,
0.858692711753362,0.912391478050366,0.966126581196566,1.,1.05364448458864),
 .UNSPECIFIED.);
#184=B_SPLINE_CURVE_WITH_KNOTS('',3,(#6428,#6429,#6430,#6431,#6432,#6433,
#6434,#6435,#6436,#6437,#6438,#6439,#6440,#6441,#6442,#6443,#6444,#6445,
#6446,#6447,#6448,#6449,#6450,#6451,#6452,#6453,#6454,#6455,#6456,#6457,
#6458,#6459,#6460,#6461,#6462,#6463,#6464,#6465,#6466,#6467,#6468,#6469,
#6470,#6471,#6472,#6473,#6474,#6475,#6476,#6477,#6478,#6479,#6480,#6481,
#6482,#6483,#6484,#6485),.UNSPECIFIED.,.T.,.F.,(1,3,3,3,3,3,3,3,3,3,3,3,
3,3,3,3,3,3,3,3,3,1),(-0.0338734188034334,0.,0.0536444845886381,0.10728521615268,
0.160982217645639,0.214717682796909,0.26839256190304,0.322002523155154,
0.375644220293625,0.429364919570766,0.483088828574423,0.536734781410285,
0.5903433959214,0.644013446470605,0.697747883063553,0.751449240695497,0.805071826983645,
0.858692711753362,0.912391478050366,0.966126581196567,1.,1.05364448458864),
 .UNSPECIFIED.);
#185=B_SPLINE_CURVE_WITH_KNOTS('',3,(#6487,#6488,#6489,#6490,#6491,#6492,
#6493,#6494,#6495,#6496,#6497,#6498,#6499,#6500,#6501,#6502,#6503,#6504,
#6505,#6506,#6507,#6508,#6509,#6510,#6511,#6512,#6513,#6514,#6515,#6516,
#6517,#6518,#6519,#6520,#6521,#6522,#6523,#6524,#6525,#6526,#6527,#6528,
#6529,#6530,#6531,#6532,#6533,#6534,#6535,#6536,#6537,#6538,#6539,#6540,
#6541,#6542,#6543,#6544),.UNSPECIFIED.,.T.,.F.,(1,3,3,3,3,3,3,3,3,3,3,3,
3,3,3,3,3,3,3,3,3,1),(-0.0338734188034334,0.,0.0536444845886381,0.10728521615268,
0.160982217645639,0.214717682796909,0.26839256190304,0.322002523155154,
0.375644220293625,0.429364919570766,0.483088828574423,0.536734781410285,
0.5903433959214,0.644013446470605,0.697747883063553,0.751449240695497,0.805071826983645,
0.858692711753362,0.912391478050366,0.966126581196567,1.,1.05364448458864),
 .UNSPECIFIED.);
#186=B_SPLINE_CURVE_WITH_KNOTS('',3,(#6546,#6547,#6548,#6549,#6550,#6551,
#6552,#6553,#6554,#6555,#6556,#6557,#6558,#6559,#6560,#6561,#6562,#6563,
#6564,#6565,#6566,#6567,#6568,#6569,#6570,#6571,#6572,#6573,#6574,#6575,
#6576,#6577,#6578,#6579,#6580,#6581,#6582,#6583,#6584,#6585,#6586,#6587,
#6588,#6589,#6590,#6591,#6592,#6593,#6594,#6595,#6596,#6597,#6598,#6599,
#6600,#6601,#6602,#6603),.UNSPECIFIED.,.T.,.F.,(1,3,3,3,3,3,3,3,3,3,3,3,
3,3,3,3,3,3,3,3,3,1),(-0.0338734188034338,0.,0.053644484588638,0.10728521615268,
0.160982217645639,0.214717682796909,0.26839256190304,0.322002523155154,
0.375644220293625,0.429364919570765,0.483088828574423,0.536734781410285,
0.590343395921399,0.644013446470604,0.697747883063552,0.751449240695497,
0.805071826983645,0.858692711753362,0.912391478050366,0.966126581196566,
1.,1.05364448458864),.UNSPECIFIED.);
#187=B_SPLINE_CURVE_WITH_KNOTS('',3,(#6605,#6606,#6607,#6608,#6609,#6610,
#6611,#6612,#6613,#6614,#6615,#6616,#6617,#6618,#6619,#6620,#6621,#6622,
#6623,#6624,#6625,#6626,#6627,#6628,#6629,#6630,#6631,#6632,#6633,#6634,
#6635,#6636,#6637,#6638,#6639,#6640,#6641,#6642,#6643,#6644,#6645,#6646,
#6647,#6648,#6649,#6650,#6651,#6652,#6653,#6654,#6655,#6656,#6657,#6658,
#6659,#6660,#6661,#6662),.UNSPECIFIED.,.T.,.F.,(1,3,3,3,3,3,3,3,3,3,3,3,
3,3,3,3,3,3,3,3,3,1),(-0.0338734188034338,0.,0.053644484588638,0.10728521615268,
0.160982217645639,0.214717682796909,0.26839256190304,0.322002523155154,
0.375644220293625,0.429364919570765,0.483088828574423,0.536734781410285,
0.590343395921399,0.644013446470604,0.697747883063552,0.751449240695497,
0.805071826983645,0.858692711753362,0.912391478050366,0.966126581196566,
1.,1.05364448458864),.UNSPECIFIED.);
#188=B_SPLINE_CURVE_WITH_KNOTS('',3,(#6664,#6665,#6666,#6667,#6668,#6669,
#6670,#6671,#6672,#6673,#6674,#6675,#6676,#6677,#6678,#6679,#6680,#6681,
#6682,#6683,#6684,#6685,#6686,#6687,#6688,#6689,#6690,#6691,#6692,#6693,
#6694,#6695,#6696,#6697,#6698,#6699,#6700,#6701,#6702,#6703,#6704,#6705,
#6706,#6707,#6708,#6709,#6710,#6711,#6712,#6713,#6714,#6715,#6716,#6717,
#6718,#6719,#6720,#6721),.UNSPECIFIED.,.T.,.F.,(1,3,3,3,3,3,3,3,3,3,3,3,
3,3,3,3,3,3,3,3,3,1),(-0.0338734188034336,0.,0.0536444845886381,0.10728521615268,
0.160982217645636,0.214717682796908,0.26839256190304,0.322002523155154,
0.375644220293625,0.429364919570766,0.483088828574423,0.536734781410285,
0.590343395921399,0.644013446470604,0.697747883063552,0.751449240695497,
0.805071826983645,0.858692711753362,0.912391478050366,0.966126581196566,
1.,1.05364448458864),.UNSPECIFIED.);
#189=B_SPLINE_CURVE_WITH_KNOTS('',3,(#6723,#6724,#6725,#6726,#6727,#6728,
#6729,#6730,#6731,#6732,#6733,#6734,#6735,#6736,#6737,#6738,#6739,#6740,
#6741,#6742,#6743,#6744,#6745,#6746,#6747,#6748,#6749,#6750,#6751,#6752,
#6753,#6754,#6755,#6756,#6757,#6758,#6759,#6760,#6761,#6762,#6763,#6764,
#6765,#6766,#6767,#6768,#6769,#6770,#6771,#6772,#6773,#6774,#6775,#6776,
#6777,#6778,#6779,#6780),.UNSPECIFIED.,.T.,.F.,(1,3,3,3,3,3,3,3,3,3,3,3,
3,3,3,3,3,3,3,3,3,1),(-0.0338734188034336,0.,0.0536444845886381,0.10728521615268,
0.160982217645636,0.214717682796908,0.26839256190304,0.322002523155154,
0.375644220293625,0.429364919570766,0.483088828574423,0.536734781410285,
0.590343395921399,0.644013446470604,0.697747883063552,0.751449240695497,
0.805071826983645,0.858692711753362,0.912391478050366,0.966126581196566,
1.,1.05364448458864),.UNSPECIFIED.);
#190=B_SPLINE_CURVE_WITH_KNOTS('',3,(#6782,#6783,#6784,#6785,#6786,#6787,
#6788,#6789,#6790,#6791,#6792,#6793,#6794,#6795,#6796,#6797,#6798,#6799,
#6800,#6801,#6802,#6803,#6804,#6805,#6806,#6807,#6808,#6809,#6810,#6811,
#6812,#6813,#6814,#6815,#6816,#6817,#6818,#6819,#6820,#6821,#6822,#6823,
#6824,#6825,#6826,#6827,#6828,#6829,#6830,#6831,#6832,#6833,#6834,#6835,
#6836,#6837,#6838,#6839),.UNSPECIFIED.,.T.,.F.,(1,3,3,3,3,3,3,3,3,3,3,3,
3,3,3,3,3,3,3,3,3,1),(-0.0338734188034336,0.,0.0536444845886381,0.10728521615268,
0.160982217645639,0.214717682796909,0.26839256190304,0.322002523155154,
0.375644220293625,0.429364919570766,0.483088828574423,0.536734781410285,
0.590343395921399,0.644013446470604,0.697747883063552,0.751449240695497,
0.805071826983645,0.858692711753362,0.912391478050366,0.966126581196566,
1.,1.05364448458864),.UNSPECIFIED.);
#191=B_SPLINE_CURVE_WITH_KNOTS('',3,(#6841,#6842,#6843,#6844,#6845,#6846,
#6847,#6848,#6849,#6850,#6851,#6852,#6853,#6854,#6855,#6856,#6857,#6858,
#6859,#6860,#6861,#6862,#6863,#6864,#6865,#6866,#6867,#6868,#6869,#6870,
#6871,#6872,#6873,#6874,#6875,#6876,#6877,#6878,#6879,#6880,#6881,#6882,
#6883,#6884,#6885,#6886,#6887,#6888,#6889,#6890,#6891,#6892,#6893,#6894,
#6895,#6896,#6897,#6898),.UNSPECIFIED.,.T.,.F.,(1,3,3,3,3,3,3,3,3,3,3,3,
3,3,3,3,3,3,3,3,3,1),(-0.0338734188034336,0.,0.0536444845886381,0.10728521615268,
0.160982217645639,0.214717682796909,0.26839256190304,0.322002523155154,
0.375644220293625,0.429364919570766,0.483088828574423,0.536734781410285,
0.590343395921399,0.644013446470604,0.697747883063552,0.751449240695497,
0.805071826983645,0.858692711753362,0.912391478050366,0.966126581196566,
1.,1.05364448458864),.UNSPECIFIED.);
#192=B_SPLINE_CURVE_WITH_KNOTS('',3,(#6900,#6901,#6902,#6903,#6904,#6905,
#6906,#6907,#6908,#6909,#6910,#6911,#6912,#6913,#6914,#6915,#6916,#6917,
#6918,#6919,#6920,#6921,#6922,#6923,#6924,#6925,#6926,#6927,#6928,#6929,
#6930,#6931,#6932,#6933,#6934,#6935,#6936,#6937,#6938,#6939,#6940,#6941,
#6942,#6943,#6944,#6945,#6946,#6947,#6948,#6949,#6950,#6951,#6952,#6953,
#6954,#6955,#6956,#6957),.UNSPECIFIED.,.T.,.F.,(1,3,3,3,3,3,3,3,3,3,3,3,
3,3,3,3,3,3,3,3,3,1),(-0.0338734188034339,0.,0.053644484588638,0.10728521615268,
0.160982217645636,0.214717682796908,0.268392561903039,0.322002523155154,
0.375644220293625,0.429364919570765,0.483088828574423,0.536734781410285,
0.590343395921399,0.644013446470604,0.697747883063552,0.751449240695497,
0.805071826983645,0.858692711753361,0.912391478050366,0.966126581196566,
1.,1.05364448458864),.UNSPECIFIED.);
#193=B_SPLINE_CURVE_WITH_KNOTS('',3,(#6959,#6960,#6961,#6962,#6963,#6964,
#6965,#6966,#6967,#6968,#6969,#6970,#6971,#6972,#6973,#6974,#6975,#6976,
#6977,#6978,#6979,#6980,#6981,#6982,#6983,#6984,#6985,#6986,#6987,#6988,
#6989,#6990,#6991,#6992,#6993,#6994,#6995,#6996,#6997,#6998,#6999,#7000,
#7001,#7002,#7003,#7004,#7005,#7006,#7007,#7008,#7009,#7010,#7011,#7012,
#7013,#7014,#7015,#7016),.UNSPECIFIED.,.T.,.F.,(1,3,3,3,3,3,3,3,3,3,3,3,
3,3,3,3,3,3,3,3,3,1),(-0.0338734188034339,0.,0.053644484588638,0.10728521615268,
0.160982217645636,0.214717682796908,0.268392561903039,0.322002523155154,
0.375644220293625,0.429364919570765,0.483088828574423,0.536734781410285,
0.590343395921399,0.644013446470604,0.697747883063552,0.751449240695497,
0.805071826983645,0.858692711753361,0.912391478050366,0.966126581196566,
1.,1.05364448458864),.UNSPECIFIED.);
#194=B_SPLINE_CURVE_WITH_KNOTS('',3,(#7018,#7019,#7020,#7021,#7022,#7023,
#7024,#7025,#7026,#7027,#7028,#7029,#7030,#7031,#7032,#7033,#7034,#7035,
#7036,#7037,#7038,#7039,#7040,#7041,#7042,#7043,#7044,#7045,#7046,#7047,
#7048,#7049,#7050,#7051,#7052,#7053,#7054,#7055,#7056,#7057,#7058,#7059,
#7060,#7061,#7062,#7063,#7064,#7065,#7066,#7067,#7068,#7069,#7070,#7071,
#7072,#7073,#7074,#7075),.UNSPECIFIED.,.T.,.F.,(1,3,3,3,3,3,3,3,3,3,3,3,
3,3,3,3,3,3,3,3,3,1),(-0.0338734188034338,0.,0.0536444845886381,0.10728521615268,
0.160982217645639,0.214717682796909,0.26839256190304,0.322002523155154,
0.375644220293625,0.429364919570766,0.483088828574423,0.536734781410285,
0.590343395921399,0.644013446470604,0.697747883063552,0.751449240695497,
0.805071826983645,0.858692711753361,0.912391478050365,0.966126581196566,
1.,1.05364448458864),.UNSPECIFIED.);
#195=B_SPLINE_CURVE_WITH_KNOTS('',3,(#7077,#7078,#7079,#7080,#7081,#7082,
#7083,#7084,#7085,#7086,#7087,#7088,#7089,#7090,#7091,#7092,#7093,#7094,
#7095,#7096,#7097,#7098,#7099,#7100,#7101,#7102,#7103,#7104,#7105,#7106,
#7107,#7108,#7109,#7110,#7111,#7112,#7113,#7114,#7115,#7116,#7117,#7118,
#7119,#7120,#7121,#7122,#7123,#7124,#7125,#7126,#7127,#7128,#7129,#7130,
#7131,#7132,#7133,#7134),.UNSPECIFIED.,.T.,.F.,(1,3,3,3,3,3,3,3,3,3,3,3,
3,3,3,3,3,3,3,3,3,1),(-0.0338734188034335,0.,0.0536444845886381,0.10728521615268,
0.160982217645636,0.214717682796908,0.26839256190304,0.322002523155154,
0.375644220293625,0.429364919570766,0.483088828574423,0.536734781410285,
0.5903433959214,0.644013446470605,0.697747883063553,0.751449240695497,0.805071826983646,
0.858692711753362,0.912391478050366,0.966126581196566,1.,1.05364448458864),
 .UNSPECIFIED.);
#196=B_SPLINE_CURVE_WITH_KNOTS('',3,(#7136,#7137,#7138,#7139,#7140,#7141,
#7142,#7143,#7144,#7145,#7146,#7147,#7148,#7149,#7150,#7151,#7152,#7153,
#7154,#7155,#7156,#7157,#7158,#7159,#7160,#7161,#7162,#7163,#7164,#7165,
#7166,#7167,#7168,#7169,#7170,#7171,#7172,#7173,#7174,#7175,#7176,#7177,
#7178,#7179,#7180,#7181,#7182,#7183,#7184,#7185,#7186,#7187,#7188,#7189,
#7190,#7191,#7192,#7193),.UNSPECIFIED.,.T.,.F.,(1,3,3,3,3,3,3,3,3,3,3,3,
3,3,3,3,3,3,3,3,3,1),(-0.0338734188034336,0.,0.0536444845886381,0.10728521615268,
0.160982217645636,0.214717682796908,0.26839256190304,0.322002523155154,
0.375644220293625,0.429364919570766,0.483088828574423,0.536734781410285,
0.5903433959214,0.644013446470604,0.697747883063553,0.751449240695497,0.805071826983645,
0.858692711753362,0.912391478050366,0.966126581196566,1.,1.05364448458864),
 .UNSPECIFIED.);
#197=B_SPLINE_CURVE_WITH_KNOTS('',3,(#7195,#7196,#7197,#7198,#7199,#7200,
#7201,#7202,#7203,#7204,#7205,#7206,#7207,#7208,#7209,#7210,#7211,#7212,
#7213,#7214,#7215,#7216,#7217,#7218,#7219,#7220,#7221,#7222,#7223,#7224,
#7225,#7226,#7227,#7228,#7229,#7230,#7231,#7232,#7233,#7234,#7235,#7236,
#7237,#7238,#7239,#7240,#7241,#7242,#7243,#7244,#7245,#7246,#7247,#7248,
#7249,#7250,#7251,#7252),.UNSPECIFIED.,.T.,.F.,(1,3,3,3,3,3,3,3,3,3,3,3,
3,3,3,3,3,3,3,3,3,1),(-0.0338734188034336,0.,0.0536444845886381,0.10728521615268,
0.160982217645636,0.214717682796908,0.26839256190304,0.322002523155154,
0.375644220293625,0.429364919570766,0.483088828574423,0.536734781410285,
0.5903433959214,0.644013446470604,0.697747883063553,0.751449240695497,0.805071826983645,
0.858692711753362,0.912391478050366,0.966126581196566,1.,1.05364448458864),
 .UNSPECIFIED.);
#198=B_SPLINE_CURVE_WITH_KNOTS('',3,(#7254,#7255,#7256,#7257,#7258,#7259,
#7260,#7261,#7262,#7263,#7264,#7265,#7266,#7267,#7268,#7269,#7270,#7271,
#7272,#7273,#7274,#7275,#7276,#7277,#7278,#7279,#7280,#7281,#7282,#7283,
#7284,#7285,#7286,#7287,#7288,#7289,#7290,#7291,#7292,#7293,#7294,#7295,
#7296,#7297,#7298,#7299,#7300,#7301,#7302,#7303,#7304,#7305,#7306,#7307,
#7308,#7309,#7310,#7311),.UNSPECIFIED.,.T.,.F.,(1,3,3,3,3,3,3,3,3,3,3,3,
3,3,3,3,3,3,3,3,3,1),(-0.0338734188034336,0.,0.0536444845886381,0.10728521615268,
0.160982217645639,0.214717682796909,0.26839256190304,0.322002523155154,
0.375644220293625,0.429364919570766,0.483088828574424,0.536734781410285,
0.5903433959214,0.644013446470605,0.697747883063552,0.751449240695497,0.805071826983646,
0.858692711753362,0.912391478050366,0.966126581196566,1.,1.05364448458864),
 .UNSPECIFIED.);
#199=B_SPLINE_CURVE_WITH_KNOTS('',3,(#7313,#7314,#7315,#7316,#7317,#7318,
#7319,#7320,#7321,#7322,#7323,#7324,#7325,#7326,#7327,#7328,#7329,#7330,
#7331,#7332,#7333,#7334,#7335,#7336,#7337,#7338,#7339,#7340,#7341,#7342,
#7343,#7344,#7345,#7346,#7347,#7348,#7349,#7350,#7351,#7352,#7353,#7354,
#7355,#7356,#7357,#7358,#7359,#7360,#7361,#7362,#7363,#7364,#7365,#7366,
#7367,#7368,#7369,#7370),.UNSPECIFIED.,.T.,.F.,(1,3,3,3,3,3,3,3,3,3,3,3,
3,3,3,3,3,3,3,3,3,1),(-0.0338734188034335,0.,0.0536444845886381,0.10728521615268,
0.160982217645639,0.214717682796909,0.26839256190304,0.322002523155154,
0.375644220293625,0.429364919570766,0.483088828574423,0.536734781410285,
0.5903433959214,0.644013446470605,0.697747883063552,0.751449240695497,0.805071826983646,
0.858692711753362,0.912391478050366,0.966126581196566,1.,1.05364448458864),
 .UNSPECIFIED.);
#200=B_SPLINE_CURVE_WITH_KNOTS('',3,(#7372,#7373,#7374,#7375,#7376,#7377,
#7378,#7379,#7380,#7381,#7382,#7383,#7384,#7385,#7386,#7387,#7388,#7389,
#7390,#7391,#7392,#7393,#7394,#7395,#7396,#7397,#7398,#7399,#7400,#7401,
#7402,#7403,#7404,#7405,#7406,#7407,#7408,#7409,#7410,#7411,#7412,#7413,
#7414,#7415,#7416,#7417,#7418,#7419,#7420,#7421,#7422,#7423,#7424,#7425,
#7426,#7427,#7428,#7429),.UNSPECIFIED.,.T.,.F.,(1,3,3,3,3,3,3,3,3,3,3,3,
3,3,3,3,3,3,3,3,3,1),(-0.0338734188034335,0.,0.0536444845886381,0.10728521615268,
0.160982217645639,0.214717682796909,0.26839256190304,0.322002523155154,
0.375644220293625,0.429364919570766,0.483088828574423,0.536734781410285,
0.590343395921399,0.644013446470604,0.697747883063552,0.751449240695497,
0.805071826983645,0.858692711753362,0.912391478050366,0.966126581196566,
1.,1.05364448458864),.UNSPECIFIED.);
#201=B_SPLINE_CURVE_WITH_KNOTS('',3,(#7431,#7432,#7433,#7434,#7435,#7436,
#7437,#7438,#7439,#7440,#7441,#7442,#7443,#7444,#7445,#7446,#7447,#7448,
#7449,#7450,#7451,#7452,#7453,#7454,#7455,#7456,#7457,#7458,#7459,#7460,
#7461,#7462,#7463,#7464,#7465,#7466,#7467,#7468,#7469,#7470,#7471,#7472,
#7473,#7474,#7475,#7476,#7477,#7478,#7479,#7480,#7481,#7482,#7483,#7484,
#7485,#7486,#7487,#7488),.UNSPECIFIED.,.T.,.F.,(1,3,3,3,3,3,3,3,3,3,3,3,
3,3,3,3,3,3,3,3,3,1),(-0.0338734188034335,0.,0.0536444845886381,0.10728521615268,
0.160982217645639,0.214717682796909,0.26839256190304,0.322002523155154,
0.375644220293625,0.429364919570766,0.483088828574423,0.536734781410285,
0.590343395921399,0.644013446470604,0.697747883063552,0.751449240695497,
0.805071826983645,0.858692711753362,0.912391478050366,0.966126581196566,
1.,1.05364448458864),.UNSPECIFIED.);
#202=ADVANCED_FACE('',(#262,#263),#260,.T.);
#203=ADVANCED_FACE('',(#264,#265,#266,#267,#268,#269,#270,#271,#272,#273,
#274,#275,#276,#277,#278,#279,#280,#281,#282,#283,#284,#285,#286,#287,#288,
#289,#290,#291,#292,#293,#294,#295,#296,#297,#298,#299,#300,#301,#302,#303,
#304,#305,#306,#307,#308,#309,#310,#311,#312,#313,#314,#315,#316,#317),
#44,.F.);
#204=ADVANCED_FACE('',(#318,#319,#320,#321,#322,#323,#324,#325,#326,#327,
#328,#329,#330,#331,#332,#333,#334,#335,#336,#337,#338,#339,#340,#341,#342,
#343,#344,#345,#346,#347,#348,#349,#350,#351,#352,#353,#354,#355,#356,#357,
#358,#359,#360,#361,#362,#363,#364,#365,#366,#367,#368,#369,#370,#371),
#45,.T.);
#205=ADVANCED_FACE('',(#372,#373),#261,.T.);
#206=ADVANCED_FACE('',(#374,#375),#46,.F.);
#207=ADVANCED_FACE('',(#376,#377),#47,.F.);
#208=ADVANCED_FACE('',(#378,#379),#48,.F.);
#209=ADVANCED_FACE('',(#380,#381),#49,.F.);
#210=ADVANCED_FACE('',(#382,#383),#50,.F.);
#211=ADVANCED_FACE('',(#384,#385),#51,.F.);
#212=ADVANCED_FACE('',(#386,#387),#52,.F.);
#213=ADVANCED_FACE('',(#388,#389),#53,.F.);
#214=ADVANCED_FACE('',(#390,#391),#54,.F.);
#215=ADVANCED_FACE('',(#392,#393),#55,.F.);
#216=ADVANCED_FACE('',(#394,#395),#56,.F.);
#217=ADVANCED_FACE('',(#396,#397),#57,.F.);
#218=ADVANCED_FACE('',(#398,#399),#58,.F.);
#219=ADVANCED_FACE('',(#400,#401),#59,.F.);
#220=ADVANCED_FACE('',(#402,#403),#60,.F.);
#221=ADVANCED_FACE('',(#404,#405),#61,.F.);
#222=ADVANCED_FACE('',(#406,#407),#62,.F.);
#223=ADVANCED_FACE('',(#408,#409),#63,.F.);
#224=ADVANCED_FACE('',(#410,#411),#64,.F.);
#225=ADVANCED_FACE('',(#412,#413),#65,.F.);
#226=ADVANCED_FACE('',(#414,#415),#66,.F.);
#227=ADVANCED_FACE('',(#416,#417),#67,.F.);
#228=ADVANCED_FACE('',(#418,#419),#68,.F.);
#229=ADVANCED_FACE('',(#420,#421),#69,.F.);
#230=ADVANCED_FACE('',(#422,#423),#70,.F.);
#231=ADVANCED_FACE('',(#424,#425),#71,.F.);
#232=ADVANCED_FACE('',(#426,#427),#72,.F.);
#233=ADVANCED_FACE('',(#428,#429),#73,.F.);
#234=ADVANCED_FACE('',(#430,#431),#74,.F.);
#235=ADVANCED_FACE('',(#432,#433),#75,.F.);
#236=ADVANCED_FACE('',(#434,#435),#76,.F.);
#237=ADVANCED_FACE('',(#436,#437),#77,.F.);
#238=ADVANCED_FACE('',(#438,#439),#78,.F.);
#239=ADVANCED_FACE('',(#440,#441),#79,.F.);
#240=ADVANCED_FACE('',(#442,#443),#80,.F.);
#241=ADVANCED_FACE('',(#444,#445),#81,.F.);
#242=ADVANCED_FACE('',(#446,#447),#82,.F.);
#243=ADVANCED_FACE('',(#448,#449),#83,.F.);
#244=ADVANCED_FACE('',(#450,#451),#84,.F.);
#245=ADVANCED_FACE('',(#452,#453),#85,.F.);
#246=ADVANCED_FACE('',(#454,#455),#86,.F.);
#247=ADVANCED_FACE('',(#456,#457),#87,.F.);
#248=ADVANCED_FACE('',(#458,#459),#88,.F.);
#249=ADVANCED_FACE('',(#460,#461),#89,.F.);
#250=ADVANCED_FACE('',(#462,#463),#90,.F.);
#251=ADVANCED_FACE('',(#464,#465),#91,.F.);
#252=ADVANCED_FACE('',(#466,#467),#92,.F.);
#253=ADVANCED_FACE('',(#468,#469),#93,.F.);
#254=ADVANCED_FACE('',(#470,#471),#94,.F.);
#255=ADVANCED_FACE('',(#472,#473),#95,.F.);
#256=ADVANCED_FACE('',(#474,#475),#96,.F.);
#257=ADVANCED_FACE('',(#476,#477),#97,.F.);
#258=ADVANCED_FACE('',(#478,#479),#42,.F.);
#259=ADVANCED_FACE('',(#480,#481),#43,.F.);
#260=PLANE('',#1151);
#261=PLANE('',#1158);
#262=FACE_BOUND('',#482,.T.);
#263=FACE_BOUND('',#483,.T.);
#264=FACE_BOUND('',#484,.T.);
#265=FACE_BOUND('',#485,.T.);
#266=FACE_BOUND('',#486,.T.);
#267=FACE_BOUND('',#487,.T.);
#268=FACE_BOUND('',#488,.T.);
#269=FACE_BOUND('',#489,.T.);
#270=FACE_BOUND('',#490,.T.);
#271=FACE_BOUND('',#491,.T.);
#272=FACE_BOUND('',#492,.T.);
#273=FACE_BOUND('',#493,.T.);
#274=FACE_BOUND('',#494,.T.);
#275=FACE_BOUND('',#495,.T.);
#276=FACE_BOUND('',#496,.T.);
#277=FACE_BOUND('',#497,.T.);
#278=FACE_BOUND('',#498,.T.);
#279=FACE_BOUND('',#499,.T.);
#280=FACE_BOUND('',#500,.T.);
#281=FACE_BOUND('',#501,.T.);
#282=FACE_BOUND('',#502,.T.);
#283=FACE_BOUND('',#503,.T.);
#284=FACE_BOUND('',#504,.T.);
#285=FACE_BOUND('',#505,.T.);
#286=FACE_BOUND('',#506,.T.);
#287=FACE_BOUND('',#507,.T.);
#288=FACE_BOUND('',#508,.T.);
#289=FACE_BOUND('',#509,.T.);
#290=FACE_BOUND('',#510,.T.);
#291=FACE_BOUND('',#511,.T.);
#292=FACE_BOUND('',#512,.T.);
#293=FACE_BOUND('',#513,.T.);
#294=FACE_BOUND('',#514,.T.);
#295=FACE_BOUND('',#515,.T.);
#296=FACE_BOUND('',#516,.T.);
#297=FACE_BOUND('',#517,.T.);
#298=FACE_BOUND('',#518,.T.);
#299=FACE_BOUND('',#519,.T.);
#300=FACE_BOUND('',#520,.T.);
#301=FACE_BOUND('',#521,.T.);
#302=FACE_BOUND('',#522,.T.);
#303=FACE_BOUND('',#523,.T.);
#304=FACE_BOUND('',#524,.T.);
#305=FACE_BOUND('',#525,.T.);
#306=FACE_BOUND('',#526,.T.);
#307=FACE_BOUND('',#527,.T.);
#308=FACE_BOUND('',#528,.T.);
#309=FACE_BOUND('',#529,.T.);
#310=FACE_BOUND('',#530,.T.);
#311=FACE_BOUND('',#531,.T.);
#312=FACE_BOUND('',#532,.T.);
#313=FACE_BOUND('',#533,.T.);
#314=FACE_BOUND('',#534,.T.);
#315=FACE_BOUND('',#535,.T.);
#316=FACE_BOUND('',#536,.T.);
#317=FACE_BOUND('',#537,.T.);
#318=FACE_BOUND('',#538,.T.);
#319=FACE_BOUND('',#539,.T.);
#320=FACE_BOUND('',#540,.T.);
#321=FACE_BOUND('',#541,.T.);
#322=FACE_BOUND('',#542,.T.);
#323=FACE_BOUND('',#543,.T.);
#324=FACE_BOUND('',#544,.T.);
#325=FACE_BOUND('',#545,.T.);
#326=FACE_BOUND('',#546,.T.);
#327=FACE_BOUND('',#547,.T.);
#328=FACE_BOUND('',#548,.T.);
#329=FACE_BOUND('',#549,.T.);
#330=FACE_BOUND('',#550,.T.);
#331=FACE_BOUND('',#551,.T.);
#332=FACE_BOUND('',#552,.T.);
#333=FACE_BOUND('',#553,.T.);
#334=FACE_BOUND('',#554,.T.);
#335=FACE_BOUND('',#555,.T.);
#336=FACE_BOUND('',#556,.T.);
#337=FACE_BOUND('',#557,.T.);
#338=FACE_BOUND('',#558,.T.);
#339=FACE_BOUND('',#559,.T.);
#340=FACE_BOUND('',#560,.T.);
#341=FACE_BOUND('',#561,.T.);
#342=FACE_BOUND('',#562,.T.);
#343=FACE_BOUND('',#563,.T.);
#344=FACE_BOUND('',#564,.T.);
#345=FACE_BOUND('',#565,.T.);
#346=FACE_BOUND('',#566,.T.);
#347=FACE_BOUND('',#567,.T.);
#348=FACE_BOUND('',#568,.T.);
#349=FACE_BOUND('',#569,.T.);
#350=FACE_BOUND('',#570,.T.);
#351=FACE_BOUND('',#571,.T.);
#352=FACE_BOUND('',#572,.T.);
#353=FACE_BOUND('',#573,.T.);
#354=FACE_BOUND('',#574,.T.);
#355=FACE_BOUND('',#575,.T.);
#356=FACE_BOUND('',#576,.T.);
#357=FACE_BOUND('',#577,.T.);
#358=FACE_BOUND('',#578,.T.);
#359=FACE_BOUND('',#579,.T.);
#360=FACE_BOUND('',#580,.T.);
#361=FACE_BOUND('',#581,.T.);
#362=FACE_BOUND('',#582,.T.);
#363=FACE_BOUND('',#583,.T.);
#364=FACE_BOUND('',#584,.T.);
#365=FACE_BOUND('',#585,.T.);
#366=FACE_BOUND('',#586,.T.);
#367=FACE_BOUND('',#587,.T.);
#368=FACE_BOUND('',#588,.T.);
#369=FACE_BOUND('',#589,.T.);
#370=FACE_BOUND('',#590,.T.);
#371=FACE_BOUND('',#591,.T.);
#372=FACE_BOUND('',#592,.T.);
#373=FACE_BOUND('',#593,.T.);
#374=FACE_BOUND('',#594,.T.);
#375=FACE_BOUND('',#595,.T.);
#376=FACE_BOUND('',#596,.T.);
#377=FACE_BOUND('',#597,.T.);
#378=FACE_BOUND('',#598,.T.);
#379=FACE_BOUND('',#599,.T.);
#380=FACE_BOUND('',#600,.T.);
#381=FACE_BOUND('',#601,.T.);
#382=FACE_BOUND('',#602,.T.);
#383=FACE_BOUND('',#603,.T.);
#384=FACE_BOUND('',#604,.T.);
#385=FACE_BOUND('',#605,.T.);
#386=FACE_BOUND('',#606,.T.);
#387=FACE_BOUND('',#607,.T.);
#388=FACE_BOUND('',#608,.T.);
#389=FACE_BOUND('',#609,.T.);
#390=FACE_BOUND('',#610,.T.);
#391=FACE_BOUND('',#611,.T.);
#392=FACE_BOUND('',#612,.T.);
#393=FACE_BOUND('',#613,.T.);
#394=FACE_BOUND('',#614,.T.);
#395=FACE_BOUND('',#615,.T.);
#396=FACE_BOUND('',#616,.T.);
#397=FACE_BOUND('',#617,.T.);
#398=FACE_BOUND('',#618,.T.);
#399=FACE_BOUND('',#619,.T.);
#400=FACE_BOUND('',#620,.T.);
#401=FACE_BOUND('',#621,.T.);
#402=FACE_BOUND('',#622,.T.);
#403=FACE_BOUND('',#623,.T.);
#404=FACE_BOUND('',#624,.T.);
#405=FACE_BOUND('',#625,.T.);
#406=FACE_BOUND('',#626,.T.);
#407=FACE_BOUND('',#627,.T.);
#408=FACE_BOUND('',#628,.T.);
#409=FACE_BOUND('',#629,.T.);
#410=FACE_BOUND('',#630,.T.);
#411=FACE_BOUND('',#631,.T.);
#412=FACE_BOUND('',#632,.T.);
#413=FACE_BOUND('',#633,.T.);
#414=FACE_BOUND('',#634,.T.);
#415=FACE_BOUND('',#635,.T.);
#416=FACE_BOUND('',#636,.T.);
#417=FACE_BOUND('',#637,.T.);
#418=FACE_BOUND('',#638,.T.);
#419=FACE_BOUND('',#639,.T.);
#420=FACE_BOUND('',#640,.T.);
#421=FACE_BOUND('',#641,.T.);
#422=FACE_BOUND('',#642,.T.);
#423=FACE_BOUND('',#643,.T.);
#424=FACE_BOUND('',#644,.T.);
#425=FACE_BOUND('',#645,.T.);
#426=FACE_BOUND('',#646,.T.);
#427=FACE_BOUND('',#647,.T.);
#428=FACE_BOUND('',#648,.T.);
#429=FACE_BOUND('',#649,.T.);
#430=FACE_BOUND('',#650,.T.);
#431=FACE_BOUND('',#651,.T.);
#432=FACE_BOUND('',#652,.T.);
#433=FACE_BOUND('',#653,.T.);
#434=FACE_BOUND('',#654,.T.);
#435=FACE_BOUND('',#655,.T.);
#436=FACE_BOUND('',#656,.T.);
#437=FACE_BOUND('',#657,.T.);
#438=FACE_BOUND('',#658,.T.);
#439=FACE_BOUND('',#659,.T.);
#440=FACE_BOUND('',#660,.T.);
#441=FACE_BOUND('',#661,.T.);
#442=FACE_BOUND('',#662,.T.);
#443=FACE_BOUND('',#663,.T.);
#444=FACE_BOUND('',#664,.T.);
#445=FACE_BOUND('',#665,.T.);
#446=FACE_BOUND('',#666,.T.);
#447=FACE_BOUND('',#667,.T.);
#448=FACE_BOUND('',#668,.T.);
#449=FACE_BOUND('',#669,.T.);
#450=FACE_BOUND('',#670,.T.);
#451=FACE_BOUND('',#671,.T.);
#452=FACE_BOUND('',#672,.T.);
#453=FACE_BOUND('',#673,.T.);
#454=FACE_BOUND('',#674,.T.);
#455=FACE_BOUND('',#675,.T.);
#456=FACE_BOUND('',#676,.T.);
#457=FACE_BOUND('',#677,.T.);
#458=FACE_BOUND('',#678,.T.);
#459=FACE_BOUND('',#679,.T.);
#460=FACE_BOUND('',#680,.T.);
#461=FACE_BOUND('',#681,.T.);
#462=FACE_BOUND('',#682,.T.);
#463=FACE_BOUND('',#683,.T.);
#464=FACE_BOUND('',#684,.T.);
#465=FACE_BOUND('',#685,.T.);
#466=FACE_BOUND('',#686,.T.);
#467=FACE_BOUND('',#687,.T.);
#468=FACE_BOUND('',#688,.T.);
#469=FACE_BOUND('',#689,.T.);
#470=FACE_BOUND('',#690,.T.);
#471=FACE_BOUND('',#691,.T.);
#472=FACE_BOUND('',#692,.T.);
#473=FACE_BOUND('',#693,.T.);
#474=FACE_BOUND('',#694,.T.);
#475=FACE_BOUND('',#695,.T.);
#476=FACE_BOUND('',#696,.T.);
#477=FACE_BOUND('',#697,.T.);
#478=FACE_BOUND('',#698,.T.);
#479=FACE_BOUND('',#699,.T.);
#480=FACE_BOUND('',#700,.T.);
#481=FACE_BOUND('',#701,.T.);
#482=EDGE_LOOP('',(#702));
#483=EDGE_LOOP('',(#703));
#484=EDGE_LOOP('',(#704));
#485=EDGE_LOOP('',(#705));
#486=EDGE_LOOP('',(#706));
#487=EDGE_LOOP('',(#707));
#488=EDGE_LOOP('',(#708));
#489=EDGE_LOOP('',(#709));
#490=EDGE_LOOP('',(#710));
#491=EDGE_LOOP('',(#711));
#492=EDGE_LOOP('',(#712));
#493=EDGE_LOOP('',(#713));
#494=EDGE_LOOP('',(#714));
#495=EDGE_LOOP('',(#715));
#496=EDGE_LOOP('',(#716));
#497=EDGE_LOOP('',(#717));
#498=EDGE_LOOP('',(#718));
#499=EDGE_LOOP('',(#719));
#500=EDGE_LOOP('',(#720));
#501=EDGE_LOOP('',(#721));
#502=EDGE_LOOP('',(#722));
#503=EDGE_LOOP('',(#723));
#504=EDGE_LOOP('',(#724));
#505=EDGE_LOOP('',(#725));
#506=EDGE_LOOP('',(#726));
#507=EDGE_LOOP('',(#727));
#508=EDGE_LOOP('',(#728));
#509=EDGE_LOOP('',(#729));
#510=EDGE_LOOP('',(#730));
#511=EDGE_LOOP('',(#731));
#512=EDGE_LOOP('',(#732));
#513=EDGE_LOOP('',(#733));
#514=EDGE_LOOP('',(#734));
#515=EDGE_LOOP('',(#735));
#516=EDGE_LOOP('',(#736));
#517=EDGE_LOOP('',(#737));
#518=EDGE_LOOP('',(#738));
#519=EDGE_LOOP('',(#739));
#520=EDGE_LOOP('',(#740));
#521=EDGE_LOOP('',(#741));
#522=EDGE_LOOP('',(#742));
#523=EDGE_LOOP('',(#743));
#524=EDGE_LOOP('',(#744));
#525=EDGE_LOOP('',(#745));
#526=EDGE_LOOP('',(#746));
#527=EDGE_LOOP('',(#747));
#528=EDGE_LOOP('',(#748));
#529=EDGE_LOOP('',(#749));
#530=EDGE_LOOP('',(#750));
#531=EDGE_LOOP('',(#751));
#532=EDGE_LOOP('',(#752));
#533=EDGE_LOOP('',(#753));
#534=EDGE_LOOP('',(#754));
#535=EDGE_LOOP('',(#755));
#536=EDGE_LOOP('',(#756));
#537=EDGE_LOOP('',(#757));
#538=EDGE_LOOP('',(#758));
#539=EDGE_LOOP('',(#759));
#540=EDGE_LOOP('',(#760));
#541=EDGE_LOOP('',(#761));
#542=EDGE_LOOP('',(#762));
#543=EDGE_LOOP('',(#763));
#544=EDGE_LOOP('',(#764));
#545=EDGE_LOOP('',(#765));
#546=EDGE_LOOP('',(#766));
#547=EDGE_LOOP('',(#767));
#548=EDGE_LOOP('',(#768));
#549=EDGE_LOOP('',(#769));
#550=EDGE_LOOP('',(#770));
#551=EDGE_LOOP('',(#771));
#552=EDGE_LOOP('',(#772));
#553=EDGE_LOOP('',(#773));
#554=EDGE_LOOP('',(#774));
#555=EDGE_LOOP('',(#775));
#556=EDGE_LOOP('',(#776));
#557=EDGE_LOOP('',(#777));
#558=EDGE_LOOP('',(#778));
#559=EDGE_LOOP('',(#779));
#560=EDGE_LOOP('',(#780));
#561=EDGE_LOOP('',(#781));
#562=EDGE_LOOP('',(#782));
#563=EDGE_LOOP('',(#783));
#564=EDGE_LOOP('',(#784));
#565=EDGE_LOOP('',(#785));
#566=EDGE_LOOP('',(#786));
#567=EDGE_LOOP('',(#787));
#568=EDGE_LOOP('',(#788));
#569=EDGE_LOOP('',(#789));
#570=EDGE_LOOP('',(#790));
#571=EDGE_LOOP('',(#791));
#572=EDGE_LOOP('',(#792));
#573=EDGE_LOOP('',(#793));
#574=EDGE_LOOP('',(#794));
#575=EDGE_LOOP('',(#795));
#576=EDGE_LOOP('',(#796));
#577=EDGE_LOOP('',(#797));
#578=EDGE_LOOP('',(#798));
#579=EDGE_LOOP('',(#799));
#580=EDGE_LOOP('',(#800));
#581=EDGE_LOOP('',(#801));
#582=EDGE_LOOP('',(#802));
#583=EDGE_LOOP('',(#803));
#584=EDGE_LOOP('',(#804));
#585=EDGE_LOOP('',(#805));
#586=EDGE_LOOP('',(#806));
#587=EDGE_LOOP('',(#807));
#588=EDGE_LOOP('',(#808));
#589=EDGE_LOOP('',(#809));
#590=EDGE_LOOP('',(#810));
#591=EDGE_LOOP('',(#811));
#592=EDGE_LOOP('',(#812));
#593=EDGE_LOOP('',(#813));
#594=EDGE_LOOP('',(#814));
#595=EDGE_LOOP('',(#815));
#596=EDGE_LOOP('',(#816));
#597=EDGE_LOOP('',(#817));
#598=EDGE_LOOP('',(#818));
#599=EDGE_LOOP('',(#819));
#600=EDGE_LOOP('',(#820));
#601=EDGE_LOOP('',(#821));
#602=EDGE_LOOP('',(#822));
#603=EDGE_LOOP('',(#823));
#604=EDGE_LOOP('',(#824));
#605=EDGE_LOOP('',(#825));
#606=EDGE_LOOP('',(#826));
#607=EDGE_LOOP('',(#827));
#608=EDGE_LOOP('',(#828));
#609=EDGE_LOOP('',(#829));
#610=EDGE_LOOP('',(#830));
#611=EDGE_LOOP('',(#831));
#612=EDGE_LOOP('',(#832));
#613=EDGE_LOOP('',(#833));
#614=EDGE_LOOP('',(#834));
#615=EDGE_LOOP('',(#835));
#616=EDGE_LOOP('',(#836));
#617=EDGE_LOOP('',(#837));
#618=EDGE_LOOP('',(#838));
#619=EDGE_LOOP('',(#839));
#620=EDGE_LOOP('',(#840));
#621=EDGE_LOOP('',(#841));
#622=EDGE_LOOP('',(#842));
#623=EDGE_LOOP('',(#843));
#624=EDGE_LOOP('',(#844));
#625=EDGE_LOOP('',(#845));
#626=EDGE_LOOP('',(#846));
#627=EDGE_LOOP('',(#847));
#628=EDGE_LOOP('',(#848));
#629=EDGE_LOOP('',(#849));
#630=EDGE_LOOP('',(#850));
#631=EDGE_LOOP('',(#851));
#632=EDGE_LOOP('',(#852));
#633=EDGE_LOOP('',(#853));
#634=EDGE_LOOP('',(#854));
#635=EDGE_LOOP('',(#855));
#636=EDGE_LOOP('',(#856));
#637=EDGE_LOOP('',(#857));
#638=EDGE_LOOP('',(#858));
#639=EDGE_LOOP('',(#859));
#640=EDGE_LOOP('',(#860));
#641=EDGE_LOOP('',(#861));
#642=EDGE_LOOP('',(#862));
#643=EDGE_LOOP('',(#863));
#644=EDGE_LOOP('',(#864));
#645=EDGE_LOOP('',(#865));
#646=EDGE_LOOP('',(#866));
#647=EDGE_LOOP('',(#867));
#648=EDGE_LOOP('',(#868));
#649=EDGE_LOOP('',(#869));
#650=EDGE_LOOP('',(#870));
#651=EDGE_LOOP('',(#871));
#652=EDGE_LOOP('',(#872));
#653=EDGE_LOOP('',(#873));
#654=EDGE_LOOP('',(#874));
#655=EDGE_LOOP('',(#875));
#656=EDGE_LOOP('',(#876));
#657=EDGE_LOOP('',(#877));
#658=EDGE_LOOP('',(#878));
#659=EDGE_LOOP('',(#879));
#660=EDGE_LOOP('',(#880));
#661=EDGE_LOOP('',(#881));
#662=EDGE_LOOP('',(#882));
#663=EDGE_LOOP('',(#883));
#664=EDGE_LOOP('',(#884));
#665=EDGE_LOOP('',(#885));
#666=EDGE_LOOP('',(#886));
#667=EDGE_LOOP('',(#887));
#668=EDGE_LOOP('',(#888));
#669=EDGE_LOOP('',(#889));
#670=EDGE_LOOP('',(#890));
#671=EDGE_LOOP('',(#891));
#672=EDGE_LOOP('',(#892));
#673=EDGE_LOOP('',(#893));
#674=EDGE_LOOP('',(#894));
#675=EDGE_LOOP('',(#895));
#676=EDGE_LOOP('',(#896));
#677=EDGE_LOOP('',(#897));
#678=EDGE_LOOP('',(#898));
#679=EDGE_LOOP('',(#899));
#680=EDGE_LOOP('',(#900));
#681=EDGE_LOOP('',(#901));
#682=EDGE_LOOP('',(#902));
#683=EDGE_LOOP('',(#903));
#684=EDGE_LOOP('',(#904));
#685=EDGE_LOOP('',(#905));
#686=EDGE_LOOP('',(#906));
#687=EDGE_LOOP('',(#907));
#688=EDGE_LOOP('',(#908));
#689=EDGE_LOOP('',(#909));
#690=EDGE_LOOP('',(#910));
#691=EDGE_LOOP('',(#911));
#692=EDGE_LOOP('',(#912));
#693=EDGE_LOOP('',(#913));
#694=EDGE_LOOP('',(#914));
#695=EDGE_LOOP('',(#915));
#696=EDGE_LOOP('',(#916));
#697=EDGE_LOOP('',(#917));
#698=EDGE_LOOP('',(#918));
#699=EDGE_LOOP('',(#919));
#700=EDGE_LOOP('',(#920));
#701=EDGE_LOOP('',(#921));
#702=ORIENTED_EDGE('',*,*,#1032,.T.);
#703=ORIENTED_EDGE('',*,*,#1033,.T.);
#704=ORIENTED_EDGE('',*,*,#1034,.T.);
#705=ORIENTED_EDGE('',*,*,#1035,.T.);
#706=ORIENTED_EDGE('',*,*,#1036,.F.);
#707=ORIENTED_EDGE('',*,*,#1037,.F.);
#708=ORIENTED_EDGE('',*,*,#1038,.F.);
#709=ORIENTED_EDGE('',*,*,#1039,.F.);
#710=ORIENTED_EDGE('',*,*,#1040,.F.);
#711=ORIENTED_EDGE('',*,*,#1041,.F.);
#712=ORIENTED_EDGE('',*,*,#1042,.F.);
#713=ORIENTED_EDGE('',*,*,#1043,.F.);
#714=ORIENTED_EDGE('',*,*,#1044,.F.);
#715=ORIENTED_EDGE('',*,*,#1045,.F.);
#716=ORIENTED_EDGE('',*,*,#1046,.F.);
#717=ORIENTED_EDGE('',*,*,#1047,.F.);
#718=ORIENTED_EDGE('',*,*,#1048,.F.);
#719=ORIENTED_EDGE('',*,*,#1049,.F.);
#720=ORIENTED_EDGE('',*,*,#1050,.F.);
#721=ORIENTED_EDGE('',*,*,#1051,.F.);
#722=ORIENTED_EDGE('',*,*,#1052,.F.);
#723=ORIENTED_EDGE('',*,*,#1053,.F.);
#724=ORIENTED_EDGE('',*,*,#1054,.F.);
#725=ORIENTED_EDGE('',*,*,#1055,.F.);
#726=ORIENTED_EDGE('',*,*,#1056,.F.);
#727=ORIENTED_EDGE('',*,*,#1057,.F.);
#728=ORIENTED_EDGE('',*,*,#1058,.F.);
#729=ORIENTED_EDGE('',*,*,#1059,.F.);
#730=ORIENTED_EDGE('',*,*,#1060,.F.);
#731=ORIENTED_EDGE('',*,*,#1061,.F.);
#732=ORIENTED_EDGE('',*,*,#1062,.F.);
#733=ORIENTED_EDGE('',*,*,#1063,.F.);
#734=ORIENTED_EDGE('',*,*,#1064,.F.);
#735=ORIENTED_EDGE('',*,*,#1065,.F.);
#736=ORIENTED_EDGE('',*,*,#1066,.F.);
#737=ORIENTED_EDGE('',*,*,#1067,.F.);
#738=ORIENTED_EDGE('',*,*,#1068,.F.);
#739=ORIENTED_EDGE('',*,*,#1069,.F.);
#740=ORIENTED_EDGE('',*,*,#1070,.F.);
#741=ORIENTED_EDGE('',*,*,#1071,.F.);
#742=ORIENTED_EDGE('',*,*,#1072,.F.);
#743=ORIENTED_EDGE('',*,*,#1073,.F.);
#744=ORIENTED_EDGE('',*,*,#1074,.F.);
#745=ORIENTED_EDGE('',*,*,#1075,.F.);
#746=ORIENTED_EDGE('',*,*,#1076,.F.);
#747=ORIENTED_EDGE('',*,*,#1077,.F.);
#748=ORIENTED_EDGE('',*,*,#1078,.F.);
#749=ORIENTED_EDGE('',*,*,#1079,.F.);
#750=ORIENTED_EDGE('',*,*,#1080,.F.);
#751=ORIENTED_EDGE('',*,*,#1081,.F.);
#752=ORIENTED_EDGE('',*,*,#1082,.F.);
#753=ORIENTED_EDGE('',*,*,#1083,.F.);
#754=ORIENTED_EDGE('',*,*,#1084,.F.);
#755=ORIENTED_EDGE('',*,*,#1085,.F.);
#756=ORIENTED_EDGE('',*,*,#1086,.F.);
#757=ORIENTED_EDGE('',*,*,#1087,.F.);
#758=ORIENTED_EDGE('',*,*,#1088,.T.);
#759=ORIENTED_EDGE('',*,*,#1089,.T.);
#760=ORIENTED_EDGE('',*,*,#1090,.T.);
#761=ORIENTED_EDGE('',*,*,#1091,.T.);
#762=ORIENTED_EDGE('',*,*,#1092,.T.);
#763=ORIENTED_EDGE('',*,*,#1093,.T.);
#764=ORIENTED_EDGE('',*,*,#1094,.T.);
#765=ORIENTED_EDGE('',*,*,#1095,.T.);
#766=ORIENTED_EDGE('',*,*,#1096,.T.);
#767=ORIENTED_EDGE('',*,*,#1097,.T.);
#768=ORIENTED_EDGE('',*,*,#1098,.T.);
#769=ORIENTED_EDGE('',*,*,#1099,.T.);
#770=ORIENTED_EDGE('',*,*,#1100,.T.);
#771=ORIENTED_EDGE('',*,*,#1101,.T.);
#772=ORIENTED_EDGE('',*,*,#1102,.T.);
#773=ORIENTED_EDGE('',*,*,#1103,.T.);
#774=ORIENTED_EDGE('',*,*,#1104,.T.);
#775=ORIENTED_EDGE('',*,*,#1105,.T.);
#776=ORIENTED_EDGE('',*,*,#1106,.T.);
#777=ORIENTED_EDGE('',*,*,#1107,.T.);
#778=ORIENTED_EDGE('',*,*,#1108,.T.);
#779=ORIENTED_EDGE('',*,*,#1109,.T.);
#780=ORIENTED_EDGE('',*,*,#1110,.T.);
#781=ORIENTED_EDGE('',*,*,#1111,.T.);
#782=ORIENTED_EDGE('',*,*,#1112,.T.);
#783=ORIENTED_EDGE('',*,*,#1113,.T.);
#784=ORIENTED_EDGE('',*,*,#1114,.T.);
#785=ORIENTED_EDGE('',*,*,#1115,.T.);
#786=ORIENTED_EDGE('',*,*,#1116,.T.);
#787=ORIENTED_EDGE('',*,*,#1117,.T.);
#788=ORIENTED_EDGE('',*,*,#1118,.T.);
#789=ORIENTED_EDGE('',*,*,#1119,.T.);
#790=ORIENTED_EDGE('',*,*,#1120,.T.);
#791=ORIENTED_EDGE('',*,*,#1121,.T.);
#792=ORIENTED_EDGE('',*,*,#1122,.T.);
#793=ORIENTED_EDGE('',*,*,#1123,.T.);
#794=ORIENTED_EDGE('',*,*,#1124,.T.);
#795=ORIENTED_EDGE('',*,*,#1125,.T.);
#796=ORIENTED_EDGE('',*,*,#1126,.T.);
#797=ORIENTED_EDGE('',*,*,#1127,.T.);
#798=ORIENTED_EDGE('',*,*,#1128,.T.);
#799=ORIENTED_EDGE('',*,*,#1129,.T.);
#800=ORIENTED_EDGE('',*,*,#1130,.T.);
#801=ORIENTED_EDGE('',*,*,#1131,.T.);
#802=ORIENTED_EDGE('',*,*,#1132,.T.);
#803=ORIENTED_EDGE('',*,*,#1133,.T.);
#804=ORIENTED_EDGE('',*,*,#1134,.T.);
#805=ORIENTED_EDGE('',*,*,#1135,.T.);
#806=ORIENTED_EDGE('',*,*,#1136,.T.);
#807=ORIENTED_EDGE('',*,*,#1137,.T.);
#808=ORIENTED_EDGE('',*,*,#1138,.T.);
#809=ORIENTED_EDGE('',*,*,#1139,.T.);
#810=ORIENTED_EDGE('',*,*,#1140,.T.);
#811=ORIENTED_EDGE('',*,*,#1033,.F.);
#812=ORIENTED_EDGE('',*,*,#1141,.T.);
#813=ORIENTED_EDGE('',*,*,#1140,.F.);
#814=ORIENTED_EDGE('',*,*,#1087,.T.);
#815=ORIENTED_EDGE('',*,*,#1139,.F.);
#816=ORIENTED_EDGE('',*,*,#1086,.T.);
#817=ORIENTED_EDGE('',*,*,#1138,.F.);
#818=ORIENTED_EDGE('',*,*,#1085,.T.);
#819=ORIENTED_EDGE('',*,*,#1137,.F.);
#820=ORIENTED_EDGE('',*,*,#1084,.T.);
#821=ORIENTED_EDGE('',*,*,#1136,.F.);
#822=ORIENTED_EDGE('',*,*,#1083,.T.);
#823=ORIENTED_EDGE('',*,*,#1135,.F.);
#824=ORIENTED_EDGE('',*,*,#1082,.T.);
#825=ORIENTED_EDGE('',*,*,#1134,.F.);
#826=ORIENTED_EDGE('',*,*,#1081,.T.);
#827=ORIENTED_EDGE('',*,*,#1133,.F.);
#828=ORIENTED_EDGE('',*,*,#1080,.T.);
#829=ORIENTED_EDGE('',*,*,#1132,.F.);
#830=ORIENTED_EDGE('',*,*,#1079,.T.);
#831=ORIENTED_EDGE('',*,*,#1131,.F.);
#832=ORIENTED_EDGE('',*,*,#1078,.T.);
#833=ORIENTED_EDGE('',*,*,#1130,.F.);
#834=ORIENTED_EDGE('',*,*,#1077,.T.);
#835=ORIENTED_EDGE('',*,*,#1129,.F.);
#836=ORIENTED_EDGE('',*,*,#1076,.T.);
#837=ORIENTED_EDGE('',*,*,#1128,.F.);
#838=ORIENTED_EDGE('',*,*,#1075,.T.);
#839=ORIENTED_EDGE('',*,*,#1127,.F.);
#840=ORIENTED_EDGE('',*,*,#1074,.T.);
#841=ORIENTED_EDGE('',*,*,#1126,.F.);
#842=ORIENTED_EDGE('',*,*,#1073,.T.);
#843=ORIENTED_EDGE('',*,*,#1125,.F.);
#844=ORIENTED_EDGE('',*,*,#1072,.T.);
#845=ORIENTED_EDGE('',*,*,#1124,.F.);
#846=ORIENTED_EDGE('',*,*,#1071,.T.);
#847=ORIENTED_EDGE('',*,*,#1123,.F.);
#848=ORIENTED_EDGE('',*,*,#1070,.T.);
#849=ORIENTED_EDGE('',*,*,#1122,.F.);
#850=ORIENTED_EDGE('',*,*,#1069,.T.);
#851=ORIENTED_EDGE('',*,*,#1121,.F.);
#852=ORIENTED_EDGE('',*,*,#1068,.T.);
#853=ORIENTED_EDGE('',*,*,#1120,.F.);
#854=ORIENTED_EDGE('',*,*,#1067,.T.);
#855=ORIENTED_EDGE('',*,*,#1119,.F.);
#856=ORIENTED_EDGE('',*,*,#1066,.T.);
#857=ORIENTED_EDGE('',*,*,#1118,.F.);
#858=ORIENTED_EDGE('',*,*,#1065,.T.);
#859=ORIENTED_EDGE('',*,*,#1117,.F.);
#860=ORIENTED_EDGE('',*,*,#1064,.T.);
#861=ORIENTED_EDGE('',*,*,#1116,.F.);
#862=ORIENTED_EDGE('',*,*,#1063,.T.);
#863=ORIENTED_EDGE('',*,*,#1115,.F.);
#864=ORIENTED_EDGE('',*,*,#1062,.T.);
#865=ORIENTED_EDGE('',*,*,#1114,.F.);
#866=ORIENTED_EDGE('',*,*,#1061,.T.);
#867=ORIENTED_EDGE('',*,*,#1113,.F.);
#868=ORIENTED_EDGE('',*,*,#1060,.T.);
#869=ORIENTED_EDGE('',*,*,#1112,.F.);
#870=ORIENTED_EDGE('',*,*,#1059,.T.);
#871=ORIENTED_EDGE('',*,*,#1111,.F.);
#872=ORIENTED_EDGE('',*,*,#1058,.T.);
#873=ORIENTED_EDGE('',*,*,#1110,.F.);
#874=ORIENTED_EDGE('',*,*,#1057,.T.);
#875=ORIENTED_EDGE('',*,*,#1109,.F.);
#876=ORIENTED_EDGE('',*,*,#1056,.T.);
#877=ORIENTED_EDGE('',*,*,#1108,.F.);
#878=ORIENTED_EDGE('',*,*,#1055,.T.);
#879=ORIENTED_EDGE('',*,*,#1107,.F.);
#880=ORIENTED_EDGE('',*,*,#1054,.T.);
#881=ORIENTED_EDGE('',*,*,#1106,.F.);
#882=ORIENTED_EDGE('',*,*,#1053,.T.);
#883=ORIENTED_EDGE('',*,*,#1105,.F.);
#884=ORIENTED_EDGE('',*,*,#1052,.T.);
#885=ORIENTED_EDGE('',*,*,#1104,.F.);
#886=ORIENTED_EDGE('',*,*,#1051,.T.);
#887=ORIENTED_EDGE('',*,*,#1103,.F.);
#888=ORIENTED_EDGE('',*,*,#1050,.T.);
#889=ORIENTED_EDGE('',*,*,#1102,.F.);
#890=ORIENTED_EDGE('',*,*,#1049,.T.);
#891=ORIENTED_EDGE('',*,*,#1101,.F.);
#892=ORIENTED_EDGE('',*,*,#1048,.T.);
#893=ORIENTED_EDGE('',*,*,#1100,.F.);
#894=ORIENTED_EDGE('',*,*,#1047,.T.);
#895=ORIENTED_EDGE('',*,*,#1099,.F.);
#896=ORIENTED_EDGE('',*,*,#1046,.T.);
#897=ORIENTED_EDGE('',*,*,#1098,.F.);
#898=ORIENTED_EDGE('',*,*,#1045,.T.);
#899=ORIENTED_EDGE('',*,*,#1097,.F.);
#900=ORIENTED_EDGE('',*,*,#1044,.T.);
#901=ORIENTED_EDGE('',*,*,#1096,.F.);
#902=ORIENTED_EDGE('',*,*,#1043,.T.);
#903=ORIENTED_EDGE('',*,*,#1095,.F.);
#904=ORIENTED_EDGE('',*,*,#1042,.T.);
#905=ORIENTED_EDGE('',*,*,#1094,.F.);
#906=ORIENTED_EDGE('',*,*,#1041,.T.);
#907=ORIENTED_EDGE('',*,*,#1093,.F.);
#908=ORIENTED_EDGE('',*,*,#1040,.T.);
#909=ORIENTED_EDGE('',*,*,#1092,.F.);
#910=ORIENTED_EDGE('',*,*,#1039,.T.);
#911=ORIENTED_EDGE('',*,*,#1091,.F.);
#912=ORIENTED_EDGE('',*,*,#1038,.T.);
#913=ORIENTED_EDGE('',*,*,#1090,.F.);
#914=ORIENTED_EDGE('',*,*,#1037,.T.);
#915=ORIENTED_EDGE('',*,*,#1089,.F.);
#916=ORIENTED_EDGE('',*,*,#1036,.T.);
#917=ORIENTED_EDGE('',*,*,#1088,.F.);
#918=ORIENTED_EDGE('',*,*,#1032,.F.);
#919=ORIENTED_EDGE('',*,*,#1035,.F.);
#920=ORIENTED_EDGE('',*,*,#1034,.F.);
#921=ORIENTED_EDGE('',*,*,#1141,.F.);
#922=VERTEX_POINT('',#1345);
#923=VERTEX_POINT('',#1347);
#924=VERTEX_POINT('',#1350);
#925=VERTEX_POINT('',#1352);
#926=VERTEX_POINT('',#1411);
#927=VERTEX_POINT('',#1470);
#928=VERTEX_POINT('',#1529);
#929=VERTEX_POINT('',#1588);
#930=VERTEX_POINT('',#1647);
#931=VERTEX_POINT('',#1706);
#932=VERTEX_POINT('',#1765);
#933=VERTEX_POINT('',#1824);
#934=VERTEX_POINT('',#1883);
#935=VERTEX_POINT('',#1942);
#936=VERTEX_POINT('',#2001);
#937=VERTEX_POINT('',#2060);
#938=VERTEX_POINT('',#2119);
#939=VERTEX_POINT('',#2178);
#940=VERTEX_POINT('',#2237);
#941=VERTEX_POINT('',#2296);
#942=VERTEX_POINT('',#2355);
#943=VERTEX_POINT('',#2414);
#944=VERTEX_POINT('',#2473);
#945=VERTEX_POINT('',#2532);
#946=VERTEX_POINT('',#2591);
#947=VERTEX_POINT('',#2650);
#948=VERTEX_POINT('',#2709);
#949=VERTEX_POINT('',#2768);
#950=VERTEX_POINT('',#2827);
#951=VERTEX_POINT('',#2886);
#952=VERTEX_POINT('',#2945);
#953=VERTEX_POINT('',#3004);
#954=VERTEX_POINT('',#3063);
#955=VERTEX_POINT('',#3122);
#956=VERTEX_POINT('',#3181);
#957=VERTEX_POINT('',#3240);
#958=VERTEX_POINT('',#3299);
#959=VERTEX_POINT('',#3358);
#960=VERTEX_POINT('',#3417);
#961=VERTEX_POINT('',#3476);
#962=VERTEX_POINT('',#3535);
#963=VERTEX_POINT('',#3594);
#964=VERTEX_POINT('',#3653);
#965=VERTEX_POINT('',#3712);
#966=VERTEX_POINT('',#3771);
#967=VERTEX_POINT('',#3830);
#968=VERTEX_POINT('',#3889);
#969=VERTEX_POINT('',#3948);
#970=VERTEX_POINT('',#4007);
#971=VERTEX_POINT('',#4066);
#972=VERTEX_POINT('',#4125);
#973=VERTEX_POINT('',#4184);
#974=VERTEX_POINT('',#4243);
#975=VERTEX_POINT('',#4302);
#976=VERTEX_POINT('',#4361);
#977=VERTEX_POINT('',#4420);
#978=VERTEX_POINT('',#4480);
#979=VERTEX_POINT('',#4539);
#980=VERTEX_POINT('',#4598);
#981=VERTEX_POINT('',#4657);
#982=VERTEX_POINT('',#4716);
#983=VERTEX_POINT('',#4775);
#984=VERTEX_POINT('',#4834);
#985=VERTEX_POINT('',#4893);
#986=VERTEX_POINT('',#4952);
#987=VERTEX_POINT('',#5011);
#988=VERTEX_POINT('',#5070);
#989=VERTEX_POINT('',#5129);
#990=VERTEX_POINT('',#5188);
#991=VERTEX_POINT('',#5247);
#992=VERTEX_POINT('',#5306);
#993=VERTEX_POINT('',#5365);
#994=VERTEX_POINT('',#5424);
#995=VERTEX_POINT('',#5483);
#996=VERTEX_POINT('',#5542);
#997=VERTEX_POINT('',#5601);
#998=VERTEX_POINT('',#5660);
#999=VERTEX_POINT('',#5719);
#1000=VERTEX_POINT('',#5778);
#1001=VERTEX_POINT('',#5837);
#1002=VERTEX_POINT('',#5896);
#1003=VERTEX_POINT('',#5955);
#1004=VERTEX_POINT('',#6014);
#1005=VERTEX_POINT('',#6073);
#1006=VERTEX_POINT('',#6132);
#1007=VERTEX_POINT('',#6191);
#1008=VERTEX_POINT('',#6250);
#1009=VERTEX_POINT('',#6309);
#1010=VERTEX_POINT('',#6368);
#1011=VERTEX_POINT('',#6427);
#1012=VERTEX_POINT('',#6486);
#1013=VERTEX_POINT('',#6545);
#1014=VERTEX_POINT('',#6604);
#1015=VERTEX_POINT('',#6663);
#1016=VERTEX_POINT('',#6722);
#1017=VERTEX_POINT('',#6781);
#1018=VERTEX_POINT('',#6840);
#1019=VERTEX_POINT('',#6899);
#1020=VERTEX_POINT('',#6958);
#1021=VERTEX_POINT('',#7017);
#1022=VERTEX_POINT('',#7076);
#1023=VERTEX_POINT('',#7135);
#1024=VERTEX_POINT('',#7194);
#1025=VERTEX_POINT('',#7253);
#1026=VERTEX_POINT('',#7312);
#1027=VERTEX_POINT('',#7371);
#1028=VERTEX_POINT('',#7430);
#1029=VERTEX_POINT('',#7489);
#1030=VERTEX_POINT('',#7491);
#1031=VERTEX_POINT('',#7494);
#1032=EDGE_CURVE('',#922,#922,#1142,.T.);
#1033=EDGE_CURVE('',#923,#923,#1143,.T.);
#1034=EDGE_CURVE('',#924,#924,#1144,.T.);
#1035=EDGE_CURVE('',#925,#925,#1145,.T.);
#1036=EDGE_CURVE('',#926,#926,#98,.T.);
#1037=EDGE_CURVE('',#927,#927,#99,.T.);
#1038=EDGE_CURVE('',#928,#928,#100,.T.);
#1039=EDGE_CURVE('',#929,#929,#101,.T.);
#1040=EDGE_CURVE('',#930,#930,#102,.T.);
#1041=EDGE_CURVE('',#931,#931,#103,.T.);
#1042=EDGE_CURVE('',#932,#932,#104,.T.);
#1043=EDGE_CURVE('',#933,#933,#105,.T.);
#1044=EDGE_CURVE('',#934,#934,#106,.T.);
#1045=EDGE_CURVE('',#935,#935,#107,.T.);
#1046=EDGE_CURVE('',#936,#936,#108,.T.);
#1047=EDGE_CURVE('',#937,#937,#109,.T.);
#1048=EDGE_CURVE('',#938,#938,#110,.T.);
#1049=EDGE_CURVE('',#939,#939,#111,.T.);
#1050=EDGE_CURVE('',#940,#940,#112,.T.);
#1051=EDGE_CURVE('',#941,#941,#113,.T.);
#1052=EDGE_CURVE('',#942,#942,#114,.T.);
#1053=EDGE_CURVE('',#943,#943,#115,.T.);
#1054=EDGE_CURVE('',#944,#944,#116,.T.);
#1055=EDGE_CURVE('',#945,#945,#117,.T.);
#1056=EDGE_CURVE('',#946,#946,#118,.T.);
#1057=EDGE_CURVE('',#947,#947,#119,.T.);
#1058=EDGE_CURVE('',#948,#948,#120,.T.);
#1059=EDGE_CURVE('',#949,#949,#121,.T.);
#1060=EDGE_CURVE('',#950,#950,#122,.T.);
#1061=EDGE_CURVE('',#951,#951,#123,.T.);
#1062=EDGE_CURVE('',#952,#952,#124,.T.);
#1063=EDGE_CURVE('',#953,#953,#125,.T.);
#1064=EDGE_CURVE('',#954,#954,#126,.T.);
#1065=EDGE_CURVE('',#955,#955,#127,.T.);
#1066=EDGE_CURVE('',#956,#956,#128,.T.);
#1067=EDGE_CURVE('',#957,#957,#129,.T.);
#1068=EDGE_CURVE('',#958,#958,#130,.T.);
#1069=EDGE_CURVE('',#959,#959,#131,.T.);
#1070=EDGE_CURVE('',#960,#960,#132,.T.);
#1071=EDGE_CURVE('',#961,#961,#133,.T.);
#1072=EDGE_CURVE('',#962,#962,#134,.T.);
#1073=EDGE_CURVE('',#963,#963,#135,.T.);
#1074=EDGE_CURVE('',#964,#964,#136,.T.);
#1075=EDGE_CURVE('',#965,#965,#137,.T.);
#1076=EDGE_CURVE('',#966,#966,#138,.T.);
#1077=EDGE_CURVE('',#967,#967,#139,.T.);
#1078=EDGE_CURVE('',#968,#968,#140,.T.);
#1079=EDGE_CURVE('',#969,#969,#141,.T.);
#1080=EDGE_CURVE('',#970,#970,#142,.T.);
#1081=EDGE_CURVE('',#971,#971,#143,.T.);
#1082=EDGE_CURVE('',#972,#972,#144,.T.);
#1083=EDGE_CURVE('',#973,#973,#145,.T.);
#1084=EDGE_CURVE('',#974,#974,#146,.T.);
#1085=EDGE_CURVE('',#975,#975,#147,.T.);
#1086=EDGE_CURVE('',#976,#976,#148,.T.);
#1087=EDGE_CURVE('',#977,#977,#149,.T.);
#1088=EDGE_CURVE('',#978,#978,#150,.T.);
#1089=EDGE_CURVE('',#979,#979,#151,.T.);
#1090=EDGE_CURVE('',#980,#980,#152,.T.);
#1091=EDGE_CURVE('',#981,#981,#153,.T.);
#1092=EDGE_CURVE('',#982,#982,#154,.T.);
#1093=EDGE_CURVE('',#983,#983,#155,.T.);
#1094=EDGE_CURVE('',#984,#984,#156,.T.);
#1095=EDGE_CURVE('',#985,#985,#157,.T.);
#1096=EDGE_CURVE('',#986,#986,#158,.T.);
#1097=EDGE_CURVE('',#987,#987,#159,.T.);
#1098=EDGE_CURVE('',#988,#988,#160,.T.);
#1099=EDGE_CURVE('',#989,#989,#161,.T.);
#1100=EDGE_CURVE('',#990,#990,#162,.T.);
#1101=EDGE_CURVE('',#991,#991,#163,.T.);
#1102=EDGE_CURVE('',#992,#992,#164,.T.);
#1103=EDGE_CURVE('',#993,#993,#165,.T.);
#1104=EDGE_CURVE('',#994,#994,#166,.T.);
#1105=EDGE_CURVE('',#995,#995,#167,.T.);
#1106=EDGE_CURVE('',#996,#996,#168,.T.);
#1107=EDGE_CURVE('',#997,#997,#169,.T.);
#1108=EDGE_CURVE('',#998,#998,#170,.T.);
#1109=EDGE_CURVE('',#999,#999,#171,.T.);
#1110=EDGE_CURVE('',#1000,#1000,#172,.T.);
#1111=EDGE_CURVE('',#1001,#1001,#173,.T.);
#1112=EDGE_CURVE('',#1002,#1002,#174,.T.);
#1113=EDGE_CURVE('',#1003,#1003,#175,.T.);
#1114=EDGE_CURVE('',#1004,#1004,#176,.T.);
#1115=EDGE_CURVE('',#1005,#1005,#177,.T.);
#1116=EDGE_CURVE('',#1006,#1006,#178,.T.);
#1117=EDGE_CURVE('',#1007,#1007,#179,.T.);
#1118=EDGE_CURVE('',#1008,#1008,#180,.T.);
#1119=EDGE_CURVE('',#1009,#1009,#181,.T.);
#1120=EDGE_CURVE('',#1010,#1010,#182,.T.);
#1121=EDGE_CURVE('',#1011,#1011,#183,.T.);
#1122=EDGE_CURVE('',#1012,#1012,#184,.T.);
#1123=EDGE_CURVE('',#1013,#1013,#185,.T.);
#1124=EDGE_CURVE('',#1014,#1014,#186,.T.);
#1125=EDGE_CURVE('',#1015,#1015,#187,.T.);
#1126=EDGE_CURVE('',#1016,#1016,#188,.T.);
#1127=EDGE_CURVE('',#1017,#1017,#189,.T.);
#1128=EDGE_CURVE('',#1018,#1018,#190,.T.);
#1129=EDGE_CURVE('',#1019,#1019,#191,.T.);
#1130=EDGE_CURVE('',#1020,#1020,#192,.T.);
#1131=EDGE_CURVE('',#1021,#1021,#193,.T.);
#1132=EDGE_CURVE('',#1022,#1022,#194,.T.);
#1133=EDGE_CURVE('',#1023,#1023,#195,.T.);
#1134=EDGE_CURVE('',#1024,#1024,#196,.T.);
#1135=EDGE_CURVE('',#1025,#1025,#197,.T.);
#1136=EDGE_CURVE('',#1026,#1026,#198,.T.);
#1137=EDGE_CURVE('',#1027,#1027,#199,.T.);
#1138=EDGE_CURVE('',#1028,#1028,#200,.T.);
#1139=EDGE_CURVE('',#1029,#1029,#201,.T.);
#1140=EDGE_CURVE('',#1030,#1030,#1146,.T.);
#1141=EDGE_CURVE('',#1031,#1031,#1147,.T.);
#1142=CIRCLE('',#1149,2.893);
#1143=CIRCLE('',#1150,3.);
#1144=CIRCLE('',#1152,2.875);
#1145=CIRCLE('',#1153,2.875);
#1146=CIRCLE('',#1155,3.);
#1147=CIRCLE('',#1157,2.893);
#1148=AXIS2_PLACEMENT_3D('',#1343,#1213,#1214);
#1149=AXIS2_PLACEMENT_3D('',#1344,#1215,#1216);
#1150=AXIS2_PLACEMENT_3D('',#1346,#1217,#1218);
#1151=AXIS2_PLACEMENT_3D('',#1348,#1219,#1220);
#1152=AXIS2_PLACEMENT_3D('',#1349,#1221,#1222);
#1153=AXIS2_PLACEMENT_3D('',#1351,#1223,#1224);
#1154=AXIS2_PLACEMENT_3D('',#4421,#1225,#1226);
#1155=AXIS2_PLACEMENT_3D('',#7490,#1227,#1228);
#1156=AXIS2_PLACEMENT_3D('',#7492,#1229,#1230);
#1157=AXIS2_PLACEMENT_3D('',#7493,#1231,#1232);
#1158=AXIS2_PLACEMENT_3D('',#7495,#1233,#1234);
#1159=AXIS2_PLACEMENT_3D('',#7496,#1235,#1236);
#1160=AXIS2_PLACEMENT_3D('',#7497,#1237,#1238);
#1161=AXIS2_PLACEMENT_3D('',#7498,#1239,#1240);
#1162=AXIS2_PLACEMENT_3D('',#7499,#1241,#1242);
#1163=AXIS2_PLACEMENT_3D('',#7500,#1243,#1244);
#1164=AXIS2_PLACEMENT_3D('',#7501,#1245,#1246);
#1165=AXIS2_PLACEMENT_3D('',#7502,#1247,#1248);
#1166=AXIS2_PLACEMENT_3D('',#7503,#1249,#1250);
#1167=AXIS2_PLACEMENT_3D('',#7504,#1251,#1252);
#1168=AXIS2_PLACEMENT_3D('',#7505,#1253,#1254);
#1169=AXIS2_PLACEMENT_3D('',#7506,#1255,#1256);
#1170=AXIS2_PLACEMENT_3D('',#7507,#1257,#1258);
#1171=AXIS2_PLACEMENT_3D('',#7508,#1259,#1260);
#1172=AXIS2_PLACEMENT_3D('',#7509,#1261,#1262);
#1173=AXIS2_PLACEMENT_3D('',#7510,#1263,#1264);
#1174=AXIS2_PLACEMENT_3D('',#7511,#1265,#1266);
#1175=AXIS2_PLACEMENT_3D('',#7512,#1267,#1268);
#1176=AXIS2_PLACEMENT_3D('',#7513,#1269,#1270);
#1177=AXIS2_PLACEMENT_3D('',#7514,#1271,#1272);
#1178=AXIS2_PLACEMENT_3D('',#7515,#1273,#1274);
#1179=AXIS2_PLACEMENT_3D('',#7516,#1275,#1276);
#1180=AXIS2_PLACEMENT_3D('',#7517,#1277,#1278);
#1181=AXIS2_PLACEMENT_3D('',#7518,#1279,#1280);
#1182=AXIS2_PLACEMENT_3D('',#7519,#1281,#1282);
#1183=AXIS2_PLACEMENT_3D('',#7520,#1283,#1284);
#1184=AXIS2_PLACEMENT_3D('',#7521,#1285,#1286);
#1185=AXIS2_PLACEMENT_3D('',#7522,#1287,#1288);
#1186=AXIS2_PLACEMENT_3D('',#7523,#1289,#1290);
#1187=AXIS2_PLACEMENT_3D('',#7524,#1291,#1292);
#1188=AXIS2_PLACEMENT_3D('',#7525,#1293,#1294);
#1189=AXIS2_PLACEMENT_3D('',#7526,#1295,#1296);
#1190=AXIS2_PLACEMENT_3D('',#7527,#1297,#1298);
#1191=AXIS2_PLACEMENT_3D('',#7528,#1299,#1300);
#1192=AXIS2_PLACEMENT_3D('',#7529,#1301,#1302);
#1193=AXIS2_PLACEMENT_3D('',#7530,#1303,#1304);
#1194=AXIS2_PLACEMENT_3D('',#7531,#1305,#1306);
#1195=AXIS2_PLACEMENT_3D('',#7532,#1307,#1308);
#1196=AXIS2_PLACEMENT_3D('',#7533,#1309,#1310);
#1197=AXIS2_PLACEMENT_3D('',#7534,#1311,#1312);
#1198=AXIS2_PLACEMENT_3D('',#7535,#1313,#1314);
#1199=AXIS2_PLACEMENT_3D('',#7536,#1315,#1316);
#1200=AXIS2_PLACEMENT_3D('',#7537,#1317,#1318);
#1201=AXIS2_PLACEMENT_3D('',#7538,#1319,#1320);
#1202=AXIS2_PLACEMENT_3D('',#7539,#1321,#1322);
#1203=AXIS2_PLACEMENT_3D('',#7540,#1323,#1324);
#1204=AXIS2_PLACEMENT_3D('',#7541,#1325,#1326);
#1205=AXIS2_PLACEMENT_3D('',#7542,#1327,#1328);
#1206=AXIS2_PLACEMENT_3D('',#7543,#1329,#1330);
#1207=AXIS2_PLACEMENT_3D('',#7544,#1331,#1332);
#1208=AXIS2_PLACEMENT_3D('',#7545,#1333,#1334);
#1209=AXIS2_PLACEMENT_3D('',#7546,#1335,#1336);
#1210=AXIS2_PLACEMENT_3D('',#7547,#1337,#1338);
#1211=AXIS2_PLACEMENT_3D('',#7548,#1339,#1340);
#1212=AXIS2_PLACEMENT_3D('',#7549,#1341,#1342);
#1213=DIRECTION('',(0.,0.,1.));
#1214=DIRECTION('',(1.,0.,0.));
#1215=DIRECTION('',(-5.72441359107436E-17,0.,-1.));
#1216=DIRECTION('',(1.,0.,0.));
#1217=DIRECTION('',(5.72441359107436E-17,0.,1.));
#1218=DIRECTION('',(1.,0.,0.));
#1219=DIRECTION('',(5.72441359107436E-17,0.,1.));
#1220=DIRECTION('',(1.,0.,0.));
#1221=DIRECTION('',(0.,0.,-1.));
#1222=DIRECTION('',(-1.,0.,0.));
#1223=DIRECTION('',(0.,0.,1.));
#1224=DIRECTION('',(1.,0.,0.));
#1225=DIRECTION('',(0.,0.,-1.));
#1226=DIRECTION('',(-1.,0.,0.));
#1227=DIRECTION('',(-5.72441359107436E-17,0.,1.));
#1228=DIRECTION('',(-1.,0.,0.));
#1229=DIRECTION('',(0.,0.,-1.));
#1230=DIRECTION('',(-1.,0.,0.));
#1231=DIRECTION('',(-5.72441359107436E-17,0.,1.));
#1232=DIRECTION('',(-1.,0.,0.));
#1233=DIRECTION('',(5.72441359107436E-17,0.,-1.));
#1234=DIRECTION('',(1.,0.,0.));
#1235=DIRECTION('',(1.74763438702887E-15,1.,0.));
#1236=DIRECTION('',(-1.,3.17934011482603E-15,0.));
#1237=DIRECTION('',(1.74763438702887E-15,1.,0.));
#1238=DIRECTION('',(-1.,3.17934011482603E-15,0.));
#1239=DIRECTION('',(-0.239315664287556,0.970941817426052,0.));
#1240=DIRECTION('',(-0.970941817426053,-0.239315664287556,0.));
#1241=DIRECTION('',(-0.239315664287556,0.970941817426053,0.));
#1242=DIRECTION('',(-0.970941817426053,-0.239315664287556,0.));
#1243=DIRECTION('',(-0.464723172043767,0.885456025653211,0.));
#1244=DIRECTION('',(-0.885456025653211,-0.464723172043767,0.));
#1245=DIRECTION('',(-0.464723172043767,0.885456025653211,0.));
#1246=DIRECTION('',(-0.885456025653211,-0.464723172043767,0.));
#1247=DIRECTION('',(-0.663122658240794,0.748510748171103,0.));
#1248=DIRECTION('',(-0.748510748171102,-0.663122658240794,0.));
#1249=DIRECTION('',(-0.663122658240793,0.748510748171103,0.));
#1250=DIRECTION('',(-0.748510748171102,-0.663122658240793,0.));
#1251=DIRECTION('',(-0.822983865893655,0.568064746731158,0.));
#1252=DIRECTION('',(-0.568064746731158,-0.822983865893654,0.));
#1253=DIRECTION('',(-0.822983865893655,0.568064746731158,0.));
#1254=DIRECTION('',(-0.568064746731158,-0.822983865893654,0.));
#1255=DIRECTION('',(-0.935016242685414,0.354604887042538,0.));
#1256=DIRECTION('',(-0.354604887042537,-0.935016242685414,0.));
#1257=DIRECTION('',(-0.935016242685414,0.354604887042538,0.));
#1258=DIRECTION('',(-0.354604887042537,-0.935016242685414,0.));
#1259=DIRECTION('',(-0.992708874098054,0.120536680255326,0.));
#1260=DIRECTION('',(-0.120536680255324,-0.992708874098054,0.));
#1261=DIRECTION('',(-0.992708874098054,0.120536680255326,0.));
#1262=DIRECTION('',(-0.120536680255324,-0.992708874098054,0.));
#1263=DIRECTION('',(-0.992708874098054,-0.12053668025532,0.));
#1264=DIRECTION('',(0.120536680255321,-0.992708874098054,0.));
#1265=DIRECTION('',(-0.992708874098054,-0.12053668025532,0.));
#1266=DIRECTION('',(0.120536680255321,-0.992708874098054,0.));
#1267=DIRECTION('',(-0.935016242685416,-0.354604887042533,0.));
#1268=DIRECTION('',(0.354604887042533,-0.935016242685416,0.));
#1269=DIRECTION('',(-0.935016242685416,-0.354604887042533,0.));
#1270=DIRECTION('',(0.354604887042533,-0.935016242685416,0.));
#1271=DIRECTION('',(-0.822983865893658,-0.568064746731153,0.));
#1272=DIRECTION('',(0.568064746731154,-0.822983865893659,0.));
#1273=DIRECTION('',(-0.822983865893658,-0.568064746731153,0.));
#1274=DIRECTION('',(0.568064746731154,-0.822983865893659,0.));
#1275=DIRECTION('',(-0.663122658240798,-0.748510748171098,0.));
#1276=DIRECTION('',(0.748510748171098,-0.663122658240798,0.));
#1277=DIRECTION('',(-0.663122658240798,-0.748510748171099,0.));
#1278=DIRECTION('',(0.748510748171099,-0.663122658240798,0.));
#1279=DIRECTION('',(-0.464723172043772,-0.885456025653208,0.));
#1280=DIRECTION('',(0.885456025653208,-0.464723172043771,0.));
#1281=DIRECTION('',(-0.464723172043772,-0.885456025653208,0.));
#1282=DIRECTION('',(0.885456025653208,-0.464723172043771,0.));
#1283=DIRECTION('',(-0.239315664287561,-0.970941817426051,0.));
#1284=DIRECTION('',(0.970941817426051,-0.23931566428756,0.));
#1285=DIRECTION('',(-0.239315664287562,-0.970941817426051,0.));
#1286=DIRECTION('',(0.970941817426051,-0.239315664287563,0.));
#1287=DIRECTION('',(1.74763438702887E-15,-1.,0.));
#1288=DIRECTION('',(1.,3.17934011482603E-15,0.));
#1289=DIRECTION('',(1.74763438702887E-15,-1.,0.));
#1290=DIRECTION('',(1.,3.17934011482603E-15,0.));
#1291=DIRECTION('',(0.239315664287554,-0.970941817426053,0.));
#1292=DIRECTION('',(0.970941817426053,0.239315664287553,0.));
#1293=DIRECTION('',(0.239315664287554,-0.970941817426053,0.));
#1294=DIRECTION('',(0.970941817426053,0.239315664287553,0.));
#1295=DIRECTION('',(0.464723172043765,-0.885456025653212,0.));
#1296=DIRECTION('',(0.885456025653211,0.464723172043764,0.));
#1297=DIRECTION('',(0.464723172043765,-0.885456025653212,0.));
#1298=DIRECTION('',(0.885456025653211,0.464723172043764,0.));
#1299=DIRECTION('',(0.663122658240792,-0.748510748171104,0.));
#1300=DIRECTION('',(0.748510748171104,0.663122658240791,0.));
#1301=DIRECTION('',(0.663122658240792,-0.748510748171104,0.));
#1302=DIRECTION('',(0.748510748171104,0.663122658240791,0.));
#1303=DIRECTION('',(0.822983865893653,-0.56806474673116,0.));
#1304=DIRECTION('',(0.56806474673116,0.822983865893653,0.));
#1305=DIRECTION('',(0.822983865893653,-0.56806474673116,0.));
#1306=DIRECTION('',(0.56806474673116,0.822983865893653,0.));
#1307=DIRECTION('',(0.935016242685413,-0.354604887042541,0.));
#1308=DIRECTION('',(0.35460488704254,0.935016242685413,0.));
#1309=DIRECTION('',(0.935016242685413,-0.354604887042541,0.));
#1310=DIRECTION('',(0.35460488704254,0.935016242685413,0.));
#1311=DIRECTION('',(0.992708874098053,-0.120536680255328,0.));
#1312=DIRECTION('',(0.120536680255328,0.992708874098053,0.));
#1313=DIRECTION('',(0.992708874098053,-0.120536680255328,0.));
#1314=DIRECTION('',(0.120536680255328,0.992708874098053,0.));
#1315=DIRECTION('',(0.992708874098055,0.120536680255317,0.));
#1316=DIRECTION('',(-0.120536680255318,0.992708874098054,0.));
#1317=DIRECTION('',(0.992708874098055,0.120536680255317,0.));
#1318=DIRECTION('',(-0.120536680255318,0.992708874098054,0.));
#1319=DIRECTION('',(0.935016242685416,0.354604887042531,0.));
#1320=DIRECTION('',(-0.35460488704253,0.935016242685417,0.));
#1321=DIRECTION('',(0.935016242685416,0.354604887042531,0.));
#1322=DIRECTION('',(-0.35460488704253,0.935016242685417,0.));
#1323=DIRECTION('',(0.82298386589366,0.568064746731151,0.));
#1324=DIRECTION('',(-0.56806474673115,0.82298386589366,0.));
#1325=DIRECTION('',(0.82298386589366,0.568064746731151,0.));
#1326=DIRECTION('',(-0.56806474673115,0.82298386589366,0.));
#1327=DIRECTION('',(0.6631226582408,0.748510748171097,0.));
#1328=DIRECTION('',(-0.748510748171098,0.663122658240801,0.));
#1329=DIRECTION('',(0.6631226582408,0.748510748171097,0.));
#1330=DIRECTION('',(-0.748510748171098,0.663122658240801,0.));
#1331=DIRECTION('',(0.464723172043774,0.885456025653207,0.));
#1332=DIRECTION('',(-0.885456025653207,0.464723172043774,0.));
#1333=DIRECTION('',(0.464723172043774,0.885456025653207,0.));
#1334=DIRECTION('',(-0.885456025653207,0.464723172043774,0.));
#1335=DIRECTION('',(0.239315664287564,0.97094181742605,0.));
#1336=DIRECTION('',(-0.97094181742605,0.239315664287563,0.));
#1337=DIRECTION('',(0.239315664287564,0.97094181742605,0.));
#1338=DIRECTION('',(-0.97094181742605,0.239315664287563,0.));
#1339=DIRECTION('',(0.,0.,1.));
#1340=DIRECTION('',(1.,0.,0.));
#1341=DIRECTION('',(0.,0.,-1.));
#1342=DIRECTION('',(-1.,0.,0.));
#1343=CARTESIAN_POINT('',(0.,0.,0.));
#1344=CARTESIAN_POINT('',(1.45267128087341E-14,0.,56.50354035));
#1345=CARTESIAN_POINT('',(2.89300000000001,0.,56.50354035));
#1346=CARTESIAN_POINT('',(1.45267128087341E-14,0.,56.50354035));
#1347=CARTESIAN_POINT('',(3.00000000000001,0.,56.50354035));
#1348=CARTESIAN_POINT('',(-3.,0.,56.50354035));
#1349=CARTESIAN_POINT('',(1.45267128087341E-14,0.,49.8556234227531));
#1350=CARTESIAN_POINT('',(-2.87499999999998,0.,49.8556234227531));
#1351=CARTESIAN_POINT('',(1.45267128087341E-14,0.,56.4014572772469));
#1352=CARTESIAN_POINT('',(2.87500000000001,0.,56.4014572772469));
#1353=CARTESIAN_POINT('',(0.519945940792568,2.82759283112922,50.23804035));
#1354=CARTESIAN_POINT('',(0.519945940792568,2.82759283112922,50.2188253838823));
#1355=CARTESIAN_POINT('',(0.52321284393607,2.82699731265315,50.1993455133892));
#1356=CARTESIAN_POINT('',(0.529466858633937,2.82582551577558,50.1812146249625));
#1357=CARTESIAN_POINT('',(0.535720602479933,2.82465376964676,50.1630845217571));
#1358=CARTESIAN_POINT('',(0.545132109055755,2.82287087063961,50.145803432268));
#1359=CARTESIAN_POINT('',(0.556903543107221,2.82054665688668,50.1307962901642));
#1360=CARTESIAN_POINT('',(0.568688204059677,2.81821983154496,50.1157722853755));
#1361=CARTESIAN_POINT('',(0.583161943686946,2.81528203907101,50.1026129121524));
#1362=CARTESIAN_POINT('',(0.599107768858452,2.81188457823102,50.0924050235722));
#1363=CARTESIAN_POINT('',(0.615065288857175,2.80848462565937,50.0821896484247));
#1364=CARTESIAN_POINT('',(0.632937362510302,2.80452632045605,50.0746484973226));
#1365=CARTESIAN_POINT('',(0.651226602893054,2.80027300663424,50.070409509335));
#1366=CARTESIAN_POINT('',(0.669493582699654,2.79602486969317,50.0661756807917));
#1367=CARTESIAN_POINT('',(0.688680746462359,2.79136321562689,50.0651194585132));
#1368=CARTESIAN_POINT('',(0.707192934780065,2.78666523877505,50.0673290784011));
#1369=CARTESIAN_POINT('',(0.725681690000436,2.78197320871604,50.069535901308));
#1370=CARTESIAN_POINT('',(0.744006887638742,2.77711670396014,50.0750605201253));
#1371=CARTESIAN_POINT('',(0.760666569859831,2.7725460085448,50.0834440166946));
#1372=CARTESIAN_POINT('',(0.777337185424195,2.7679723134935,50.0918330151484));
#1373=CARTESIAN_POINT('',(0.792800315813645,2.76356222259551,50.1033150800898));
#1374=CARTESIAN_POINT('',(0.80580354086686,2.75976550698179,50.1169424236878));
#1375=CARTESIAN_POINT('',(0.818827025686569,2.75596287586853,50.1305909994646));
#1376=CARTESIAN_POINT('',(0.829743208582868,2.7526750375238,50.1467683985789));
#1377=CARTESIAN_POINT('',(0.837669503272919,2.75026086095238,50.164137923182));
#1378=CARTESIAN_POINT('',(0.845596062915454,2.74784660368221,50.1815080283966));
#1379=CARTESIAN_POINT('',(0.850751740121604,2.74624301851266,50.2005506823515));
#1380=CARTESIAN_POINT('',(0.85271822215354,2.74563228302832,50.2196854541476));
#1381=CARTESIAN_POINT('',(0.854681659289459,2.74502249320534,50.2387905977093));
#1382=CARTESIAN_POINT('',(0.85352013237874,2.74538661028819,50.25851474046));
#1383=CARTESIAN_POINT('',(0.849327783715335,2.74668296601723,50.2772224157308));
#1384=CARTESIAN_POINT('',(0.845138421945597,2.74797839814067,50.2959167624736));
#1385=CARTESIAN_POINT('',(0.837807418191288,2.75023820833961,50.3141110604095));
#1386=CARTESIAN_POINT('',(0.827925975782178,2.75320968664306,50.3303047292084));
#1387=CARTESIAN_POINT('',(0.818032316508975,2.75618483871649,50.346518418956));
#1388=CARTESIAN_POINT('',(0.805308631412766,2.75995132182343,50.3611734846288));
#1389=CARTESIAN_POINT('',(0.790782127411342,2.76410720250985,50.373061676086));
#1390=CARTESIAN_POINT('',(0.776237380123986,2.76826830240934,50.3849647974724));
#1391=CARTESIAN_POINT('',(0.759482195863059,2.77293050286622,50.3944223404319));
#1392=CARTESIAN_POINT('',(0.741884270184791,2.77763077633662,50.400648829482));
#1393=CARTESIAN_POINT('',(0.724298322336714,2.78232785061875,50.4068710805424));
#1394=CARTESIAN_POINT('',(0.705384050179757,2.78719004784457,50.4100379628228));
#1395=CARTESIAN_POINT('',(0.68670489290766,2.79178462458276,50.4098849105883));
#1396=CARTESIAN_POINT('',(0.668054709580343,2.79637207449982,50.4097320957588));
#1397=CARTESIAN_POINT('',(0.649124751057311,2.80081931199964,50.4062657365577));
#1398=CARTESIAN_POINT('',(0.631489667771767,2.80478979595575,50.3997744745909));
#1399=CARTESIAN_POINT('',(0.613854661078644,2.80876026266732,50.3932832408168));
#1400=CARTESIAN_POINT('',(0.597029399913259,2.81236617197699,50.3835891409755));
#1401=CARTESIAN_POINT('',(0.582419307348468,2.81538856118081,50.3714934995442));
#1402=CARTESIAN_POINT('',(0.567786583641475,2.81841563208802,50.3593791218743));
#1403=CARTESIAN_POINT('',(0.554973435291334,2.82094512738163,50.3445217386633));
#1404=CARTESIAN_POINT('',(0.545060712739357,2.82285915685287,50.3281476026408));
#1405=CARTESIAN_POINT('',(0.535141125087633,2.82477451189366,50.3117621266382));
#1406=CARTESIAN_POINT('',(0.527853527836139,2.82613030059609,50.2934046608823));
#1407=CARTESIAN_POINT('',(0.523820620443168,2.82687759862336,50.2745970073454));
#1408=CARTESIAN_POINT('',(0.52125290002802,2.82735339739924,50.2626223222753));
#1409=CARTESIAN_POINT('',(0.519945940792568,2.82759283112922,50.2502964772486));
#1410=CARTESIAN_POINT('',(0.519945940792568,2.82759283112922,50.23804035));
#1411=CARTESIAN_POINT('',(0.519945940792568,2.82759283112922,50.23804035));
#1412=CARTESIAN_POINT('',(0.519945940792568,2.82759283112922,56.01904035));
#1413=CARTESIAN_POINT('',(0.519945940792568,2.82759283112922,55.9998253838823));
#1414=CARTESIAN_POINT('',(0.52321284393607,2.82699731265315,55.9803455133892));
#1415=CARTESIAN_POINT('',(0.529466858633937,2.82582551577558,55.9622146249625));
#1416=CARTESIAN_POINT('',(0.535720602479933,2.82465376964676,55.9440845217571));
#1417=CARTESIAN_POINT('',(0.545132109055755,2.82287087063961,55.926803432268));
#1418=CARTESIAN_POINT('',(0.556903543107221,2.82054665688668,55.9117962901642));
#1419=CARTESIAN_POINT('',(0.568688204059677,2.81821983154496,55.8967722853755));
#1420=CARTESIAN_POINT('',(0.583161943686946,2.81528203907101,55.8836129121524));
#1421=CARTESIAN_POINT('',(0.599107768858452,2.81188457823102,55.8734050235722));
#1422=CARTESIAN_POINT('',(0.615065288857175,2.80848462565937,55.8631896484247));
#1423=CARTESIAN_POINT('',(0.632937362510302,2.80452632045605,55.8556484973226));
#1424=CARTESIAN_POINT('',(0.651226602893054,2.80027300663424,55.851409509335));
#1425=CARTESIAN_POINT('',(0.669493582699654,2.79602486969317,55.8471756807917));
#1426=CARTESIAN_POINT('',(0.688680746462359,2.79136321562689,55.8461194585132));
#1427=CARTESIAN_POINT('',(0.707192934780065,2.78666523877505,55.8483290784011));
#1428=CARTESIAN_POINT('',(0.725681690000436,2.78197320871604,55.850535901308));
#1429=CARTESIAN_POINT('',(0.744006887638742,2.77711670396014,55.8560605201253));
#1430=CARTESIAN_POINT('',(0.760666569859831,2.7725460085448,55.8644440166946));
#1431=CARTESIAN_POINT('',(0.777337185424195,2.7679723134935,55.8728330151484));
#1432=CARTESIAN_POINT('',(0.792800315813645,2.76356222259551,55.8843150800898));
#1433=CARTESIAN_POINT('',(0.80580354086686,2.75976550698179,55.8979424236878));
#1434=CARTESIAN_POINT('',(0.818827025686569,2.75596287586853,55.9115909994646));
#1435=CARTESIAN_POINT('',(0.829743208582868,2.7526750375238,55.9277683985789));
#1436=CARTESIAN_POINT('',(0.837669503272919,2.75026086095238,55.945137923182));
#1437=CARTESIAN_POINT('',(0.845596062915454,2.74784660368221,55.9625080283966));
#1438=CARTESIAN_POINT('',(0.850751740121604,2.74624301851266,55.9815506823515));
#1439=CARTESIAN_POINT('',(0.85271822215354,2.74563228302832,56.0006854541476));
#1440=CARTESIAN_POINT('',(0.854681659289459,2.74502249320534,56.0197905977093));
#1441=CARTESIAN_POINT('',(0.85352013237874,2.74538661028819,56.03951474046));
#1442=CARTESIAN_POINT('',(0.849327783715335,2.74668296601723,56.0582224157308));
#1443=CARTESIAN_POINT('',(0.845138421945597,2.74797839814067,56.0769167624736));
#1444=CARTESIAN_POINT('',(0.837807418191288,2.75023820833961,56.0951110604095));
#1445=CARTESIAN_POINT('',(0.827925975782178,2.75320968664306,56.1113047292084));
#1446=CARTESIAN_POINT('',(0.818032316508975,2.75618483871649,56.127518418956));
#1447=CARTESIAN_POINT('',(0.805308631412766,2.75995132182343,56.1421734846288));
#1448=CARTESIAN_POINT('',(0.790782127411342,2.76410720250985,56.154061676086));
#1449=CARTESIAN_POINT('',(0.776237380123986,2.76826830240934,56.1659647974724));
#1450=CARTESIAN_POINT('',(0.759482195863059,2.77293050286622,56.1754223404319));
#1451=CARTESIAN_POINT('',(0.741884270184791,2.77763077633662,56.181648829482));
#1452=CARTESIAN_POINT('',(0.724298322336714,2.78232785061875,56.1878710805424));
#1453=CARTESIAN_POINT('',(0.705384050179757,2.78719004784457,56.1910379628228));
#1454=CARTESIAN_POINT('',(0.68670489290766,2.79178462458276,56.1908849105883));
#1455=CARTESIAN_POINT('',(0.668054709580343,2.79637207449982,56.1907320957588));
#1456=CARTESIAN_POINT('',(0.649124751057311,2.80081931199964,56.1872657365577));
#1457=CARTESIAN_POINT('',(0.631489667771767,2.80478979595575,56.1807744745909));
#1458=CARTESIAN_POINT('',(0.613854661078644,2.80876026266732,56.1742832408168));
#1459=CARTESIAN_POINT('',(0.597029399913259,2.81236617197699,56.1645891409754));
#1460=CARTESIAN_POINT('',(0.582419307348468,2.81538856118081,56.1524934995442));
#1461=CARTESIAN_POINT('',(0.567786583641475,2.81841563208802,56.1403791218743));
#1462=CARTESIAN_POINT('',(0.554973435291334,2.82094512738163,56.1255217386633));
#1463=CARTESIAN_POINT('',(0.545060712739357,2.82285915685287,56.1091476026408));
#1464=CARTESIAN_POINT('',(0.535141125087633,2.82477451189366,56.0927621266382));
#1465=CARTESIAN_POINT('',(0.527853527836139,2.82613030059609,56.0744046608823));
#1466=CARTESIAN_POINT('',(0.523820620443168,2.82687759862336,56.0555970073454));
#1467=CARTESIAN_POINT('',(0.52125290002802,2.82735339739924,56.0436223222753));
#1468=CARTESIAN_POINT('',(0.519945940792568,2.82759283112922,56.0312964772486));
#1469=CARTESIAN_POINT('',(0.519945940792568,2.82759283112922,56.01904035));
#1470=CARTESIAN_POINT('',(0.519945940792568,2.82759283112922,56.01904035));
#1471=CARTESIAN_POINT('',(1.18152451343286,2.62099691418309,50.23804035));
#1472=CARTESIAN_POINT('',(1.18152451343286,2.62099691418309,50.2188253838823));
#1473=CARTESIAN_POINT('',(1.18455396940867,2.61963687929567,50.1993455133892));
#1474=CARTESIAN_POINT('',(1.19034582445747,2.61700244902383,50.1812146249625));
#1475=CARTESIAN_POINT('',(1.19613742866982,2.61436813284516,50.1630845217571));
#1476=CARTESIAN_POINT('',(1.20484877830901,2.61038472069473,50.145803432268));
#1477=CARTESIAN_POINT('',(1.21572193512242,2.60531095580973,50.1307962901642));
#1478=CARTESIAN_POINT('',(1.22660730949302,2.60023148981937,50.1157722853755));
#1479=CARTESIAN_POINT('',(1.23995740879423,2.59391527164187,50.1026129121524));
#1480=CARTESIAN_POINT('',(1.25462681166879,2.58680044909572,50.0924050235722));
#1481=CARTESIAN_POINT('',(1.26930697322974,2.57968040846776,50.0821896484247));
#1482=CARTESIAN_POINT('',(1.28571243246449,2.57156005724123,50.0746484973226));
#1483=CARTESIAN_POINT('',(1.30245233613837,2.56305343527749,50.070409509335));
#1484=CARTESIAN_POINT('',(1.31917186499664,2.55455716706831,50.0661756807917));
#1485=CARTESIAN_POINT('',(1.3366858778121,2.54543918335531,50.0651194585132));
#1486=CARTESIAN_POINT('',(1.35353583613072,2.53644746452789,50.0673290784011));
#1487=CARTESIAN_POINT('',(1.37036446543591,2.52746712759756,50.069535901308));
#1488=CARTESIAN_POINT('',(1.38699492847376,2.51836623719752,50.0750605201253));
#1489=CARTESIAN_POINT('',(1.40207667159767,2.50994143496649,50.0834440166946));
#1490=CARTESIAN_POINT('',(1.41716831250189,2.50151110374316,50.0918330151484));
#1491=CARTESIAN_POINT('',(1.4311267085925,2.49352859275054,50.1033150800898));
#1492=CARTESIAN_POINT('',(1.44284347003886,2.48673032735081,50.1169424236878));
#1493=CARTESIAN_POINT('',(1.45457848686802,2.47992146986573,50.1305909994646));
#1494=CARTESIAN_POINT('',(1.46439063411116,2.47411675656659,50.1467683985789));
#1495=CARTESIAN_POINT('',(1.47150885481308,2.46987584509966,50.164137923182));
#1496=CARTESIAN_POINT('',(1.47862731345597,2.46563479187165,50.1815080283966));
#1497=CARTESIAN_POINT('',(1.48324941300248,2.46284396965729,50.2005506823515));
#1498=CARTESIAN_POINT('',(1.48501259407236,2.46178037108238,50.2196854541476));
#1499=CARTESIAN_POINT('',(1.48677304503695,2.46071841938094,50.2387905977093));
#1500=CARTESIAN_POINT('',(1.48573240890883,2.46134992746734,50.25851474046));
#1501=CARTESIAN_POINT('',(1.48197212051075,2.46361190816024,50.2772224157308));
#1502=CARTESIAN_POINT('',(1.47821451117934,2.46587227727538,50.2959167624736));
#1503=CARTESIAN_POINT('',(1.4716373410495,2.46982084553034,50.3141110604095));
#1504=CARTESIAN_POINT('',(1.46275415670211,2.47507076202898,50.3303047292084));
#1505=CARTESIAN_POINT('',(1.45385998968121,2.48032716923149,50.346518418956));
#1506=CARTESIAN_POINT('',(1.4424074101563,2.48702918233563,50.3611734846288));
#1507=CARTESIAN_POINT('',(1.42929758730748,2.49454072063718,50.373061676086));
#1508=CARTESIAN_POINT('',(1.41617130032891,2.50206169239505,50.3849647974724));
#1509=CARTESIAN_POINT('',(1.40101872887067,2.51059819583153,50.3944223404319));
#1510=CARTESIAN_POINT('',(1.38505701599759,2.51937334717106,50.400648829482));
#1511=CARTESIAN_POINT('',(1.36910616728485,2.52814252580252,50.4068710805424));
#1512=CARTESIAN_POINT('',(1.35190510946048,2.5373899180194,50.4100379628228));
#1513=CARTESIAN_POINT('',(1.33486828873494,2.54632119963878,50.4098849105883));
#1514=CARTESIAN_POINT('',(1.31785789446408,2.55523862761066,50.4097320957588));
#1515=CARTESIAN_POINT('',(1.30054229972844,2.56408687207014,50.4062657365577));
#1516=CARTESIAN_POINT('',(1.28436985891821,2.5721623326498,50.3997744745909));
#1517=CARTESIAN_POINT('',(1.26819748834788,2.58023775815624,50.3932832408168));
#1518=CARTESIAN_POINT('',(1.2527240892751,2.58776543484744,50.3835891409755));
#1519=CARTESIAN_POINT('',(1.23926184452753,2.59419642292142,50.3714934995442));
#1520=CARTESIAN_POINT('',(1.22577874666257,2.60063737264382,50.3593791218743));
#1521=CARTESIAN_POINT('',(1.21394327296304,2.60615975251039,50.3445217386633));
#1522=CARTESIAN_POINT('',(1.20477665334715,2.61039043354623,50.3281476026408));
#1523=CARTESIAN_POINT('',(1.19560368534841,2.61462404455888,50.3117621266382));
#1524=CARTESIAN_POINT('',(1.18885231390233,2.61768447268297,50.2934046608823));
#1525=CARTESIAN_POINT('',(1.1851154355925,2.61937519349948,50.2745970073454));
#1526=CARTESIAN_POINT('',(1.18273619456609,2.62045166214452,50.2626223222753));
#1527=CARTESIAN_POINT('',(1.18152451343286,2.62099691418309,50.2502964772486));
#1528=CARTESIAN_POINT('',(1.18152451343286,2.62099691418309,50.23804035));
#1529=CARTESIAN_POINT('',(1.18152451343286,2.62099691418309,50.23804035));
#1530=CARTESIAN_POINT('',(1.18152451343286,2.62099691418309,56.01904035));
#1531=CARTESIAN_POINT('',(1.18152451343286,2.62099691418309,55.9998253838823));
#1532=CARTESIAN_POINT('',(1.18455396940867,2.61963687929567,55.9803455133892));
#1533=CARTESIAN_POINT('',(1.19034582445747,2.61700244902383,55.9622146249625));
#1534=CARTESIAN_POINT('',(1.19613742866982,2.61436813284516,55.9440845217571));
#1535=CARTESIAN_POINT('',(1.20484877830901,2.61038472069473,55.926803432268));
#1536=CARTESIAN_POINT('',(1.21572193512242,2.60531095580973,55.9117962901642));
#1537=CARTESIAN_POINT('',(1.22660730949302,2.60023148981937,55.8967722853755));
#1538=CARTESIAN_POINT('',(1.23995740879423,2.59391527164187,55.8836129121524));
#1539=CARTESIAN_POINT('',(1.25462681166879,2.58680044909572,55.8734050235722));
#1540=CARTESIAN_POINT('',(1.26930697322974,2.57968040846776,55.8631896484247));
#1541=CARTESIAN_POINT('',(1.28571243246449,2.57156005724123,55.8556484973226));
#1542=CARTESIAN_POINT('',(1.30245233613837,2.56305343527749,55.851409509335));
#1543=CARTESIAN_POINT('',(1.31917186499664,2.55455716706831,55.8471756807917));
#1544=CARTESIAN_POINT('',(1.3366858778121,2.54543918335531,55.8461194585132));
#1545=CARTESIAN_POINT('',(1.35353583613072,2.53644746452789,55.8483290784011));
#1546=CARTESIAN_POINT('',(1.37036446543591,2.52746712759756,55.850535901308));
#1547=CARTESIAN_POINT('',(1.38699492847376,2.51836623719752,55.8560605201253));
#1548=CARTESIAN_POINT('',(1.40207667159767,2.50994143496649,55.8644440166946));
#1549=CARTESIAN_POINT('',(1.41716831250189,2.50151110374316,55.8728330151484));
#1550=CARTESIAN_POINT('',(1.4311267085925,2.49352859275054,55.8843150800898));
#1551=CARTESIAN_POINT('',(1.44284347003886,2.48673032735081,55.8979424236878));
#1552=CARTESIAN_POINT('',(1.45457848686802,2.47992146986573,55.9115909994646));
#1553=CARTESIAN_POINT('',(1.46439063411116,2.47411675656659,55.9277683985789));
#1554=CARTESIAN_POINT('',(1.47150885481308,2.46987584509966,55.945137923182));
#1555=CARTESIAN_POINT('',(1.47862731345597,2.46563479187165,55.9625080283966));
#1556=CARTESIAN_POINT('',(1.48324941300248,2.46284396965729,55.9815506823515));
#1557=CARTESIAN_POINT('',(1.48501259407236,2.46178037108238,56.0006854541476));
#1558=CARTESIAN_POINT('',(1.48677304503695,2.46071841938094,56.0197905977093));
#1559=CARTESIAN_POINT('',(1.48573240890883,2.46134992746734,56.03951474046));
#1560=CARTESIAN_POINT('',(1.48197212051075,2.46361190816024,56.0582224157308));
#1561=CARTESIAN_POINT('',(1.47821451117934,2.46587227727538,56.0769167624736));
#1562=CARTESIAN_POINT('',(1.4716373410495,2.46982084553034,56.0951110604095));
#1563=CARTESIAN_POINT('',(1.46275415670211,2.47507076202898,56.1113047292084));
#1564=CARTESIAN_POINT('',(1.45385998968121,2.48032716923149,56.127518418956));
#1565=CARTESIAN_POINT('',(1.4424074101563,2.48702918233563,56.1421734846288));
#1566=CARTESIAN_POINT('',(1.42929758730748,2.49454072063718,56.154061676086));
#1567=CARTESIAN_POINT('',(1.41617130032891,2.50206169239505,56.1659647974724));
#1568=CARTESIAN_POINT('',(1.40101872887067,2.51059819583153,56.1754223404319));
#1569=CARTESIAN_POINT('',(1.38505701599759,2.51937334717106,56.181648829482));
#1570=CARTESIAN_POINT('',(1.36910616728485,2.52814252580252,56.1878710805424));
#1571=CARTESIAN_POINT('',(1.35190510946048,2.5373899180194,56.1910379628228));
#1572=CARTESIAN_POINT('',(1.33486828873494,2.54632119963878,56.1908849105883));
#1573=CARTESIAN_POINT('',(1.31785789446408,2.55523862761066,56.1907320957588));
#1574=CARTESIAN_POINT('',(1.30054229972844,2.56408687207014,56.1872657365577));
#1575=CARTESIAN_POINT('',(1.28436985891821,2.5721623326498,56.1807744745909));
#1576=CARTESIAN_POINT('',(1.26819748834788,2.58023775815624,56.1742832408168));
#1577=CARTESIAN_POINT('',(1.2527240892751,2.58776543484744,56.1645891409754));
#1578=CARTESIAN_POINT('',(1.23926184452753,2.59419642292142,56.1524934995442));
#1579=CARTESIAN_POINT('',(1.22577874666257,2.60063737264382,56.1403791218743));
#1580=CARTESIAN_POINT('',(1.21394327296304,2.60615975251039,56.1255217386633));
#1581=CARTESIAN_POINT('',(1.20477665334715,2.61039043354623,56.1091476026408));
#1582=CARTESIAN_POINT('',(1.19560368534841,2.61462404455888,56.0927621266382));
#1583=CARTESIAN_POINT('',(1.18885231390233,2.61768447268297,56.0744046608823));
#1584=CARTESIAN_POINT('',(1.1851154355925,2.61937519349948,56.0555970073454));
#1585=CARTESIAN_POINT('',(1.18273619456609,2.62045166214452,56.0436223222753));
#1586=CARTESIAN_POINT('',(1.18152451343286,2.62099691418309,56.0312964772486));
#1587=CARTESIAN_POINT('',(1.18152451343286,2.62099691418309,56.01904035));
#1588=CARTESIAN_POINT('',(1.18152451343286,2.62099691418309,56.01904035));
#1589=CARTESIAN_POINT('',(1.7744371760193,2.26207818352079,50.23804035));
#1590=CARTESIAN_POINT('',(1.7744371760193,2.26207818352079,50.2188253838823));
#1591=CARTESIAN_POINT('',(1.77705312385773,2.26003267250615,50.1993455133892));
#1592=CARTESIAN_POINT('',(1.78204621769454,2.25608871235167,50.1812146249625));
#1593=CARTESIAN_POINT('',(1.78703909528806,2.25214492300411,50.1630845217571));
#1594=CARTESIAN_POINT('',(1.79454401601406,2.24619249914547,50.145803432268));
#1595=CARTESIAN_POINT('',(1.80388698723774,2.23866405190113,50.1307962901642));
#1596=CARTESIAN_POINT('',(1.81324045663478,2.23112714536238,50.1157722853755));
#1597=CARTESIAN_POINT('',(1.82469105636418,2.22179957712328,50.1026129121524));
#1598=CARTESIAN_POINT('',(1.83723150456785,2.21138088049604,50.0924050235722));
#1599=CARTESIAN_POINT('',(1.8497811500613,2.20095454269277,50.0821896484247));
#1600=CARTESIAN_POINT('',(1.86376656921837,2.18914407074004,50.0746484973226));
#1601=CARTESIAN_POINT('',(1.87798427382893,2.17687851458258,50.070409509335));
#1602=CARTESIAN_POINT('',(1.89218467349464,2.16462788733093,50.0661756807917));
#1603=CARTESIAN_POINT('',(1.90700768459887,2.1515834780421,50.0651194585132));
#1604=CARTESIAN_POINT('',(1.92121615458803,2.13882058325378,50.0673290784011));
#1605=CARTESIAN_POINT('',(1.93540663921239,2.12607384399233,50.069535901308));
#1606=CARTESIAN_POINT('',(1.94937586558731,2.1132574786178,50.0750605201253));
#1607=CARTESIAN_POINT('',(1.96200317352358,2.10146818845384,50.0834440166946));
#1608=CARTESIAN_POINT('',(1.97463876845419,2.08967116126617,50.0918330151484));
#1609=CARTESIAN_POINT('',(1.98628121900188,2.07858014470256,50.1033150800898));
#1610=CARTESIAN_POINT('',(1.99603058125481,2.06917541999117,50.1169424236878));
#1611=CARTESIAN_POINT('',(2.00579513357036,2.05975604218212,50.1305909994646));
#1612=CARTESIAN_POINT('',(2.01393299882829,2.05177180276623,50.1467683985789));
#1613=CARTESIAN_POINT('',(2.01982946042856,2.04595062276316,50.164137923182));
#1614=CARTESIAN_POINT('',(2.02572611913001,2.04012924817533,50.1815080283966));
#1615=CARTESIAN_POINT('',(2.02954602139189,2.03631338135903,50.2005506823515));
#1616=CARTESIAN_POINT('',(2.03100343182484,2.0348587321767,50.2196854541476));
#1617=CARTESIAN_POINT('',(2.03245858560702,2.03340633536964,50.2387905977093));
#1618=CARTESIAN_POINT('',(2.0315993182507,2.03426853350506,50.25851474046));
#1619=CARTESIAN_POINT('',(2.02848962441155,2.0373646810659,50.2772224157308));
#1620=CARTESIAN_POINT('',(2.02538214611446,2.04045862273589,50.2959167624736));
#1621=CARTESIAN_POINT('',(2.01994105082999,2.04586647261235,50.3141110604095));
#1622=CARTESIAN_POINT('',(2.01257238292954,2.05308972124196,50.3303047292084));
#1623=CARTESIAN_POINT('',(2.0051946048192,2.06032190029318,50.346518418956));
#1624=CARTESIAN_POINT('',(1.99567871315915,2.06956994675374,50.3611734846288));
#1625=CARTESIAN_POINT('',(1.98474746671464,2.08000059936767,50.373061676086));
#1626=CARTESIAN_POINT('',(1.97380249213193,2.09044435144298,50.3849647974724));
#1627=CARTESIAN_POINT('',(1.96113314585219,2.10235904730824,50.3944223404319));
#1628=CARTESIAN_POINT('',(1.94773528251801,2.11469909661742,50.400648829482));
#1629=CARTESIAN_POINT('',(1.93434653828882,2.12703074681083,50.4068710805424));
#1630=CARTESIAN_POINT('',(1.91985835775449,2.14012590919602,50.4100379628228));
#1631=CARTESIAN_POINT('',(1.90545399166975,2.15287484207277,50.4098849105883));
#1632=CARTESIAN_POINT('',(1.89107196874009,2.16560399959928,50.4097320957588));
#1633=CARTESIAN_POINT('',(1.87637705721826,2.17833902321249,50.4062657365577));
#1634=CARTESIAN_POINT('',(1.86260714235881,2.1900501439999,50.3997744745909));
#1635=CARTESIAN_POINT('',(1.84883728730464,2.20176121392376,50.3932832408168));
#1636=CARTESIAN_POINT('',(1.83561500803505,2.2127731767892,50.3835891409755));
#1637=CARTESIAN_POINT('',(1.82408298783616,2.22223901808216,50.3714934995442));
#1638=CARTESIAN_POINT('',(1.81253310445209,2.23171952203378,50.3593791218743));
#1639=CARTESIAN_POINT('',(1.80236314011438,2.23991384582852,50.3445217386633));
#1640=CARTESIAN_POINT('',(1.79447535404736,2.24621530662504,50.3281476026408));
#1641=CARTESIAN_POINT('',(1.7865821052593,2.25252113152606,50.3117621266382));
#1642=CARTESIAN_POINT('',(1.78075932478684,2.25710833811343,50.2934046608823));
#1643=CARTESIAN_POINT('',(1.77753564934453,2.25964422317085,50.2745970073454));
#1644=CARTESIAN_POINT('',(1.77548316054712,2.2612588012402,50.2626223222753));
#1645=CARTESIAN_POINT('',(1.7744371760193,2.26207818352079,50.2502964772486));
#1646=CARTESIAN_POINT('',(1.7744371760193,2.26207818352079,50.23804035));
#1647=CARTESIAN_POINT('',(1.7744371760193,2.26207818352079,50.23804035));
#1648=CARTESIAN_POINT('',(1.7744371760193,2.26207818352079,56.01904035));
#1649=CARTESIAN_POINT('',(1.7744371760193,2.26207818352079,55.9998253838823));
#1650=CARTESIAN_POINT('',(1.77705312385773,2.26003267250615,55.9803455133892));
#1651=CARTESIAN_POINT('',(1.78204621769454,2.25608871235167,55.9622146249625));
#1652=CARTESIAN_POINT('',(1.78703909528806,2.25214492300411,55.9440845217571));
#1653=CARTESIAN_POINT('',(1.79454401601406,2.24619249914547,55.926803432268));
#1654=CARTESIAN_POINT('',(1.80388698723774,2.23866405190113,55.9117962901642));
#1655=CARTESIAN_POINT('',(1.81324045663478,2.23112714536238,55.8967722853755));
#1656=CARTESIAN_POINT('',(1.82469105636418,2.22179957712328,55.8836129121524));
#1657=CARTESIAN_POINT('',(1.83723150456785,2.21138088049604,55.8734050235722));
#1658=CARTESIAN_POINT('',(1.8497811500613,2.20095454269277,55.8631896484247));
#1659=CARTESIAN_POINT('',(1.86376656921837,2.18914407074004,55.8556484973226));
#1660=CARTESIAN_POINT('',(1.87798427382893,2.17687851458258,55.851409509335));
#1661=CARTESIAN_POINT('',(1.89218467349464,2.16462788733093,55.8471756807917));
#1662=CARTESIAN_POINT('',(1.90700768459887,2.1515834780421,55.8461194585132));
#1663=CARTESIAN_POINT('',(1.92121615458803,2.13882058325378,55.8483290784011));
#1664=CARTESIAN_POINT('',(1.93540663921239,2.12607384399233,55.850535901308));
#1665=CARTESIAN_POINT('',(1.94937586558731,2.1132574786178,55.8560605201253));
#1666=CARTESIAN_POINT('',(1.96200317352358,2.10146818845384,55.8644440166946));
#1667=CARTESIAN_POINT('',(1.97463876845419,2.08967116126617,55.8728330151484));
#1668=CARTESIAN_POINT('',(1.98628121900188,2.07858014470256,55.8843150800898));
#1669=CARTESIAN_POINT('',(1.99603058125481,2.06917541999117,55.8979424236878));
#1670=CARTESIAN_POINT('',(2.00579513357036,2.05975604218212,55.9115909994646));
#1671=CARTESIAN_POINT('',(2.01393299882829,2.05177180276623,55.9277683985789));
#1672=CARTESIAN_POINT('',(2.01982946042856,2.04595062276316,55.945137923182));
#1673=CARTESIAN_POINT('',(2.02572611913001,2.04012924817533,55.9625080283966));
#1674=CARTESIAN_POINT('',(2.02954602139189,2.03631338135903,55.9815506823515));
#1675=CARTESIAN_POINT('',(2.03100343182484,2.0348587321767,56.0006854541476));
#1676=CARTESIAN_POINT('',(2.03245858560702,2.03340633536964,56.0197905977093));
#1677=CARTESIAN_POINT('',(2.0315993182507,2.03426853350506,56.03951474046));
#1678=CARTESIAN_POINT('',(2.02848962441155,2.0373646810659,56.0582224157308));
#1679=CARTESIAN_POINT('',(2.02538214611446,2.04045862273589,56.0769167624736));
#1680=CARTESIAN_POINT('',(2.01994105082999,2.04586647261235,56.0951110604095));
#1681=CARTESIAN_POINT('',(2.01257238292954,2.05308972124196,56.1113047292084));
#1682=CARTESIAN_POINT('',(2.0051946048192,2.06032190029318,56.127518418956));
#1683=CARTESIAN_POINT('',(1.99567871315915,2.06956994675374,56.1421734846288));
#1684=CARTESIAN_POINT('',(1.98474746671464,2.08000059936767,56.154061676086));
#1685=CARTESIAN_POINT('',(1.97380249213193,2.09044435144298,56.1659647974724));
#1686=CARTESIAN_POINT('',(1.96113314585219,2.10235904730824,56.1754223404319));
#1687=CARTESIAN_POINT('',(1.94773528251801,2.11469909661742,56.181648829482));
#1688=CARTESIAN_POINT('',(1.93434653828882,2.12703074681083,56.1878710805424));
#1689=CARTESIAN_POINT('',(1.91985835775449,2.14012590919602,56.1910379628228));
#1690=CARTESIAN_POINT('',(1.90545399166975,2.15287484207277,56.1908849105883));
#1691=CARTESIAN_POINT('',(1.89107196874009,2.16560399959928,56.1907320957588));
#1692=CARTESIAN_POINT('',(1.87637705721826,2.17833902321249,56.1872657365577));
#1693=CARTESIAN_POINT('',(1.86260714235881,2.1900501439999,56.1807744745909));
#1694=CARTESIAN_POINT('',(1.84883728730464,2.20176121392376,56.1742832408168));
#1695=CARTESIAN_POINT('',(1.83561500803505,2.2127731767892,56.1645891409754));
#1696=CARTESIAN_POINT('',(1.82408298783616,2.22223901808216,56.1524934995442));
#1697=CARTESIAN_POINT('',(1.81253310445209,2.23171952203378,56.1403791218743));
#1698=CARTESIAN_POINT('',(1.80236314011438,2.23991384582852,56.1255217386633));
#1699=CARTESIAN_POINT('',(1.79447535404736,2.24621530662504,56.1091476026408));
#1700=CARTESIAN_POINT('',(1.7865821052593,2.25252113152606,56.0927621266382));
#1701=CARTESIAN_POINT('',(1.78075932478684,2.25710833811343,56.0744046608823));
#1702=CARTESIAN_POINT('',(1.77753564934453,2.25964422317085,56.0555970073454));
#1703=CARTESIAN_POINT('',(1.77548316054712,2.2612588012402,56.0436223222753));
#1704=CARTESIAN_POINT('',(1.7744371760193,2.26207818352079,56.0312964772486));
#1705=CARTESIAN_POINT('',(1.7744371760193,2.26207818352079,56.01904035));
#1706=CARTESIAN_POINT('',(1.7744371760193,2.26207818352079,56.01904035));
#1707=CARTESIAN_POINT('',(2.2642259997522,1.7716956911519,50.23804035));
#1708=CARTESIAN_POINT('',(2.2642259997522,1.7716956911519,50.2188253838823));
#1709=CARTESIAN_POINT('',(2.26627641007346,1.76908358167509,50.1993455133892));
#1710=CARTESIAN_POINT('',(2.27018056223367,1.76405930026643,50.1812146249625));
#1711=CARTESIAN_POINT('',(2.27408454531098,1.75903523645176,50.1630845217571));
#1712=CARTESIAN_POINT('',(2.27994687841047,1.7514597341234,50.145803432268));
#1713=CARTESIAN_POINT('',(2.28721668451722,1.74191413050877,50.1307962901642));
#1714=CARTESIAN_POINT('',(2.29449465929782,1.73235780103412,50.1157722853755));
#1715=CARTESIAN_POINT('',(2.30338029222037,1.72056096709515,50.1026129121524));
#1716=CARTESIAN_POINT('',(2.31306298048622,1.70744389316436,50.0924050235722));
#1717=CARTESIAN_POINT('',(2.32275277013221,1.69431719904072,50.0821896484247));
#1718=CARTESIAN_POINT('',(2.33350536748513,1.67950298806236,50.0746484973226));
#1719=CARTESIAN_POINT('',(2.34437459171966,1.66419132725157,50.070409509335));
#1720=CARTESIAN_POINT('',(2.35523058658059,1.6488983028841,50.0661756807917));
#1721=CARTESIAN_POINT('',(2.36650113644766,1.6326855616728,50.0651194585132));
#1722=CARTESIAN_POINT('',(2.37724237347728,1.61689322397744,50.0673290784011));
#1723=CARTESIAN_POINT('',(2.38797001403476,1.60112087653824,50.069535901308));
#1724=CARTESIAN_POINT('',(2.3984661630859,1.5853338767592,50.0750605201253));
#1725=CARTESIAN_POINT('',(2.40790518259567,1.57086524935431,50.0834440166946));
#1726=CARTESIAN_POINT('',(2.41735039670382,1.556387126542,50.0918330151484));
#1727=CARTESIAN_POINT('',(2.42600028480134,1.54283217397587,50.1033150800898));
#1728=CARTESIAN_POINT('',(2.4332156503642,1.53136755836826,50.1169424236878));
#1729=CARTESIAN_POINT('',(2.44044225787827,1.51988508023545,50.1305909994646));
#1730=CARTESIAN_POINT('',(2.44643289800212,1.51018532967614,50.1467683985789));
#1731=CARTESIAN_POINT('',(2.4507649195853,1.50312218695958,50.164137923182));
#1732=CARTESIAN_POINT('',(2.45509708597508,1.49605880814314,50.1815080283966));
#1733=CARTESIAN_POINT('',(2.45789279211763,1.49143966103415,50.2005506823515));
#1734=CARTESIAN_POINT('',(2.45895973251677,1.48967850016744,50.2196854541476));
#1735=CARTESIAN_POINT('',(2.46002502086798,1.48792006627795,50.2387905977093));
#1736=CARTESIAN_POINT('',(2.45939705977891,1.48896284664071,50.25851474046));
#1737=CARTESIAN_POINT('',(2.45711868460134,1.4927132242273,50.2772224157308));
#1738=CARTESIAN_POINT('',(2.45484193268197,1.4964609298083,50.2959167624736));
#1739=CARTESIAN_POINT('',(2.45085312892323,1.50301377672817,50.3141110604095));
#1740=CARTESIAN_POINT('',(2.44542721766407,1.51179056853384,50.3303047292084));
#1741=CARTESIAN_POINT('',(2.43999459811094,1.52057821147522,50.346518418956));
#1742=CARTESIAN_POINT('',(2.43296842335017,1.53183482844719,50.3611734846288));
#1743=CARTESIAN_POINT('',(2.42485103761987,1.54457840375746,50.373061676086));
#1744=CARTESIAN_POINT('',(2.41672345757241,1.55733798324107,50.3849647974724));
#1745=CARTESIAN_POINT('',(2.40727363282573,1.5719384327196,50.3944223404319));
#1746=CARTESIAN_POINT('',(2.39721825414818,1.58712622118683,50.400648829482));
#1747=CARTESIAN_POINT('',(2.38716971955104,1.60230367225667,50.4068710805424));
#1748=CARTESIAN_POINT('',(2.376236416697,1.61848556157133,50.4100379628228));
#1749=CARTESIAN_POINT('',(2.36530163465218,1.63431122406713,50.4098849105883));
#1750=CARTESIAN_POINT('',(2.35438381395987,1.65011233878144,50.4097320957588));
#1751=CARTESIAN_POINT('',(2.34316360049565,1.6659940282659,50.4062657365577));
#1752=CARTESIAN_POINT('',(2.33259646898701,1.6806602014891,50.3997744745909));
#1753=CARTESIAN_POINT('',(2.32202938337337,1.69532631101441,50.3932832408168));
#1754=CARTESIAN_POINT('',(2.31182665471709,1.7091825847992,50.3835891409755));
#1755=CARTESIAN_POINT('',(2.30289505816365,1.72113315902213,50.3714934995442));
#1756=CARTESIAN_POINT('',(2.29394962650062,1.73310224477354,50.3593791218743));
#1757=CARTESIAN_POINT('',(2.28603621288574,1.74349228818263,50.3445217386633));
#1758=CARTESIAN_POINT('',(2.27988566982286,1.75149831074324,50.3281476026408));
#1759=CARTESIAN_POINT('',(2.27373086717425,1.7595098779101,50.3117621266382));
#1760=CARTESIAN_POINT('',(2.26917507651153,1.76535727118772,50.2934046608823));
#1761=CARTESIAN_POINT('',(2.26665195223585,1.76859094406408,50.2745970073454));
#1762=CARTESIAN_POINT('',(2.26504549885586,1.7706497981491,50.2626223222753));
#1763=CARTESIAN_POINT('',(2.2642259997522,1.7716956911519,50.2502964772486));
#1764=CARTESIAN_POINT('',(2.2642259997522,1.7716956911519,50.23804035));
#1765=CARTESIAN_POINT('',(2.2642259997522,1.7716956911519,50.23804035));
#1766=CARTESIAN_POINT('',(2.2642259997522,1.7716956911519,56.01904035));
#1767=CARTESIAN_POINT('',(2.2642259997522,1.7716956911519,55.9998253838823));
#1768=CARTESIAN_POINT('',(2.26627641007346,1.76908358167509,55.9803455133892));
#1769=CARTESIAN_POINT('',(2.27018056223367,1.76405930026643,55.9622146249625));
#1770=CARTESIAN_POINT('',(2.27408454531098,1.75903523645176,55.9440845217571));
#1771=CARTESIAN_POINT('',(2.27994687841047,1.7514597341234,55.926803432268));
#1772=CARTESIAN_POINT('',(2.28721668451722,1.74191413050877,55.9117962901642));
#1773=CARTESIAN_POINT('',(2.29449465929782,1.73235780103412,55.8967722853755));
#1774=CARTESIAN_POINT('',(2.30338029222037,1.72056096709515,55.8836129121524));
#1775=CARTESIAN_POINT('',(2.31306298048622,1.70744389316436,55.8734050235722));
#1776=CARTESIAN_POINT('',(2.32275277013221,1.69431719904072,55.8631896484247));
#1777=CARTESIAN_POINT('',(2.33350536748513,1.67950298806236,55.8556484973226));
#1778=CARTESIAN_POINT('',(2.34437459171966,1.66419132725157,55.851409509335));
#1779=CARTESIAN_POINT('',(2.35523058658059,1.6488983028841,55.8471756807917));
#1780=CARTESIAN_POINT('',(2.36650113644766,1.6326855616728,55.8461194585132));
#1781=CARTESIAN_POINT('',(2.37724237347728,1.61689322397744,55.8483290784011));
#1782=CARTESIAN_POINT('',(2.38797001403476,1.60112087653824,55.850535901308));
#1783=CARTESIAN_POINT('',(2.3984661630859,1.5853338767592,55.8560605201253));
#1784=CARTESIAN_POINT('',(2.40790518259567,1.57086524935431,55.8644440166946));
#1785=CARTESIAN_POINT('',(2.41735039670382,1.556387126542,55.8728330151484));
#1786=CARTESIAN_POINT('',(2.42600028480134,1.54283217397587,55.8843150800898));
#1787=CARTESIAN_POINT('',(2.4332156503642,1.53136755836826,55.8979424236878));
#1788=CARTESIAN_POINT('',(2.44044225787827,1.51988508023545,55.9115909994646));
#1789=CARTESIAN_POINT('',(2.44643289800212,1.51018532967614,55.9277683985789));
#1790=CARTESIAN_POINT('',(2.4507649195853,1.50312218695958,55.945137923182));
#1791=CARTESIAN_POINT('',(2.45509708597508,1.49605880814314,55.9625080283966));
#1792=CARTESIAN_POINT('',(2.45789279211763,1.49143966103415,55.9815506823515));
#1793=CARTESIAN_POINT('',(2.45895973251677,1.48967850016744,56.0006854541476));
#1794=CARTESIAN_POINT('',(2.46002502086798,1.48792006627795,56.0197905977093));
#1795=CARTESIAN_POINT('',(2.45939705977891,1.48896284664071,56.03951474046));
#1796=CARTESIAN_POINT('',(2.45711868460134,1.4927132242273,56.0582224157308));
#1797=CARTESIAN_POINT('',(2.45484193268197,1.4964609298083,56.0769167624736));
#1798=CARTESIAN_POINT('',(2.45085312892323,1.50301377672817,56.0951110604095));
#1799=CARTESIAN_POINT('',(2.44542721766407,1.51179056853384,56.1113047292084));
#1800=CARTESIAN_POINT('',(2.43999459811094,1.52057821147522,56.127518418956));
#1801=CARTESIAN_POINT('',(2.43296842335017,1.53183482844719,56.1421734846288));
#1802=CARTESIAN_POINT('',(2.42485103761987,1.54457840375746,56.154061676086));
#1803=CARTESIAN_POINT('',(2.41672345757241,1.55733798324107,56.1659647974724));
#1804=CARTESIAN_POINT('',(2.40727363282573,1.5719384327196,56.1754223404319));
#1805=CARTESIAN_POINT('',(2.39721825414818,1.58712622118683,56.181648829482));
#1806=CARTESIAN_POINT('',(2.38716971955104,1.60230367225667,56.1878710805424));
#1807=CARTESIAN_POINT('',(2.376236416697,1.61848556157133,56.1910379628228));
#1808=CARTESIAN_POINT('',(2.36530163465218,1.63431122406713,56.1908849105883));
#1809=CARTESIAN_POINT('',(2.35438381395987,1.65011233878144,56.1907320957588));
#1810=CARTESIAN_POINT('',(2.34316360049565,1.6659940282659,56.1872657365577));
#1811=CARTESIAN_POINT('',(2.33259646898701,1.6806602014891,56.1807744745909));
#1812=CARTESIAN_POINT('',(2.32202938337337,1.69532631101441,56.1742832408168));
#1813=CARTESIAN_POINT('',(2.31182665471709,1.7091825847992,56.1645891409754));
#1814=CARTESIAN_POINT('',(2.30289505816365,1.72113315902213,56.1524934995442));
#1815=CARTESIAN_POINT('',(2.29394962650062,1.73310224477354,56.1403791218743));
#1816=CARTESIAN_POINT('',(2.28603621288574,1.74349228818263,56.1255217386633));
#1817=CARTESIAN_POINT('',(2.27988566982286,1.75149831074324,56.1091476026408));
#1818=CARTESIAN_POINT('',(2.27373086717425,1.7595098779101,56.0927621266382));
#1819=CARTESIAN_POINT('',(2.26917507651153,1.76535727118772,56.0744046608823));
#1820=CARTESIAN_POINT('',(2.26665195223585,1.76859094406408,56.0555970073454));
#1821=CARTESIAN_POINT('',(2.26504549885586,1.7706497981491,56.0436223222753));
#1822=CARTESIAN_POINT('',(2.2642259997522,1.7716956911519,56.0312964772486));
#1823=CARTESIAN_POINT('',(2.2642259997522,1.7716956911519,56.01904035));
#1824=CARTESIAN_POINT('',(2.2642259997522,1.7716956911519,56.01904035));
#1825=CARTESIAN_POINT('',(2.62242623850614,1.17834868506508,50.23804035));
#1826=CARTESIAN_POINT('',(2.62242623850614,1.17834868506508,50.2188253838823));
#1827=CARTESIAN_POINT('',(2.6237919489153,1.17532178343425,50.1993455133892));
#1828=CARTESIAN_POINT('',(2.62638026426636,1.16950917374437,50.1812146249625));
#1829=CARTESIAN_POINT('',(2.62896846752141,1.16369681578978,50.1630845217571));
#1830=CARTESIAN_POINT('',(2.63284751550337,1.15493849565119,50.145803432268));
#1831=CARTESIAN_POINT('',(2.63762166178693,1.14393049145149,50.1307962901642));
#1832=CARTESIAN_POINT('',(2.64240117251121,1.13291011817417,50.1157722853755));
#1833=CARTESIAN_POINT('',(2.64820543793942,1.11932960764411,50.1026129121524));
#1834=CARTESIAN_POINT('',(2.65446764362057,1.10427647306801,50.0924050235722));
#1835=CARTESIAN_POINT('',(2.66073444206583,1.08921229837287,50.0821896484247));
#1836=CARTESIAN_POINT('',(2.66762931574054,1.07225529646347,50.0746484973226));
#1837=CARTESIAN_POINT('',(2.67451837979454,1.05478738907006,50.070409509335));
#1838=CARTESIAN_POINT('',(2.68139905888932,1.03734074257512,50.0661756807917));
#1839=CARTESIAN_POINT('',(2.68846214412774,1.01890189502964,50.0651194585132));
#1840=CARTESIAN_POINT('',(2.69511190654446,1.00099790769129,50.0673290784011));
#1841=CARTESIAN_POINT('',(2.70175325155925,0.983116583577343,50.069535901308));
#1842=CARTESIAN_POINT('',(2.70816632525571,0.965276432437546,50.0750605201253));
#1843=CARTESIAN_POINT('',(2.71386849483452,0.948969331825176,50.0834440166946));
#1844=CARTESIAN_POINT('',(2.7195744066082,0.932651529260243,50.0918330151484));
#1845=CARTESIAN_POINT('',(2.72472903220039,0.917420405264492,50.1033150800898));
#1846=CARTESIAN_POINT('',(2.72899107025345,0.904562180547593,50.1169424236878));
#1847=CARTESIAN_POINT('',(2.73325974880496,0.891683921982996,50.1305909994646));
#1848=CARTESIAN_POINT('',(2.73675500956583,0.880832374525606,50.1467683985789));
#1849=CARTESIAN_POINT('',(2.73927082978376,0.872937753276766,50.164137923182));
#1850=CARTESIAN_POINT('',(2.74178673409807,0.865042868134192,50.1815080283966));
#1851=CARTESIAN_POINT('',(2.74339576784229,0.859888888772571,50.2005506823515));
#1852=CARTESIAN_POINT('',(2.74401023150978,0.857923568489492,50.2196854541476));
#1853=CARTESIAN_POINT('',(2.74462374374321,0.855961291303581,50.2387905977093));
#1854=CARTESIAN_POINT('',(2.74426358373734,0.857124051289355,50.25851474046));
#1855=CARTESIAN_POINT('',(2.74294893810511,0.86131070058843,50.2772224157308));
#1856=CARTESIAN_POINT('',(2.74163522910937,0.865494367054422,50.2959167624736));
#1857=CARTESIAN_POINT('',(2.7393305316521,0.872811383373346,50.3141110604095));
#1858=CARTESIAN_POINT('',(2.73616271127422,0.882631643117665,50.3303047292084));
#1859=CARTESIAN_POINT('',(2.73299097437996,0.892464044083244,50.346518418956));
#1860=CARTESIAN_POINT('',(2.72886285225647,0.905075037904346,50.3611734846288));
#1861=CARTESIAN_POINT('',(2.72403108019351,0.919390925634931,50.373061676086));
#1862=CARTESIAN_POINT('',(2.7191932400911,0.933724792146455,50.3849647974724));
#1863=CARTESIAN_POINT('',(2.71351212634306,0.950162470185022,50.3944223404319));
#1864=CARTESIAN_POINT('',(2.70738361438107,0.967315338749963,50.400648829482));
#1865=CARTESIAN_POINT('',(2.70125927372182,0.984456532407832,50.4068710805424));
#1866=CARTESIAN_POINT('',(2.69451625236902,1.00278471606377,50.4100379628228));
#1867=CARTESIAN_POINT('',(2.68768654415023,1.02076737819831,50.4098849105883));
#1868=CARTESIAN_POINT('',(2.68086742974925,1.03872214674793,50.4097320957588));
#1869=CARTESIAN_POINT('',(2.67377399236538,1.05682751603841,50.4062657365577));
#1870=CARTESIAN_POINT('',(2.66702376748087,1.07359639701903,50.3997744745909));
#1871=CARTESIAN_POINT('',(2.66027357191382,1.09036520516931,50.3932832408168));
#1872=CARTESIAN_POINT('',(2.65368333937495,1.1062605136066,50.3835891409755));
#1873=CARTESIAN_POINT('',(2.64787123839361,1.12000129682423,50.3714934995442));
#1874=CARTESIAN_POINT('',(2.64205013442456,1.13376336461741,50.3593791218743));
#1875=CARTESIAN_POINT('',(2.63685317036771,1.1457452960842,50.3445217386633));
#1876=CARTESIAN_POINT('',(2.63279731751547,1.15499059947837,50.3281476026408));
#1877=CARTESIAN_POINT('',(2.62873865576445,1.1642423057482,50.3117621266382));
#1878=CARTESIAN_POINT('',(2.62571462090516,1.17101005647318,50.2934046608823));
#1879=CARTESIAN_POINT('',(2.62403868260784,1.17475358785483,50.2745970073454));
#1880=CARTESIAN_POINT('',(2.62297162587649,1.17713706483974,50.2626223222753));
#1881=CARTESIAN_POINT('',(2.62242623850614,1.17834868506508,50.2502964772486));
#1882=CARTESIAN_POINT('',(2.62242623850614,1.17834868506508,50.23804035));
#1883=CARTESIAN_POINT('',(2.62242623850614,1.17834868506508,50.23804035));
#1884=CARTESIAN_POINT('',(2.62242623850614,1.17834868506508,56.01904035));
#1885=CARTESIAN_POINT('',(2.62242623850614,1.17834868506508,55.9998253838823));
#1886=CARTESIAN_POINT('',(2.6237919489153,1.17532178343425,55.9803455133892));
#1887=CARTESIAN_POINT('',(2.62638026426636,1.16950917374437,55.9622146249625));
#1888=CARTESIAN_POINT('',(2.62896846752141,1.16369681578978,55.9440845217571));
#1889=CARTESIAN_POINT('',(2.63284751550337,1.15493849565119,55.926803432268));
#1890=CARTESIAN_POINT('',(2.63762166178693,1.14393049145149,55.9117962901642));
#1891=CARTESIAN_POINT('',(2.64240117251121,1.13291011817417,55.8967722853755));
#1892=CARTESIAN_POINT('',(2.64820543793942,1.11932960764411,55.8836129121524));
#1893=CARTESIAN_POINT('',(2.65446764362057,1.10427647306801,55.8734050235722));
#1894=CARTESIAN_POINT('',(2.66073444206583,1.08921229837287,55.8631896484247));
#1895=CARTESIAN_POINT('',(2.66762931574054,1.07225529646347,55.8556484973226));
#1896=CARTESIAN_POINT('',(2.67451837979454,1.05478738907006,55.851409509335));
#1897=CARTESIAN_POINT('',(2.68139905888932,1.03734074257512,55.8471756807917));
#1898=CARTESIAN_POINT('',(2.68846214412774,1.01890189502964,55.8461194585132));
#1899=CARTESIAN_POINT('',(2.69511190654446,1.00099790769129,55.8483290784011));
#1900=CARTESIAN_POINT('',(2.70175325155925,0.983116583577343,55.850535901308));
#1901=CARTESIAN_POINT('',(2.70816632525571,0.965276432437546,55.8560605201253));
#1902=CARTESIAN_POINT('',(2.71386849483452,0.948969331825176,55.8644440166946));
#1903=CARTESIAN_POINT('',(2.7195744066082,0.932651529260243,55.8728330151484));
#1904=CARTESIAN_POINT('',(2.72472903220039,0.917420405264492,55.8843150800898));
#1905=CARTESIAN_POINT('',(2.72899107025345,0.904562180547593,55.8979424236878));
#1906=CARTESIAN_POINT('',(2.73325974880496,0.891683921982996,55.9115909994646));
#1907=CARTESIAN_POINT('',(2.73675500956583,0.880832374525606,55.9277683985789));
#1908=CARTESIAN_POINT('',(2.73927082978376,0.872937753276766,55.945137923182));
#1909=CARTESIAN_POINT('',(2.74178673409807,0.865042868134192,55.9625080283966));
#1910=CARTESIAN_POINT('',(2.74339576784229,0.859888888772571,55.9815506823515));
#1911=CARTESIAN_POINT('',(2.74401023150978,0.857923568489492,56.0006854541476));
#1912=CARTESIAN_POINT('',(2.74462374374321,0.855961291303581,56.0197905977093));
#1913=CARTESIAN_POINT('',(2.74426358373734,0.857124051289355,56.03951474046));
#1914=CARTESIAN_POINT('',(2.74294893810511,0.86131070058843,56.0582224157308));
#1915=CARTESIAN_POINT('',(2.74163522910937,0.865494367054422,56.0769167624736));
#1916=CARTESIAN_POINT('',(2.7393305316521,0.872811383373346,56.0951110604095));
#1917=CARTESIAN_POINT('',(2.73616271127422,0.882631643117665,56.1113047292084));
#1918=CARTESIAN_POINT('',(2.73299097437996,0.892464044083244,56.127518418956));
#1919=CARTESIAN_POINT('',(2.72886285225647,0.905075037904346,56.1421734846288));
#1920=CARTESIAN_POINT('',(2.72403108019351,0.919390925634931,56.154061676086));
#1921=CARTESIAN_POINT('',(2.7191932400911,0.933724792146455,56.1659647974724));
#1922=CARTESIAN_POINT('',(2.71351212634306,0.950162470185022,56.1754223404319));
#1923=CARTESIAN_POINT('',(2.70738361438107,0.967315338749963,56.181648829482));
#1924=CARTESIAN_POINT('',(2.70125927372182,0.984456532407832,56.1878710805424));
#1925=CARTESIAN_POINT('',(2.69451625236902,1.00278471606377,56.1910379628228));
#1926=CARTESIAN_POINT('',(2.68768654415023,1.02076737819831,56.1908849105883));
#1927=CARTESIAN_POINT('',(2.68086742974925,1.03872214674793,56.1907320957588));
#1928=CARTESIAN_POINT('',(2.67377399236538,1.05682751603841,56.1872657365577));
#1929=CARTESIAN_POINT('',(2.66702376748087,1.07359639701903,56.1807744745909));
#1930=CARTESIAN_POINT('',(2.66027357191382,1.09036520516931,56.1742832408168));
#1931=CARTESIAN_POINT('',(2.65368333937495,1.1062605136066,56.1645891409754));
#1932=CARTESIAN_POINT('',(2.64787123839361,1.12000129682423,56.1524934995442));
#1933=CARTESIAN_POINT('',(2.64205013442456,1.13376336461741,56.1403791218743));
#1934=CARTESIAN_POINT('',(2.63685317036771,1.1457452960842,56.1255217386633));
#1935=CARTESIAN_POINT('',(2.63279731751547,1.15499059947837,56.1091476026408));
#1936=CARTESIAN_POINT('',(2.62873865576445,1.1642423057482,56.0927621266382));
#1937=CARTESIAN_POINT('',(2.62571462090516,1.17101005647318,56.0744046608823));
#1938=CARTESIAN_POINT('',(2.62403868260784,1.17475358785483,56.0555970073454));
#1939=CARTESIAN_POINT('',(2.62297162587649,1.17713706483974,56.0436223222753));
#1940=CARTESIAN_POINT('',(2.62242623850614,1.17834868506508,56.0312964772486));
#1941=CARTESIAN_POINT('',(2.62242623850614,1.17834868506508,56.01904035));
#1942=CARTESIAN_POINT('',(2.62242623850614,1.17834868506508,56.01904035));
#1943=CARTESIAN_POINT('',(2.82822059640964,0.516520336525462,50.23804035));
#1944=CARTESIAN_POINT('',(2.82822059640964,0.516520336525462,50.2188253838823));
#1945=CARTESIAN_POINT('',(2.82882223678187,0.513254555261068,50.1993455133892));
#1946=CARTESIAN_POINT('',(2.82994429184372,0.506991425037163,50.1812146249625));
#1947=CARTESIAN_POINT('',(2.83106629831107,0.500728566059909,50.1630845217571));
#1948=CARTESIAN_POINT('',(2.83273662500654,0.491296429842337,50.145803432268));
#1949=CARTESIAN_POINT('',(2.83473765543823,0.479465770249196,50.1307962901642));
#1950=CARTESIAN_POINT('',(2.83674093431571,0.467621817206642,50.1157722853755));
#1951=CARTESIAN_POINT('',(2.83912650944054,0.453046879994366,50.1026129121524));
#1952=CARTESIAN_POINT('',(2.841604295905,0.43693251823859,50.0924050235722));
#1953=CARTESIAN_POINT('',(2.84408389960277,0.420806338049186,50.0821896484247));
#1954=CARTESIAN_POINT('',(2.84672034460315,0.402692024523539,50.0746484973226));
#1955=CARTESIAN_POINT('',(2.84922888111454,0.38408304183195,50.070409509335));
#1956=CARTESIAN_POINT('',(2.85173436438441,0.365496708887843,50.0661756807917));
#1957=CARTESIAN_POINT('',(2.85417950415339,0.345903353805041,50.0651194585132));
#1958=CARTESIAN_POINT('',(2.85635133193647,0.326928231489459,50.0673290784011));
#1959=CARTESIAN_POINT('',(2.85852041057661,0.307977128262303,50.069535901308));
#1960=CARTESIAN_POINT('',(2.86047770438573,0.289120630499679,50.0750605201253));
#1961=CARTESIAN_POINT('',(2.86211163466419,0.271922766093522,50.0834440166946));
#1962=CARTESIAN_POINT('',(2.86374663725126,0.254713615148242,50.0918330151484));
#1963=CARTESIAN_POINT('',(2.865106432235,0.238691497286617,50.1033150800898));
#1964=CARTESIAN_POINT('',(2.8661674486185,0.225186936743231,50.1169424236878));
#1965=CARTESIAN_POINT('',(2.86723011812606,0.211661335324055,50.1305909994646));
#1966=CARTESIAN_POINT('',(2.86802686767329,0.200288643463044,50.1467683985789));
#1967=CARTESIAN_POINT('',(2.86858027619953,0.192021350373125,50.164137923182));
#1968=CARTESIAN_POINT('',(2.86913370322457,0.183753780932158,50.1815080283966));
#1969=CARTESIAN_POINT('',(2.86946255337783,0.178364499864453,50.2005506823515));
#1970=CARTESIAN_POINT('',(2.8695888299188,0.17630923743621,50.2196854541476));
#1971=CARTESIAN_POINT('',(2.86971491093348,0.174257157371335,50.2387905977093));
#1972=CARTESIAN_POINT('',(2.86964348320122,0.175472321596208,50.25851474046));
#1973=CARTESIAN_POINT('',(2.86936896953994,0.179851929768354,50.2772224157308));
#1974=CARTESIAN_POINT('',(2.86909465145951,0.184228417631346,50.2959167624736));
#1975=CARTESIAN_POINT('',(2.8686080009427,0.191884364957147,50.3141110604095));
#1976=CARTESIAN_POINT('',(2.86788237365191,0.202177374838969,50.3303047292084));
#1977=CARTESIAN_POINT('',(2.86715584923602,0.212483110423945,50.346518418956));
#1978=CARTESIAN_POINT('',(2.8661656912025,0.225715575972398,50.3611734846288));
#1979=CARTESIAN_POINT('',(2.86490033783642,0.240771788764533,50.373061676086));
#1980=CARTESIAN_POINT('',(2.86363339536098,0.255846910083799,50.3849647974724));
#1981=CARTESIAN_POINT('',(2.8620511582926,0.273166518583335,50.3944223404319));
#1982=CARTESIAN_POINT('',(2.86020567988517,0.291287604873127,50.400648829482));
#1983=CARTESIAN_POINT('',(2.85836145758185,0.309396357249342,50.4068710805424));
#1984=CARTESIAN_POINT('',(2.85620059762142,0.328805667832709,50.4100379628228));
#1985=CARTESIAN_POINT('',(2.85387288104537,0.347900242647048,50.4098849105883));
#1986=CARTESIAN_POINT('',(2.85154877507822,0.366965199146803,50.4097320957588));
#1987=CARTESIAN_POINT('',(2.84899435857186,0.386242029990474,50.4062657365577));
#1988=CARTESIAN_POINT('',(2.84645333884569,0.404139072318331,50.3997744745909));
#1989=CARTESIAN_POINT('',(2.84391233015564,0.422036036916028,50.3932832408168));
#1990=CARTESIAN_POINT('',(2.84131759409481,0.439046602456525,50.3835891409755));
#1991=CARTESIAN_POINT('',(2.83896276686848,0.453779030293963,50.3714934995442));
#1992=CARTESIAN_POINT('',(2.83660429199724,0.468534278771851,50.3593791218743));
#1993=CARTESIAN_POINT('',(2.8344258061592,0.481411751992035,50.3445217386633));
#1994=CARTESIAN_POINT('',(2.83270035494296,0.491359032791812,50.3281476026408));
#1995=CARTESIAN_POINT('',(2.83097370875786,0.501313202624803,50.3117621266382));
#1996=CARTESIAN_POINT('',(2.82965717561611,0.508607993724777,50.2934046608823));
#1997=CARTESIAN_POINT('',(2.82892582273919,0.512643823174998,50.2745970073454));
#1998=CARTESIAN_POINT('',(2.82846017611512,0.515213404041011,50.2626223222753));
#1999=CARTESIAN_POINT('',(2.82822059640964,0.516520336525462,50.2502964772486));
#2000=CARTESIAN_POINT('',(2.82822059640964,0.516520336525462,50.23804035));
#2001=CARTESIAN_POINT('',(2.82822059640964,0.516520336525462,50.23804035));
#2002=CARTESIAN_POINT('',(2.82822059640964,0.516520336525462,56.01904035));
#2003=CARTESIAN_POINT('',(2.82822059640964,0.516520336525462,55.9998253838823));
#2004=CARTESIAN_POINT('',(2.82882223678187,0.513254555261068,55.9803455133892));
#2005=CARTESIAN_POINT('',(2.82994429184372,0.506991425037163,55.9622146249625));
#2006=CARTESIAN_POINT('',(2.83106629831107,0.500728566059909,55.9440845217571));
#2007=CARTESIAN_POINT('',(2.83273662500654,0.491296429842337,55.926803432268));
#2008=CARTESIAN_POINT('',(2.83473765543823,0.479465770249196,55.9117962901642));
#2009=CARTESIAN_POINT('',(2.83674093431571,0.467621817206642,55.8967722853755));
#2010=CARTESIAN_POINT('',(2.83912650944054,0.453046879994366,55.8836129121524));
#2011=CARTESIAN_POINT('',(2.841604295905,0.43693251823859,55.8734050235722));
#2012=CARTESIAN_POINT('',(2.84408389960277,0.420806338049186,55.8631896484247));
#2013=CARTESIAN_POINT('',(2.84672034460315,0.402692024523539,55.8556484973226));
#2014=CARTESIAN_POINT('',(2.84922888111454,0.38408304183195,55.851409509335));
#2015=CARTESIAN_POINT('',(2.85173436438441,0.365496708887843,55.8471756807917));
#2016=CARTESIAN_POINT('',(2.85417950415339,0.345903353805041,55.8461194585132));
#2017=CARTESIAN_POINT('',(2.85635133193647,0.326928231489459,55.8483290784011));
#2018=CARTESIAN_POINT('',(2.85852041057661,0.307977128262303,55.850535901308));
#2019=CARTESIAN_POINT('',(2.86047770438573,0.289120630499679,55.8560605201253));
#2020=CARTESIAN_POINT('',(2.86211163466419,0.271922766093522,55.8644440166946));
#2021=CARTESIAN_POINT('',(2.86374663725126,0.254713615148242,55.8728330151484));
#2022=CARTESIAN_POINT('',(2.865106432235,0.238691497286617,55.8843150800898));
#2023=CARTESIAN_POINT('',(2.8661674486185,0.225186936743231,55.8979424236878));
#2024=CARTESIAN_POINT('',(2.86723011812606,0.211661335324055,55.9115909994646));
#2025=CARTESIAN_POINT('',(2.86802686767329,0.200288643463044,55.9277683985789));
#2026=CARTESIAN_POINT('',(2.86858027619953,0.192021350373125,55.945137923182));
#2027=CARTESIAN_POINT('',(2.86913370322457,0.183753780932158,55.9625080283966));
#2028=CARTESIAN_POINT('',(2.86946255337783,0.178364499864453,55.9815506823515));
#2029=CARTESIAN_POINT('',(2.8695888299188,0.17630923743621,56.0006854541476));
#2030=CARTESIAN_POINT('',(2.86971491093348,0.174257157371335,56.0197905977093));
#2031=CARTESIAN_POINT('',(2.86964348320122,0.175472321596208,56.03951474046));
#2032=CARTESIAN_POINT('',(2.86936896953994,0.179851929768354,56.0582224157308));
#2033=CARTESIAN_POINT('',(2.86909465145951,0.184228417631346,56.0769167624736));
#2034=CARTESIAN_POINT('',(2.8686080009427,0.191884364957147,56.0951110604095));
#2035=CARTESIAN_POINT('',(2.86788237365191,0.202177374838969,56.1113047292084));
#2036=CARTESIAN_POINT('',(2.86715584923602,0.212483110423945,56.127518418956));
#2037=CARTESIAN_POINT('',(2.8661656912025,0.225715575972398,56.1421734846288));
#2038=CARTESIAN_POINT('',(2.86490033783642,0.240771788764533,56.154061676086));
#2039=CARTESIAN_POINT('',(2.86363339536098,0.255846910083799,56.1659647974724));
#2040=CARTESIAN_POINT('',(2.8620511582926,0.273166518583335,56.1754223404319));
#2041=CARTESIAN_POINT('',(2.86020567988517,0.291287604873127,56.181648829482));
#2042=CARTESIAN_POINT('',(2.85836145758185,0.309396357249342,56.1878710805424));
#2043=CARTESIAN_POINT('',(2.85620059762142,0.328805667832709,56.1910379628228));
#2044=CARTESIAN_POINT('',(2.85387288104537,0.347900242647048,56.1908849105883));
#2045=CARTESIAN_POINT('',(2.85154877507822,0.366965199146803,56.1907320957588));
#2046=CARTESIAN_POINT('',(2.84899435857186,0.386242029990474,56.1872657365577));
#2047=CARTESIAN_POINT('',(2.84645333884569,0.404139072318331,56.1807744745909));
#2048=CARTESIAN_POINT('',(2.84391233015564,0.422036036916028,56.1742832408168));
#2049=CARTESIAN_POINT('',(2.84131759409481,0.439046602456525,56.1645891409754));
#2050=CARTESIAN_POINT('',(2.83896276686848,0.453779030293963,56.1524934995442));
#2051=CARTESIAN_POINT('',(2.83660429199724,0.468534278771851,56.1403791218743));
#2052=CARTESIAN_POINT('',(2.8344258061592,0.481411751992035,56.1255217386633));
#2053=CARTESIAN_POINT('',(2.83270035494296,0.491359032791812,56.1091476026408));
#2054=CARTESIAN_POINT('',(2.83097370875786,0.501313202624803,56.0927621266382));
#2055=CARTESIAN_POINT('',(2.82965717561611,0.508607993724777,56.0744046608823));
#2056=CARTESIAN_POINT('',(2.82892582273919,0.512643823174998,56.0555970073454));
#2057=CARTESIAN_POINT('',(2.82846017611512,0.515213404041011,56.0436223222753));
#2058=CARTESIAN_POINT('',(2.82822059640964,0.516520336525462,56.0312964772486));
#2059=CARTESIAN_POINT('',(2.82822059640964,0.516520336525462,56.01904035));
#2060=CARTESIAN_POINT('',(2.82822059640964,0.516520336525462,56.01904035));
#2061=CARTESIAN_POINT('',(2.86964905341339,-0.175326296497975,50.23804035));
#2062=CARTESIAN_POINT('',(2.86964905341339,-0.175326296497975,50.2188253838823));
#2063=CARTESIAN_POINT('',(2.86945165859714,-0.178641162059485,50.1993455133892));
#2064=CARTESIAN_POINT('',(2.86904224360809,-0.184990822454353,50.1812146249625));
#2065=CARTESIAN_POINT('',(2.86863284635018,-0.191340207855079,50.1630845217571));
#2066=CARTESIAN_POINT('',(2.86799737844302,-0.200897998679082,50.145803432268));
#2067=CARTESIAN_POINT('',(2.86710900040759,-0.212863758732814,50.1307962901642));
#2068=CARTESIAN_POINT('',(2.86621962415154,-0.224842964040778,50.1157722853755));
#2069=CARTESIAN_POINT('',(2.86504786801794,-0.239565285562242,50.1026129121524));
#2070=CARTESIAN_POINT('',(2.86359723532278,-0.255804366365762,50.0924050235722));
#2071=CARTESIAN_POINT('',(2.86214553871915,-0.272055357073104,50.0821896484247));
#2072=CARTESIAN_POINT('',(2.86037033444485,-0.290274244155743,50.0746484973226));
#2073=CARTESIAN_POINT('',(2.85835255638974,-0.308942815712378,50.070409509335));
#2074=CARTESIAN_POINT('',(2.85633723425414,-0.327588664993506,50.0661756807917));
#2075=CARTESIAN_POINT('',(2.85402232591803,-0.347197833035165,50.0651194585132));
#2076=CARTESIAN_POINT('',(2.85159000033098,-0.366141325190764,50.0673290784011));
#2077=CARTESIAN_POINT('',(2.84916075363018,-0.385060838296024,50.069535901308));
#2078=CARTESIAN_POINT('',(2.84654851675025,-0.403837811572091,50.0750605201253));
#2079=CARTESIAN_POINT('',(2.84401924963968,-0.420926962404442,50.0834440166946));
#2080=CARTESIAN_POINT('',(2.84148832263277,-0.438027328429848,50.0918330151484));
#2081=CARTESIAN_POINT('',(2.83897426066627,-0.453909292905257,50.1033150800898));
#2082=CARTESIAN_POINT('',(2.83677259296462,-0.46727535330343,50.1169424236878));
#2083=CARTESIAN_POINT('',(2.83456749493909,-0.480662238786264,50.1305909994646));
#2084=CARTESIAN_POINT('',(2.83261942908506,-0.491895135537987,50.1467683985789));
#2085=CARTESIAN_POINT('',(2.83117826382764,-0.500054635444987,50.164137923182));
#2086=CARTESIAN_POINT('',(2.82973705039634,-0.508214408099828,50.1815080283966));
#2087=CARTESIAN_POINT('',(2.82876660538305,-0.513525785447203,50.2005506823515));
#2088=CARTESIAN_POINT('',(2.82839735606394,-0.515551545638854,50.2196854541476));
#2089=CARTESIAN_POINT('',(2.82802867848958,-0.517574169148331,50.2387905977093));
#2090=CARTESIAN_POINT('',(2.82825013415109,-0.516377221612166,50.25851474046));
#2091=CARTESIAN_POINT('',(2.82903170619694,-0.512059181474681,50.2772224157308));
#2092=CARTESIAN_POINT('',(2.82981272140155,-0.507744217781401,50.2959167624736));
#2093=CARTESIAN_POINT('',(2.83117240018433,-0.500194275279065,50.3141110604095));
#2094=CARTESIAN_POINT('',(2.83293113680123,-0.490026707580504,50.3303047292084));
#2095=CARTESIAN_POINT('',(2.83469204782195,-0.479846569268506,50.346518418956));
#2096=CARTESIAN_POINT('',(2.83689739826424,-0.466761654792323,50.3611734846288));
#2097=CARTESIAN_POINT('',(2.83927200133329,-0.45184012929901,50.373061676086));
#2098=CARTESIAN_POINT('',(2.84164958657635,-0.436899864427242,50.3849647974724));
#2099=CARTESIAN_POINT('',(2.84425818005485,-0.419704878158514,50.3944223404319));
#2100=CARTESIAN_POINT('',(2.84680298769896,-0.401668705811565,50.400648829482));
#2101=CARTESIAN_POINT('',(2.84934606324838,-0.383644809582473,50.4068710805424));
#2102=CARTESIAN_POINT('',(2.85189294600682,-0.36428237065281,50.4100379628228));
#2103=CARTESIAN_POINT('',(2.8542024995,-0.345185590440927,50.4098849105883));
#2104=CARTESIAN_POINT('',(2.85650847055772,-0.326118431964504,50.4097320957588));
#2105=CARTESIAN_POINT('',(2.85864152833127,-0.306790438907846,50.4062657365577));
#2106=CARTESIAN_POINT('',(2.86045738859371,-0.288805346279751,50.3997744745909));
#2107=CARTESIAN_POINT('',(2.86227324096952,-0.270820331764233,50.3932832408168));
#2108=CARTESIAN_POINT('',(2.86382479801511,-0.253683101358849,50.3835891409755));
#2109=CARTESIAN_POINT('',(2.86506409854274,-0.238815224057319,50.3714934995442));
#2110=CARTESIAN_POINT('',(2.86630531875612,-0.223924316303109,50.3593791218743));
#2111=CARTESIAN_POINT('',(2.86727191681533,-0.210899693265376,50.3445217386633));
#2112=CARTESIAN_POINT('',(2.86797714418801,-0.200828534863183,50.3281476026408));
#2113=CARTESIAN_POINT('',(2.86868285996901,-0.190750401635796,50.3117621266382));
#2114=CARTESIAN_POINT('',(2.86915034066558,-0.183352516904067,50.2934046608823));
#2115=CARTESIAN_POINT('',(2.86940607677992,-0.17925893712328,50.2745970073454));
#2116=CARTESIAN_POINT('',(2.86956890195235,-0.176652587076046,50.2626223222753));
#2117=CARTESIAN_POINT('',(2.86964905341339,-0.175326296497975,50.2502964772486));
#2118=CARTESIAN_POINT('',(2.86964905341339,-0.175326296497975,50.23804035));
#2119=CARTESIAN_POINT('',(2.86964905341339,-0.175326296497975,50.23804035));
#2120=CARTESIAN_POINT('',(2.86964905341339,-0.175326296497975,56.01904035));
#2121=CARTESIAN_POINT('',(2.86964905341339,-0.175326296497975,55.9998253838823));
#2122=CARTESIAN_POINT('',(2.86945165859714,-0.178641162059485,55.9803455133892));
#2123=CARTESIAN_POINT('',(2.86904224360809,-0.184990822454353,55.9622146249625));
#2124=CARTESIAN_POINT('',(2.86863284635018,-0.191340207855079,55.9440845217571));
#2125=CARTESIAN_POINT('',(2.86799737844302,-0.200897998679082,55.926803432268));
#2126=CARTESIAN_POINT('',(2.86710900040759,-0.212863758732814,55.9117962901642));
#2127=CARTESIAN_POINT('',(2.86621962415154,-0.224842964040778,55.8967722853755));
#2128=CARTESIAN_POINT('',(2.86504786801794,-0.239565285562242,55.8836129121524));
#2129=CARTESIAN_POINT('',(2.86359723532278,-0.255804366365762,55.8734050235722));
#2130=CARTESIAN_POINT('',(2.86214553871915,-0.272055357073104,55.8631896484247));
#2131=CARTESIAN_POINT('',(2.86037033444485,-0.290274244155743,55.8556484973226));
#2132=CARTESIAN_POINT('',(2.85835255638974,-0.308942815712378,55.851409509335));
#2133=CARTESIAN_POINT('',(2.85633723425414,-0.327588664993506,55.8471756807917));
#2134=CARTESIAN_POINT('',(2.85402232591803,-0.347197833035165,55.8461194585132));
#2135=CARTESIAN_POINT('',(2.85159000033098,-0.366141325190764,55.8483290784011));
#2136=CARTESIAN_POINT('',(2.84916075363018,-0.385060838296024,55.850535901308));
#2137=CARTESIAN_POINT('',(2.84654851675025,-0.403837811572091,55.8560605201253));
#2138=CARTESIAN_POINT('',(2.84401924963968,-0.420926962404442,55.8644440166946));
#2139=CARTESIAN_POINT('',(2.84148832263277,-0.438027328429848,55.8728330151484));
#2140=CARTESIAN_POINT('',(2.83897426066627,-0.453909292905257,55.8843150800898));
#2141=CARTESIAN_POINT('',(2.83677259296462,-0.46727535330343,55.8979424236878));
#2142=CARTESIAN_POINT('',(2.83456749493909,-0.480662238786264,55.9115909994646));
#2143=CARTESIAN_POINT('',(2.83261942908506,-0.491895135537987,55.9277683985789));
#2144=CARTESIAN_POINT('',(2.83117826382764,-0.500054635444987,55.945137923182));
#2145=CARTESIAN_POINT('',(2.82973705039634,-0.508214408099828,55.9625080283966));
#2146=CARTESIAN_POINT('',(2.82876660538305,-0.513525785447203,55.9815506823515));
#2147=CARTESIAN_POINT('',(2.82839735606394,-0.515551545638854,56.0006854541476));
#2148=CARTESIAN_POINT('',(2.82802867848958,-0.517574169148331,56.0197905977093));
#2149=CARTESIAN_POINT('',(2.82825013415109,-0.516377221612166,56.03951474046));
#2150=CARTESIAN_POINT('',(2.82903170619694,-0.512059181474681,56.0582224157308));
#2151=CARTESIAN_POINT('',(2.82981272140155,-0.507744217781401,56.0769167624736));
#2152=CARTESIAN_POINT('',(2.83117240018433,-0.500194275279065,56.0951110604095));
#2153=CARTESIAN_POINT('',(2.83293113680123,-0.490026707580504,56.1113047292084));
#2154=CARTESIAN_POINT('',(2.83469204782195,-0.479846569268506,56.127518418956));
#2155=CARTESIAN_POINT('',(2.83689739826424,-0.466761654792323,56.1421734846288));
#2156=CARTESIAN_POINT('',(2.83927200133329,-0.45184012929901,56.154061676086));
#2157=CARTESIAN_POINT('',(2.84164958657635,-0.436899864427242,56.1659647974724));
#2158=CARTESIAN_POINT('',(2.84425818005485,-0.419704878158514,56.1754223404319));
#2159=CARTESIAN_POINT('',(2.84680298769896,-0.401668705811565,56.181648829482));
#2160=CARTESIAN_POINT('',(2.84934606324838,-0.383644809582473,56.1878710805424));
#2161=CARTESIAN_POINT('',(2.85189294600682,-0.36428237065281,56.1910379628228));
#2162=CARTESIAN_POINT('',(2.8542024995,-0.345185590440927,56.1908849105883));
#2163=CARTESIAN_POINT('',(2.85650847055772,-0.326118431964504,56.1907320957588));
#2164=CARTESIAN_POINT('',(2.85864152833127,-0.306790438907846,56.1872657365577));
#2165=CARTESIAN_POINT('',(2.86045738859371,-0.288805346279751,56.1807744745909));
#2166=CARTESIAN_POINT('',(2.86227324096952,-0.270820331764233,56.1742832408168));
#2167=CARTESIAN_POINT('',(2.86382479801511,-0.253683101358849,56.1645891409754));
#2168=CARTESIAN_POINT('',(2.86506409854274,-0.238815224057319,56.1524934995442));
#2169=CARTESIAN_POINT('',(2.86630531875612,-0.223924316303109,56.1403791218743));
#2170=CARTESIAN_POINT('',(2.86727191681533,-0.210899693265376,56.1255217386633));
#2171=CARTESIAN_POINT('',(2.86797714418801,-0.200828534863183,56.1091476026408));
#2172=CARTESIAN_POINT('',(2.86868285996901,-0.190750401635796,56.0927621266382));
#2173=CARTESIAN_POINT('',(2.86915034066558,-0.183352516904067,56.0744046608823));
#2174=CARTESIAN_POINT('',(2.86940607677992,-0.17925893712328,56.0555970073454));
#2175=CARTESIAN_POINT('',(2.86956890195235,-0.176652587076046,56.0436223222753));
#2176=CARTESIAN_POINT('',(2.86964905341339,-0.175326296497975,56.0312964772486));
#2177=CARTESIAN_POINT('',(2.86964905341339,-0.175326296497975,56.01904035));
#2178=CARTESIAN_POINT('',(2.86964905341339,-0.175326296497975,56.01904035));
#2179=CARTESIAN_POINT('',(2.74430393818266,-0.856983602454109,50.23804035));
#2180=CARTESIAN_POINT('',(2.74430393818266,-0.856983602454109,50.2188253838823));
#2181=CARTESIAN_POINT('',(2.74331898004714,-0.860154904375347,50.1993455133892));
#2182=CARTESIAN_POINT('',(2.74140188871819,-0.866222075759104,50.1812146249625));
#2183=CARTESIAN_POINT('',(2.73948488041556,-0.872288984382889,50.1630845217571));
#2184=CARTESIAN_POINT('',(2.73658054899069,-0.881416965751789,50.145803432268));
#2185=CARTESIAN_POINT('',(2.73285439179045,-0.892822419785557,50.1307962901642));
#2186=CARTESIAN_POINT('',(2.72912404771611,-0.904240689489072,50.1157722853755));
#2187=CARTESIAN_POINT('',(2.7244630585314,-0.918254787506357,50.1026129121524));
#2188=CARTESIAN_POINT('',(2.71916831217604,-0.933674831007978,50.0924050235722));
#2189=CARTESIAN_POINT('',(2.7138696826009,-0.949106183723295,50.0821896484247));
#2190=CARTESIAN_POINT('',(2.70778599747175,-0.966370828868643,50.0746484973226));
#2191=CARTESIAN_POINT('',(2.70135917077638,-0.984014039768948,50.070409509335));
#2192=CARTESIAN_POINT('',(2.69494016643242,-1.00163577640178,50.0661756807917));
#2193=CARTESIAN_POINT('',(2.68799974404937,-1.02012114383214,50.0651194585132));
#2194=CARTESIAN_POINT('',(2.68110462301416,-1.03793207892047,50.0673290784011));
#2195=CARTESIAN_POINT('',(2.67421822996073,-1.05572046857179,50.069535901308));
#2196=CARTESIAN_POINT('',(2.66718827610411,-1.07332666792601,50.0750605201253));
#2197=CARTESIAN_POINT('',(2.66064280341546,-1.08931394585472,50.0834440166946));
#2198=CARTESIAN_POINT('',(2.65409303509267,-1.10531171584415,50.0918330151484));
#2199=CARTESIAN_POINT('',(2.64785122431917,-1.12013052488663,50.1033150800898));
#2200=CARTESIAN_POINT('',(2.64251482545647,-1.1325812982929,50.1169424236878));
#2201=CARTESIAN_POINT('',(2.6371701121799,-1.14505147071448,50.1305909994646));
#2202=CARTESIAN_POINT('',(2.6325904454311,-1.15549175722762,50.1467683985789));
#2203=CARTESIAN_POINT('',(2.62923846167635,-1.16306926347568,50.164137923182));
#2204=CARTESIAN_POINT('',(2.62588636587474,-1.17064702301726,50.1815080283966));
#2205=CARTESIAN_POINT('',(2.62367302443165,-1.17557181869895,50.2005506823515));
#2206=CARTESIAN_POINT('',(2.62282970868072,-1.17745034683501,50.2196854541476));
#2207=CARTESIAN_POINT('',(2.62198769871785,-1.17932596626266,50.2387905977093));
#2208=CARTESIAN_POINT('',(2.62248916757506,-1.17821679765527,50.25851474046));
#2209=CARTESIAN_POINT('',(2.62428140320162,-1.17421127434981,50.2772224157308));
#2210=CARTESIAN_POINT('',(2.62607236192646,-1.17020860483184,50.2959167624736));
#2211=CARTESIAN_POINT('',(2.62919935042021,-1.16320344236827,50.3141110604095));
#2212=CARTESIAN_POINT('',(2.63334023956536,-1.15375221893001,50.3303047292084));
#2213=CARTESIAN_POINT('',(2.63748624827482,-1.14428931052639,50.346518418956));
#2214=CARTESIAN_POINT('',(2.64275894024133,-1.1321123947901,50.3611734846288));
#2215=CARTESIAN_POINT('',(2.64863549644648,-1.11819274141974,50.373061676086));
#2216=CARTESIAN_POINT('',(2.65451943279588,-1.10425560688417,50.3849647974724));
#2217=CARTESIAN_POINT('',(2.66116725485013,-1.08818455294695,50.3944223404319));
#2218=CARTESIAN_POINT('',(2.66795445357553,-1.07128149132083,50.400648829482));
#2219=CARTESIAN_POINT('',(2.67473703267044,-1.0543899345735,50.4068710805424));
#2220=CARTESIAN_POINT('',(2.68184364257937,-1.03619964186853,50.4100379628228));
#2221=CARTESIAN_POINT('',(2.68865624328764,-1.01821049171105,50.4098849105883));
#2222=CARTESIAN_POINT('',(2.69545827671422,-1.0002492452023,50.4097320957588));
#2223=CARTESIAN_POINT('',(2.70215484320325,-0.981993362634718,50.4062657365577));
#2224=CARTESIAN_POINT('',(2.70822205225621,-0.964965447916776,50.3997744745909));
#2225=CARTESIAN_POINT('',(2.71428923495817,-0.947937607154212,50.3932832408168));
#2226=CARTESIAN_POINT('',(2.71989691425437,-0.931669665423805,50.3835891409755));
#2227=CARTESIAN_POINT('',(2.72465831889396,-0.917530405644412,50.3714934995442));
#2228=CARTESIAN_POINT('',(2.72942709898481,-0.903369244046307,50.3593791218743));
#2229=CARTESIAN_POINT('',(2.73348260577551,-0.890954414939401,50.3445217386633));
#2230=CARTESIAN_POINT('',(2.7365775264856,-0.881344678053955,50.3281476026408));
#2231=CARTESIAN_POINT('',(2.73967459059669,-0.871728285902823,50.3117621266382));
#2232=CARTESIAN_POINT('',(2.74189891685272,-0.86465724570973,50.2934046608823));
#2233=CARTESIAN_POINT('',(2.74312687950491,-0.86074381957568,50.2745970073454));
#2234=CARTESIAN_POINT('',(2.74390871366668,-0.858252171938275,50.2626223222753));
#2235=CARTESIAN_POINT('',(2.74430393818266,-0.856983602454109,50.2502964772486));
#2236=CARTESIAN_POINT('',(2.74430393818266,-0.856983602454109,50.23804035));
#2237=CARTESIAN_POINT('',(2.74430393818266,-0.856983602454109,50.23804035));
#2238=CARTESIAN_POINT('',(2.74430393818266,-0.856983602454109,56.01904035));
#2239=CARTESIAN_POINT('',(2.74430393818266,-0.856983602454109,55.9998253838823));
#2240=CARTESIAN_POINT('',(2.74331898004714,-0.860154904375347,55.9803455133892));
#2241=CARTESIAN_POINT('',(2.74140188871819,-0.866222075759104,55.9622146249625));
#2242=CARTESIAN_POINT('',(2.73948488041556,-0.872288984382889,55.9440845217571));
#2243=CARTESIAN_POINT('',(2.73658054899069,-0.881416965751789,55.926803432268));
#2244=CARTESIAN_POINT('',(2.73285439179045,-0.892822419785557,55.9117962901642));
#2245=CARTESIAN_POINT('',(2.72912404771611,-0.904240689489072,55.8967722853755));
#2246=CARTESIAN_POINT('',(2.7244630585314,-0.918254787506357,55.8836129121524));
#2247=CARTESIAN_POINT('',(2.71916831217604,-0.933674831007978,55.8734050235722));
#2248=CARTESIAN_POINT('',(2.7138696826009,-0.949106183723295,55.8631896484247));
#2249=CARTESIAN_POINT('',(2.70778599747175,-0.966370828868643,55.8556484973226));
#2250=CARTESIAN_POINT('',(2.70135917077638,-0.984014039768948,55.851409509335));
#2251=CARTESIAN_POINT('',(2.69494016643242,-1.00163577640178,55.8471756807917));
#2252=CARTESIAN_POINT('',(2.68799974404937,-1.02012114383214,55.8461194585132));
#2253=CARTESIAN_POINT('',(2.68110462301416,-1.03793207892047,55.8483290784011));
#2254=CARTESIAN_POINT('',(2.67421822996073,-1.05572046857179,55.850535901308));
#2255=CARTESIAN_POINT('',(2.66718827610411,-1.07332666792601,55.8560605201253));
#2256=CARTESIAN_POINT('',(2.66064280341546,-1.08931394585472,55.8644440166946));
#2257=CARTESIAN_POINT('',(2.65409303509267,-1.10531171584415,55.8728330151484));
#2258=CARTESIAN_POINT('',(2.64785122431917,-1.12013052488663,55.8843150800898));
#2259=CARTESIAN_POINT('',(2.64251482545647,-1.1325812982929,55.8979424236878));
#2260=CARTESIAN_POINT('',(2.6371701121799,-1.14505147071448,55.9115909994646));
#2261=CARTESIAN_POINT('',(2.6325904454311,-1.15549175722762,55.9277683985789));
#2262=CARTESIAN_POINT('',(2.62923846167635,-1.16306926347568,55.945137923182));
#2263=CARTESIAN_POINT('',(2.62588636587474,-1.17064702301726,55.9625080283966));
#2264=CARTESIAN_POINT('',(2.62367302443165,-1.17557181869895,55.9815506823515));
#2265=CARTESIAN_POINT('',(2.62282970868072,-1.17745034683501,56.0006854541476));
#2266=CARTESIAN_POINT('',(2.62198769871785,-1.17932596626266,56.0197905977093));
#2267=CARTESIAN_POINT('',(2.62248916757506,-1.17821679765527,56.03951474046));
#2268=CARTESIAN_POINT('',(2.62428140320162,-1.17421127434981,56.0582224157308));
#2269=CARTESIAN_POINT('',(2.62607236192646,-1.17020860483184,56.0769167624736));
#2270=CARTESIAN_POINT('',(2.62919935042021,-1.16320344236827,56.0951110604095));
#2271=CARTESIAN_POINT('',(2.63334023956536,-1.15375221893001,56.1113047292084));
#2272=CARTESIAN_POINT('',(2.63748624827482,-1.14428931052639,56.127518418956));
#2273=CARTESIAN_POINT('',(2.64275894024133,-1.1321123947901,56.1421734846288));
#2274=CARTESIAN_POINT('',(2.64863549644648,-1.11819274141974,56.154061676086));
#2275=CARTESIAN_POINT('',(2.65451943279588,-1.10425560688417,56.1659647974724));
#2276=CARTESIAN_POINT('',(2.66116725485013,-1.08818455294695,56.1754223404319));
#2277=CARTESIAN_POINT('',(2.66795445357553,-1.07128149132083,56.181648829482));
#2278=CARTESIAN_POINT('',(2.67473703267044,-1.0543899345735,56.1878710805424));
#2279=CARTESIAN_POINT('',(2.68184364257937,-1.03619964186853,56.1910379628228));
#2280=CARTESIAN_POINT('',(2.68865624328764,-1.01821049171105,56.1908849105883));
#2281=CARTESIAN_POINT('',(2.69545827671422,-1.0002492452023,56.1907320957588));
#2282=CARTESIAN_POINT('',(2.70215484320325,-0.981993362634718,56.1872657365577));
#2283=CARTESIAN_POINT('',(2.70822205225621,-0.964965447916776,56.1807744745909));
#2284=CARTESIAN_POINT('',(2.71428923495817,-0.947937607154212,56.1742832408168));
#2285=CARTESIAN_POINT('',(2.71989691425437,-0.931669665423805,56.1645891409754));
#2286=CARTESIAN_POINT('',(2.72465831889396,-0.917530405644412,56.1524934995442));
#2287=CARTESIAN_POINT('',(2.72942709898481,-0.903369244046307,56.1403791218743));
#2288=CARTESIAN_POINT('',(2.73348260577551,-0.890954414939401,56.1255217386633));
#2289=CARTESIAN_POINT('',(2.7365775264856,-0.881344678053955,56.1091476026408));
#2290=CARTESIAN_POINT('',(2.73967459059669,-0.871728285902823,56.0927621266382));
#2291=CARTESIAN_POINT('',(2.74189891685272,-0.86465724570973,56.0744046608823));
#2292=CARTESIAN_POINT('',(2.74312687950491,-0.86074381957568,56.0555970073454));
#2293=CARTESIAN_POINT('',(2.74390871366668,-0.858252171938275,56.0436223222753));
#2294=CARTESIAN_POINT('',(2.74430393818266,-0.856983602454109,56.0312964772486));
#2295=CARTESIAN_POINT('',(2.74430393818266,-0.856983602454109,56.01904035));
#2296=CARTESIAN_POINT('',(2.74430393818266,-0.856983602454109,56.01904035));
#2297=CARTESIAN_POINT('',(2.45946985320369,-1.48883613644427,50.23804035));
#2298=CARTESIAN_POINT('',(2.45946985320369,-1.48883613644427,50.2188253838823));
#2299=CARTESIAN_POINT('',(2.45775457393556,-1.49167957018478,50.1993455133892));
#2300=CARTESIAN_POINT('',(2.45444122064641,-1.49711165060987,50.1812146249625));
#2301=CARTESIAN_POINT('',(2.45112801085356,-1.50254349577982,50.1630845217571));
#2302=CARTESIAN_POINT('',(2.44612360509659,-1.51071118259532,50.145803432268));
#2303=CARTESIAN_POINT('',(2.43977621944398,-1.52089348707782,50.1307962901642));
#2304=CARTESIAN_POINT('',(2.4334217015897,-1.53108723284544,50.1157722853755));
#2305=CARTESIAN_POINT('',(2.4255423591033,-1.54357865892095,50.1026129121524));
#2306=CARTESIAN_POINT('',(2.41671121050028,-1.55728350824194,50.0924050235722));
#2307=CARTESIAN_POINT('',(2.4078735850448,-1.5709984088361,50.0821896484247));
#2308=CARTESIAN_POINT('',(2.39783498072721,-1.58630545362274,50.0746484973226));
#2309=CARTESIAN_POINT('',(2.38737260919856,-1.60189794457965,50.070409509335));
#2310=CARTESIAN_POINT('',(2.37692297184658,-1.6174714572835,50.0661756807917));
#2311=CARTESIAN_POINT('',(2.36576038753808,-1.63375872173909,50.0651194585132));
#2312=CARTESIAN_POINT('',(2.35480319042654,-1.64940199295292,50.0673290784011));
#2313=CARTESIAN_POINT('',(2.34385986315372,-1.66502546260193,50.069535901308));
#2314=CARTESIAN_POINT('',(2.33282074768571,-1.68043767972378,50.0750605201253));
#2315=CARTESIAN_POINT('',(2.32263946849983,-1.69439396226701,50.0834440166946));
#2316=CARTESIAN_POINT('',(2.31245150758864,-1.70835940397822,50.0918330151484));
#2317=CARTESIAN_POINT('',(2.30284469936223,-1.72125384227039,50.1033150800898));
#2318=CARTESIAN_POINT('',(2.29468370144336,-1.7320657349911,50.1169424236878));
#2319=CARTESIAN_POINT('',(2.28650998822413,-1.74289447325752,50.1305909994646));
#2320=CARTESIAN_POINT('',(2.2795648741656,-1.75193539802883,50.1467683985789));
#2321=CARTESIAN_POINT('',(2.27449687702538,-1.75849053349793,50.164137923182));
#2322=CARTESIAN_POINT('',(2.26942871047707,-1.76504588808574,50.1815080283966));
#2323=CARTESIAN_POINT('',(2.2661011039637,-1.76929789087762,50.2005506823515));
#2324=CARTESIAN_POINT('',(2.26483273222706,-1.77092001373099,50.2196854541476));
#2325=CARTESIAN_POINT('',(2.26356632443415,-1.77253962489327,50.2387905977093));
#2326=CARTESIAN_POINT('',(2.26431866293983,-1.77158269606247,50.25851474046));
#2327=CARTESIAN_POINT('',(2.26701740392701,-1.76812247604404,50.2772224157308));
#2328=CARTESIAN_POINT('',(2.26971422216085,-1.76466472130466,50.2959167624736));
#2329=CARTESIAN_POINT('',(2.27442679116045,-1.75861145345952,50.3141110604095));
#2330=CARTESIAN_POINT('',(2.28070917940826,-1.75042584503399,50.3303047292084));
#2331=CARTESIAN_POINT('',(2.2869993348504,-1.74223011637888,50.346518418956));
#2332=CARTESIAN_POINT('',(2.29503293864949,-1.7316688774638,50.3611734846288));
#2333=CARTESIAN_POINT('',(2.3040699239045,-1.7195600558744,50.373061676086));
#2334=CARTESIAN_POINT('',(2.31311825836686,-1.7074360272748,50.3849647974724));
#2335=CARTESIAN_POINT('',(2.32341896174292,-1.69342289690803,50.3944223404319));
#2336=CARTESIAN_POINT('',(2.33405410423014,-1.67863529050432,50.400648829482));
#2337=CARTESIAN_POINT('',(2.34468200802723,-1.66385774911859,50.4068710805424));
#2338=CARTESIAN_POINT('',(2.35593533475022,-1.64789675633131,50.4100379628228));
#2339=CARTESIAN_POINT('',(2.36685505908321,-1.63206070024747,50.4098849105883));
#2340=CARTESIAN_POINT('',(2.37775784542028,-1.61624920806702,50.4097320957588));
#2341=CARTESIAN_POINT('',(2.38862874052147,-1.6001264015259,50.4062657365577));
#2342=CARTESIAN_POINT('',(2.39859469422821,-1.58504526522757,50.3997744745909));
#2343=CARTESIAN_POINT('',(2.40856060465098,-1.5699641944294,50.3932832408168));
#2344=CARTESIAN_POINT('',(2.41789850826018,-1.55551097501578,50.3835891409755));
#2345=CARTESIAN_POINT('',(2.42590530148109,-1.54292205514278,50.3714934995442));
#2346=CARTESIAN_POINT('',(2.43392449728433,-1.53031363493914,50.3593791218743));
#2347=CARTESIAN_POINT('',(2.44083322149302,-1.51923010450468,50.3445217386633));
#2348=CARTESIAN_POINT('',(2.44613796999843,-1.51064027211379,50.3281476026408));
#2349=CARTESIAN_POINT('',(2.45144639233083,-1.50204449079658,50.3117621266382));
#2350=CARTESIAN_POINT('',(2.45529829438943,-1.49571123829596,50.2934046608823));
#2351=CARTESIAN_POINT('',(2.45742711885359,-1.49220539991083,50.2745970073454));
#2352=CARTESIAN_POINT('',(2.45878252464505,-1.48997326018717,50.2626223222753));
#2353=CARTESIAN_POINT('',(2.45946985320369,-1.48883613644427,50.2502964772486));
#2354=CARTESIAN_POINT('',(2.45946985320369,-1.48883613644427,50.23804035));
#2355=CARTESIAN_POINT('',(2.45946985320369,-1.48883613644427,50.23804035));
#2356=CARTESIAN_POINT('',(2.45946985320369,-1.48883613644427,56.01904035));
#2357=CARTESIAN_POINT('',(2.45946985320369,-1.48883613644427,55.9998253838823));
#2358=CARTESIAN_POINT('',(2.45775457393556,-1.49167957018478,55.9803455133892));
#2359=CARTESIAN_POINT('',(2.45444122064641,-1.49711165060987,55.9622146249625));
#2360=CARTESIAN_POINT('',(2.45112801085356,-1.50254349577982,55.9440845217571));
#2361=CARTESIAN_POINT('',(2.44612360509659,-1.51071118259532,55.926803432268));
#2362=CARTESIAN_POINT('',(2.43977621944398,-1.52089348707782,55.9117962901642));
#2363=CARTESIAN_POINT('',(2.4334217015897,-1.53108723284544,55.8967722853755));
#2364=CARTESIAN_POINT('',(2.4255423591033,-1.54357865892095,55.8836129121524));
#2365=CARTESIAN_POINT('',(2.41671121050028,-1.55728350824194,55.8734050235722));
#2366=CARTESIAN_POINT('',(2.4078735850448,-1.5709984088361,55.8631896484247));
#2367=CARTESIAN_POINT('',(2.39783498072721,-1.58630545362274,55.8556484973226));
#2368=CARTESIAN_POINT('',(2.38737260919856,-1.60189794457965,55.851409509335));
#2369=CARTESIAN_POINT('',(2.37692297184658,-1.6174714572835,55.8471756807917));
#2370=CARTESIAN_POINT('',(2.36576038753808,-1.63375872173909,55.8461194585132));
#2371=CARTESIAN_POINT('',(2.35480319042654,-1.64940199295292,55.8483290784011));
#2372=CARTESIAN_POINT('',(2.34385986315372,-1.66502546260193,55.850535901308));
#2373=CARTESIAN_POINT('',(2.33282074768571,-1.68043767972378,55.8560605201253));
#2374=CARTESIAN_POINT('',(2.32263946849983,-1.69439396226701,55.8644440166946));
#2375=CARTESIAN_POINT('',(2.31245150758864,-1.70835940397822,55.8728330151484));
#2376=CARTESIAN_POINT('',(2.30284469936223,-1.72125384227039,55.8843150800898));
#2377=CARTESIAN_POINT('',(2.29468370144336,-1.7320657349911,55.8979424236878));
#2378=CARTESIAN_POINT('',(2.28650998822413,-1.74289447325752,55.9115909994646));
#2379=CARTESIAN_POINT('',(2.2795648741656,-1.75193539802883,55.9277683985789));
#2380=CARTESIAN_POINT('',(2.27449687702538,-1.75849053349793,55.945137923182));
#2381=CARTESIAN_POINT('',(2.26942871047707,-1.76504588808574,55.9625080283966));
#2382=CARTESIAN_POINT('',(2.2661011039637,-1.76929789087762,55.9815506823515));
#2383=CARTESIAN_POINT('',(2.26483273222706,-1.77092001373099,56.0006854541476));
#2384=CARTESIAN_POINT('',(2.26356632443415,-1.77253962489327,56.0197905977093));
#2385=CARTESIAN_POINT('',(2.26431866293983,-1.77158269606247,56.03951474046));
#2386=CARTESIAN_POINT('',(2.26701740392701,-1.76812247604404,56.0582224157308));
#2387=CARTESIAN_POINT('',(2.26971422216085,-1.76466472130466,56.0769167624736));
#2388=CARTESIAN_POINT('',(2.27442679116045,-1.75861145345952,56.0951110604095));
#2389=CARTESIAN_POINT('',(2.28070917940826,-1.75042584503399,56.1113047292084));
#2390=CARTESIAN_POINT('',(2.2869993348504,-1.74223011637888,56.127518418956));
#2391=CARTESIAN_POINT('',(2.29503293864949,-1.7316688774638,56.1421734846288));
#2392=CARTESIAN_POINT('',(2.3040699239045,-1.7195600558744,56.154061676086));
#2393=CARTESIAN_POINT('',(2.31311825836686,-1.7074360272748,56.1659647974724));
#2394=CARTESIAN_POINT('',(2.32341896174292,-1.69342289690803,56.1754223404319));
#2395=CARTESIAN_POINT('',(2.33405410423014,-1.67863529050432,56.181648829482));
#2396=CARTESIAN_POINT('',(2.34468200802723,-1.66385774911859,56.1878710805424));
#2397=CARTESIAN_POINT('',(2.35593533475022,-1.64789675633131,56.1910379628228));
#2398=CARTESIAN_POINT('',(2.36685505908321,-1.63206070024747,56.1908849105883));
#2399=CARTESIAN_POINT('',(2.37775784542028,-1.61624920806702,56.1907320957588));
#2400=CARTESIAN_POINT('',(2.38862874052147,-1.6001264015259,56.1872657365577));
#2401=CARTESIAN_POINT('',(2.39859469422821,-1.58504526522757,56.1807744745909));
#2402=CARTESIAN_POINT('',(2.40856060465098,-1.5699641944294,56.1742832408168));
#2403=CARTESIAN_POINT('',(2.41789850826018,-1.55551097501578,56.1645891409754));
#2404=CARTESIAN_POINT('',(2.42590530148109,-1.54292205514278,56.1524934995442));
#2405=CARTESIAN_POINT('',(2.43392449728433,-1.53031363493914,56.1403791218743));
#2406=CARTESIAN_POINT('',(2.44083322149302,-1.51923010450468,56.1255217386633));
#2407=CARTESIAN_POINT('',(2.44613796999843,-1.51064027211379,56.1091476026408));
#2408=CARTESIAN_POINT('',(2.45144639233083,-1.50204449079658,56.0927621266382));
#2409=CARTESIAN_POINT('',(2.45529829438943,-1.49571123829596,56.0744046608823));
#2410=CARTESIAN_POINT('',(2.45742711885359,-1.49220539991083,56.0555970073454));
#2411=CARTESIAN_POINT('',(2.45878252464505,-1.48997326018717,56.0436223222753));
#2412=CARTESIAN_POINT('',(2.45946985320369,-1.48883613644427,56.0312964772486));
#2413=CARTESIAN_POINT('',(2.45946985320369,-1.48883613644427,56.01904035));
#2414=CARTESIAN_POINT('',(2.45946985320369,-1.48883613644427,56.01904035));
#2415=CARTESIAN_POINT('',(2.0317003201657,-2.03416292588344,50.23804035));
#2416=CARTESIAN_POINT('',(2.0317003201657,-2.03416292588344,50.2188253838823));
#2417=CARTESIAN_POINT('',(2.02935440556124,-2.03651324140969,50.1993455133892));
#2418=CARTESIAN_POINT('',(2.0248373503615,-2.04099453810662,50.1812146249625));
#2419=CARTESIAN_POINT('',(2.02032049078856,-2.04547564072541,50.1630845217571));
#2420=CARTESIAN_POINT('',(2.01350684857181,-2.05220835671812,50.145803432268));
#2421=CARTESIAN_POINT('',(2.00490712144915,-2.060575753124,50.1307962901642));
#2422=CARTESIAN_POINT('',(1.99629773129489,-2.06895255150447,50.1157722853755));
#2423=CARTESIAN_POINT('',(1.98565795425187,-2.07919534935919,50.1026129121524));
#2424=CARTESIAN_POINT('',(1.97380363765808,-2.09038852847211,50.0924050235722));
#2425=CARTESIAN_POINT('',(1.96194062699028,-2.10158991677422,50.0821896484247));
#2426=CARTESIAN_POINT('',(1.94853051067834,-2.11404977139799,50.0746484973226));
#2427=CARTESIAN_POINT('',(1.93464062932048,-2.1266853635135,50.070409509335));
#2428=CARTESIAN_POINT('',(1.92076765390049,-2.13930557633742,50.0661756807917));
#2429=CARTESIAN_POINT('',(1.90603163649221,-2.15244818120988,50.0651194585132));
#2430=CARTESIAN_POINT('',(1.89164915577266,-2.16501465848724,50.0673290784011));
#2431=CARTESIAN_POINT('',(1.87728488068417,-2.17756522886694,50.069535901308));
#2432=CARTESIAN_POINT('',(1.86287815687023,-2.18988776171842,50.0750605201253));
#2433=CARTESIAN_POINT('',(1.84965277012595,-2.20100196046379,50.0834440166946));
#2434=CARTESIAN_POINT('',(1.83641870388278,-2.21212345318683,50.0918330151484));
#2435=CARTESIAN_POINT('',(1.82400521097827,-2.22234414284454,50.1033150800898));
#2436=CARTESIAN_POINT('',(1.81349390153824,-2.2308888069744,50.1169424236878));
#2437=CARTESIAN_POINT('',(1.80296621487842,-2.23944678417846,50.1305909994646));
#2438=CARTESIAN_POINT('',(1.79405927829479,-2.24656292152267,50.1467683985789));
#2439=CARTESIAN_POINT('',(1.78756980134147,-2.25171472556629,50.164137923182));
#2440=CARTESIAN_POINT('',(1.78108010746421,-2.25686670181942,50.1815080283966));
#2441=CARTESIAN_POINT('',(1.77683162427574,-2.26019880077463,50.2005506823515));
#2442=CARTESIAN_POINT('',(1.77521190970839,-2.26147024646126,50.2196854541476));
#2443=CARTESIAN_POINT('',(1.77359470310315,-2.26273972344446,50.2387905977093));
#2444=CARTESIAN_POINT('',(1.77455418807799,-2.26199064761559,50.25851474046));
#2445=CARTESIAN_POINT('',(1.77800259340914,-2.2592768262943,50.2772224157308));
#2446=CARTESIAN_POINT('',(1.78144854187878,-2.25656493847052,50.2959167624736));
#2447=CARTESIAN_POINT('',(1.78747281400346,-2.25181535916824,50.3141110604095));
#2448=CARTESIAN_POINT('',(1.79553159178452,-2.24537108356365,50.3303047292084));
#2449=CARTESIAN_POINT('',(1.80360033298882,-2.23891884061624,50.346518418956));
#2450=CARTESIAN_POINT('',(1.81392796476865,-2.23058705933956,50.3611734846288));
#2451=CARTESIAN_POINT('',(1.82560018233861,-2.22099279022812,50.373061676086));
#2452=CARTESIAN_POINT('',(1.83728705860433,-2.21138647203765,50.3849647974724));
#2453=CARTESIAN_POINT('',(1.85064200386352,-2.20024565744258,50.3944223404319));
#2454=CARTESIAN_POINT('',(1.86450701428837,-2.1884329081947,50.400648829482));
#2455=CARTESIAN_POINT('',(1.87836258764981,-2.17662819916174,50.4068710805424));
#2456=CARTESIAN_POINT('',(1.8931086287419,-2.16382410117709,50.4100379628228));
#2457=CARTESIAN_POINT('',(1.90750086201296,-2.15106147318478,50.4098849105883));
#2458=CARTESIAN_POINT('',(1.92187077094862,-2.13831864178571,50.4097320957588));
#2459=CARTESIAN_POINT('',(1.93628421775278,-2.12526591018321,50.4062657365577));
#2460=CARTESIAN_POINT('',(1.94956973110864,-2.11300801312845,50.3997744745909));
#2461=CARTESIAN_POINT('',(1.96285518676306,-2.10075016931199,50.3932832408168));
#2462=CARTESIAN_POINT('',(1.97538062966939,-2.08895164079216,50.3835891409755));
#2463=CARTESIAN_POINT('',(1.98616748575312,-2.07864468308972,50.3714934995442));
#2464=CARTESIAN_POINT('',(1.99697105075728,-2.06832175983303,50.3593791218743));
#2465=CARTESIAN_POINT('',(2.00633148244512,-2.05921366257288,50.3445217386633));
#2466=CARTESIAN_POINT('',(2.0135377660447,-2.05214294451234,50.3281476026408));
#2467=CARTESIAN_POINT('',(2.02074904038779,-2.0450673295948,50.3117621266382));
#2468=CARTESIAN_POINT('',(2.02600465970239,-2.03983993040156,50.2934046608823));
#2469=CARTESIAN_POINT('',(2.02891062643863,-2.03694542634909,50.2745970073454));
#2470=CARTESIAN_POINT('',(2.03076083260189,-2.03510251838641,50.2626223222753));
#2471=CARTESIAN_POINT('',(2.0317003201657,-2.03416292588344,50.2502964772486));
#2472=CARTESIAN_POINT('',(2.0317003201657,-2.03416292588344,50.23804035));
#2473=CARTESIAN_POINT('',(2.0317003201657,-2.03416292588344,50.23804035));
#2474=CARTESIAN_POINT('',(2.0317003201657,-2.03416292588344,56.01904035));
#2475=CARTESIAN_POINT('',(2.0317003201657,-2.03416292588344,55.9998253838823));
#2476=CARTESIAN_POINT('',(2.02935440556124,-2.03651324140969,55.9803455133892));
#2477=CARTESIAN_POINT('',(2.0248373503615,-2.04099453810662,55.9622146249625));
#2478=CARTESIAN_POINT('',(2.02032049078856,-2.04547564072541,55.9440845217571));
#2479=CARTESIAN_POINT('',(2.01350684857181,-2.05220835671812,55.926803432268));
#2480=CARTESIAN_POINT('',(2.00490712144915,-2.060575753124,55.9117962901642));
#2481=CARTESIAN_POINT('',(1.99629773129489,-2.06895255150447,55.8967722853755));
#2482=CARTESIAN_POINT('',(1.98565795425187,-2.07919534935919,55.8836129121524));
#2483=CARTESIAN_POINT('',(1.97380363765808,-2.09038852847211,55.8734050235722));
#2484=CARTESIAN_POINT('',(1.96194062699028,-2.10158991677422,55.8631896484247));
#2485=CARTESIAN_POINT('',(1.94853051067834,-2.11404977139799,55.8556484973226));
#2486=CARTESIAN_POINT('',(1.93464062932048,-2.1266853635135,55.851409509335));
#2487=CARTESIAN_POINT('',(1.92076765390049,-2.13930557633742,55.8471756807917));
#2488=CARTESIAN_POINT('',(1.90603163649221,-2.15244818120988,55.8461194585132));
#2489=CARTESIAN_POINT('',(1.89164915577266,-2.16501465848724,55.8483290784011));
#2490=CARTESIAN_POINT('',(1.87728488068417,-2.17756522886694,55.850535901308));
#2491=CARTESIAN_POINT('',(1.86287815687023,-2.18988776171842,55.8560605201253));
#2492=CARTESIAN_POINT('',(1.84965277012595,-2.20100196046379,55.8644440166946));
#2493=CARTESIAN_POINT('',(1.83641870388278,-2.21212345318683,55.8728330151484));
#2494=CARTESIAN_POINT('',(1.82400521097827,-2.22234414284454,55.8843150800898));
#2495=CARTESIAN_POINT('',(1.81349390153824,-2.2308888069744,55.8979424236878));
#2496=CARTESIAN_POINT('',(1.80296621487842,-2.23944678417846,55.9115909994646));
#2497=CARTESIAN_POINT('',(1.79405927829479,-2.24656292152267,55.9277683985789));
#2498=CARTESIAN_POINT('',(1.78756980134147,-2.25171472556629,55.945137923182));
#2499=CARTESIAN_POINT('',(1.78108010746421,-2.25686670181942,55.9625080283966));
#2500=CARTESIAN_POINT('',(1.77683162427574,-2.26019880077463,55.9815506823515));
#2501=CARTESIAN_POINT('',(1.77521190970839,-2.26147024646126,56.0006854541476));
#2502=CARTESIAN_POINT('',(1.77359470310315,-2.26273972344446,56.0197905977093));
#2503=CARTESIAN_POINT('',(1.77455418807799,-2.26199064761559,56.03951474046));
#2504=CARTESIAN_POINT('',(1.77800259340914,-2.2592768262943,56.0582224157308));
#2505=CARTESIAN_POINT('',(1.78144854187878,-2.25656493847052,56.0769167624736));
#2506=CARTESIAN_POINT('',(1.78747281400346,-2.25181535916824,56.0951110604095));
#2507=CARTESIAN_POINT('',(1.79553159178452,-2.24537108356365,56.1113047292084));
#2508=CARTESIAN_POINT('',(1.80360033298882,-2.23891884061624,56.127518418956));
#2509=CARTESIAN_POINT('',(1.81392796476865,-2.23058705933956,56.1421734846288));
#2510=CARTESIAN_POINT('',(1.82560018233861,-2.22099279022812,56.154061676086));
#2511=CARTESIAN_POINT('',(1.83728705860433,-2.21138647203765,56.1659647974724));
#2512=CARTESIAN_POINT('',(1.85064200386352,-2.20024565744258,56.1754223404319));
#2513=CARTESIAN_POINT('',(1.86450701428837,-2.1884329081947,56.181648829482));
#2514=CARTESIAN_POINT('',(1.87836258764981,-2.17662819916174,56.1878710805424));
#2515=CARTESIAN_POINT('',(1.8931086287419,-2.16382410117709,56.1910379628228));
#2516=CARTESIAN_POINT('',(1.90750086201296,-2.15106147318478,56.1908849105883));
#2517=CARTESIAN_POINT('',(1.92187077094862,-2.13831864178571,56.1907320957588));
#2518=CARTESIAN_POINT('',(1.93628421775278,-2.12526591018321,56.1872657365577));
#2519=CARTESIAN_POINT('',(1.94956973110864,-2.11300801312845,56.1807744745909));
#2520=CARTESIAN_POINT('',(1.96285518676306,-2.10075016931199,56.1742832408168));
#2521=CARTESIAN_POINT('',(1.97538062966939,-2.08895164079216,56.1645891409754));
#2522=CARTESIAN_POINT('',(1.98616748575312,-2.07864468308972,56.1524934995442));
#2523=CARTESIAN_POINT('',(1.99697105075728,-2.06832175983303,56.1403791218743));
#2524=CARTESIAN_POINT('',(2.00633148244512,-2.05921366257288,56.1255217386633));
#2525=CARTESIAN_POINT('',(2.0135377660447,-2.05214294451234,56.1091476026408));
#2526=CARTESIAN_POINT('',(2.02074904038779,-2.0450673295948,56.0927621266382));
#2527=CARTESIAN_POINT('',(2.02600465970239,-2.03983993040156,56.0744046608823));
#2528=CARTESIAN_POINT('',(2.02891062643863,-2.03694542634909,56.0555970073454));
#2529=CARTESIAN_POINT('',(2.03076083260189,-2.03510251838641,56.0436223222753));
#2530=CARTESIAN_POINT('',(2.0317003201657,-2.03416292588344,56.0312964772486));
#2531=CARTESIAN_POINT('',(2.0317003201657,-2.03416292588344,56.01904035));
#2532=CARTESIAN_POINT('',(2.0317003201657,-2.03416292588344,56.01904035));
#2533=CARTESIAN_POINT('',(1.48585574944985,-2.46127155995166,50.23804035));
#2534=CARTESIAN_POINT('',(1.48585574944985,-2.46127155995166,50.2188253838823));
#2535=CARTESIAN_POINT('',(1.48301553553882,-2.46299216546832,50.1993455133892));
#2536=CARTESIAN_POINT('',(1.47755729325788,-2.46626224176191,50.1812146249625));
#2537=CARTESIAN_POINT('',(1.47209928736511,-2.46953217643347,50.1630845217571));
#2538=CARTESIAN_POINT('',(1.46387239280763,-2.47443864062233,50.145803432268));
#2539=CARTESIAN_POINT('',(1.45352010909656,-2.48050484628673,50.1307962901642));
#2540=CARTESIAN_POINT('',(1.44315619310424,-2.4865778682066,50.1157722853755));
#2541=CARTESIAN_POINT('',(1.43037432667231,-2.49397676366027,50.1026129121524));
#2542=CARTESIAN_POINT('',(1.4161857718795,-2.50200776568062,50.0924050235722));
#2543=CARTESIAN_POINT('',(1.40198681105909,-2.51004465771795,50.0821896484247));
#2544=CARTESIAN_POINT('',(1.38598452996907,-2.51893320071786,50.0746484973226));
#2545=CARTESIAN_POINT('',(1.36947436819884,-2.5278775593067,50.070409509335));
#2546=CARTESIAN_POINT('',(1.35298430161604,-2.53681103135399,50.0661756807917));
#2547=CARTESIAN_POINT('',(1.3355312548765,-2.54604517621955,50.0651194585132));
#2548=CARTESIAN_POINT('',(1.31855934805019,-2.55480454157838,50.0673290784011));
#2549=CARTESIAN_POINT('',(1.30160892460216,-2.56355281915776,50.069535901308));
#2550=CARTESIAN_POINT('',(1.28467185886404,-2.57206952692013,50.0750605201253));
#2551=CARTESIAN_POINT('',(1.26917097596661,-2.57969572503503,50.0834440166946));
#2552=CARTESIAN_POINT('',(1.25365992021765,-2.58732692803782,50.0918330151484));
#2553=CARTESIAN_POINT('',(1.23916116972142,-2.59427987972885,50.1033150800898));
#2554=CARTESIAN_POINT('',(1.22691042785785,-2.60006073044722,50.1169424236878));
#2555=CARTESIAN_POINT('',(1.21464059863952,-2.60585058806082,50.1305909994646));
#2556=CARTESIAN_POINT('',(1.20428947830961,-2.61062837394157,50.1467683985789));
#2557=CARTESIAN_POINT('',(1.19675566635543,-2.61407744243475,50.164137923182));
#2558=CARTESIAN_POINT('',(1.1892216025683,-2.61752662622004,50.1815080283966));
#2559=CARTESIAN_POINT('',(1.18429914910505,-2.61974517185899,50.2005506823515));
#2560=CARTESIAN_POINT('',(1.18242222363021,-2.62059204857708,50.2196854541476));
#2561=CARTESIAN_POINT('',(1.18054820438223,-2.62143761399331,50.2387905977093));
#2562=CARTESIAN_POINT('',(1.18165907404708,-2.62093992473077,50.25851474046));
#2563=CARTESIAN_POINT('',(1.18565673493879,-2.61913021953746,50.2772224157308));
#2564=CARTESIAN_POINT('',(1.18965154764468,-2.61732180369229,50.2959167624736));
#2565=CARTESIAN_POINT('',(1.1966374140959,-2.6141519412179,50.3141110604095));
#2566=CARTESIAN_POINT('',(1.20600423453804,-2.6098235163084,50.3303047292084));
#2567=CARTESIAN_POINT('',(1.21538263559439,-2.60548973997584,50.346518418956));
#2568=CARTESIAN_POINT('',(1.22740409093534,-2.59987162918057,50.3611734846288));
#2569=CARTESIAN_POINT('',(1.24103319396186,-2.5933494965941,50.373061676086));
#2570=CARTESIAN_POINT('',(1.25467941326244,-2.58681917310845,50.3849647974724));
#2571=CARTESIAN_POINT('',(1.27031245952955,-2.57919813793413,50.3944223404319));
#2572=CARTESIAN_POINT('',(1.2866015538834,-2.57104675989078,50.400648829482));
#2573=CARTESIAN_POINT('',(1.30287956124838,-2.56290092999121,50.4068710805424));
#2574=CARTESIAN_POINT('',(1.32026133040097,-2.55399785444305,50.4100379628228));
#2575=CARTESIAN_POINT('',(1.33728964832603,-2.54505037209091,50.4098849105883));
#2576=CARTESIAN_POINT('',(1.35429155298544,-2.53611676851584,50.4097320957588));
#2577=CARTESIAN_POINT('',(1.37140989435507,-2.52689268916794,50.4062657365577));
#2578=CARTESIAN_POINT('',(1.38724286161467,-2.51817041577792,50.3997744745909));
#2579=CARTESIAN_POINT('',(1.40307576010878,-2.50944818027035,50.3932832408168));
#2580=CARTESIAN_POINT('',(1.41806080909865,-2.50099003023598,50.3835891409755));
#2581=CARTESIAN_POINT('',(1.43100083517825,-2.49356403762149,50.3714934995442));
#2582=CARTESIAN_POINT('',(1.44396090545463,-2.48612654208913,50.3593791218743));
#2583=CARTESIAN_POINT('',(1.45522905035572,-2.47952320750947,50.3445217386633));
#2584=CARTESIAN_POINT('',(1.46391806604043,-2.47438252821193,50.3281476026408));
#2585=CARTESIAN_POINT('',(1.4726130993413,-2.46923828871427,50.3117621266382));
#2586=CARTESIAN_POINT('',(1.47896699842075,-2.46542054026868,50.2934046608823));
#2587=CARTESIAN_POINT('',(1.48248122320511,-2.46330558860331,50.2745970073454));
#2588=CARTESIAN_POINT('',(1.4847187024832,-2.46195901551372,50.2626223222753));
#2589=CARTESIAN_POINT('',(1.48585574944985,-2.46127155995166,50.2502964772486));
#2590=CARTESIAN_POINT('',(1.48585574944985,-2.46127155995166,50.23804035));
#2591=CARTESIAN_POINT('',(1.48585574944985,-2.46127155995166,50.23804035));
#2592=CARTESIAN_POINT('',(1.48585574944985,-2.46127155995166,56.01904035));
#2593=CARTESIAN_POINT('',(1.48585574944985,-2.46127155995166,55.9998253838823));
#2594=CARTESIAN_POINT('',(1.48301553553882,-2.46299216546832,55.9803455133892));
#2595=CARTESIAN_POINT('',(1.47755729325788,-2.46626224176191,55.9622146249625));
#2596=CARTESIAN_POINT('',(1.47209928736511,-2.46953217643347,55.9440845217571));
#2597=CARTESIAN_POINT('',(1.46387239280763,-2.47443864062233,55.926803432268));
#2598=CARTESIAN_POINT('',(1.45352010909656,-2.48050484628673,55.9117962901642));
#2599=CARTESIAN_POINT('',(1.44315619310424,-2.4865778682066,55.8967722853755));
#2600=CARTESIAN_POINT('',(1.43037432667231,-2.49397676366027,55.8836129121524));
#2601=CARTESIAN_POINT('',(1.4161857718795,-2.50200776568062,55.8734050235722));
#2602=CARTESIAN_POINT('',(1.40198681105909,-2.51004465771795,55.8631896484247));
#2603=CARTESIAN_POINT('',(1.38598452996907,-2.51893320071786,55.8556484973226));
#2604=CARTESIAN_POINT('',(1.36947436819884,-2.5278775593067,55.851409509335));
#2605=CARTESIAN_POINT('',(1.35298430161604,-2.53681103135399,55.8471756807917));
#2606=CARTESIAN_POINT('',(1.3355312548765,-2.54604517621955,55.8461194585132));
#2607=CARTESIAN_POINT('',(1.31855934805019,-2.55480454157838,55.8483290784011));
#2608=CARTESIAN_POINT('',(1.30160892460216,-2.56355281915776,55.850535901308));
#2609=CARTESIAN_POINT('',(1.28467185886404,-2.57206952692013,55.8560605201253));
#2610=CARTESIAN_POINT('',(1.26917097596661,-2.57969572503503,55.8644440166946));
#2611=CARTESIAN_POINT('',(1.25365992021765,-2.58732692803782,55.8728330151484));
#2612=CARTESIAN_POINT('',(1.23916116972142,-2.59427987972885,55.8843150800898));
#2613=CARTESIAN_POINT('',(1.22691042785785,-2.60006073044722,55.8979424236878));
#2614=CARTESIAN_POINT('',(1.21464059863952,-2.60585058806082,55.9115909994646));
#2615=CARTESIAN_POINT('',(1.20428947830961,-2.61062837394157,55.9277683985789));
#2616=CARTESIAN_POINT('',(1.19675566635543,-2.61407744243475,55.945137923182));
#2617=CARTESIAN_POINT('',(1.1892216025683,-2.61752662622004,55.9625080283966));
#2618=CARTESIAN_POINT('',(1.18429914910505,-2.61974517185899,55.9815506823515));
#2619=CARTESIAN_POINT('',(1.18242222363021,-2.62059204857708,56.0006854541476));
#2620=CARTESIAN_POINT('',(1.18054820438223,-2.62143761399331,56.0197905977093));
#2621=CARTESIAN_POINT('',(1.18165907404708,-2.62093992473077,56.03951474046));
#2622=CARTESIAN_POINT('',(1.18565673493879,-2.61913021953746,56.0582224157308));
#2623=CARTESIAN_POINT('',(1.18965154764468,-2.61732180369229,56.0769167624736));
#2624=CARTESIAN_POINT('',(1.1966374140959,-2.6141519412179,56.0951110604095));
#2625=CARTESIAN_POINT('',(1.20600423453804,-2.6098235163084,56.1113047292084));
#2626=CARTESIAN_POINT('',(1.21538263559439,-2.60548973997584,56.127518418956));
#2627=CARTESIAN_POINT('',(1.22740409093534,-2.59987162918057,56.1421734846288));
#2628=CARTESIAN_POINT('',(1.24103319396186,-2.5933494965941,56.154061676086));
#2629=CARTESIAN_POINT('',(1.25467941326244,-2.58681917310845,56.1659647974724));
#2630=CARTESIAN_POINT('',(1.27031245952955,-2.57919813793413,56.1754223404319));
#2631=CARTESIAN_POINT('',(1.2866015538834,-2.57104675989078,56.181648829482));
#2632=CARTESIAN_POINT('',(1.30287956124838,-2.56290092999121,56.1878710805424));
#2633=CARTESIAN_POINT('',(1.32026133040097,-2.55399785444305,56.1910379628228));
#2634=CARTESIAN_POINT('',(1.33728964832603,-2.54505037209091,56.1908849105883));
#2635=CARTESIAN_POINT('',(1.35429155298544,-2.53611676851584,56.1907320957588));
#2636=CARTESIAN_POINT('',(1.37140989435507,-2.52689268916794,56.1872657365577));
#2637=CARTESIAN_POINT('',(1.38724286161467,-2.51817041577792,56.1807744745909));
#2638=CARTESIAN_POINT('',(1.40307576010878,-2.50944818027035,56.1742832408168));
#2639=CARTESIAN_POINT('',(1.41806080909865,-2.50099003023598,56.1645891409754));
#2640=CARTESIAN_POINT('',(1.43100083517825,-2.49356403762149,56.1524934995442));
#2641=CARTESIAN_POINT('',(1.44396090545463,-2.48612654208913,56.1403791218743));
#2642=CARTESIAN_POINT('',(1.45522905035572,-2.47952320750947,56.1255217386633));
#2643=CARTESIAN_POINT('',(1.46391806604043,-2.47438252821193,56.1091476026408));
#2644=CARTESIAN_POINT('',(1.4726130993413,-2.46923828871427,56.0927621266382));
#2645=CARTESIAN_POINT('',(1.47896699842075,-2.46542054026868,56.0744046608823));
#2646=CARTESIAN_POINT('',(1.48248122320511,-2.46330558860331,56.0555970073454));
#2647=CARTESIAN_POINT('',(1.4847187024832,-2.46195901551372,56.0436223222753));
#2648=CARTESIAN_POINT('',(1.48585574944985,-2.46127155995166,56.0312964772486));
#2649=CARTESIAN_POINT('',(1.48585574944985,-2.46127155995166,56.01904035));
#2650=CARTESIAN_POINT('',(1.48585574944985,-2.46127155995166,56.01904035));
#2651=CARTESIAN_POINT('',(0.853658643441891,-2.74534003731359,50.23804035));
#2652=CARTESIAN_POINT('',(0.853658643441891,-2.74534003731359,50.2188253838823));
#2653=CARTESIAN_POINT('',(0.85048919313304,-2.74633093748217,50.1993455133892));
#2654=CARTESIAN_POINT('',(0.844406976972356,-2.74819974842449,50.1812146249625));
#2655=CARTESIAN_POINT('',(0.838325024223211,-2.75006847843145,50.1630845217571));
#2656=CARTESIAN_POINT('',(0.82916299453314,-2.75286354495207,50.145803432268));
#2657=CARTESIAN_POINT('',(0.817659791333921,-2.75627601405153,50.1307962901642));
#2658=CARTESIAN_POINT('',(0.806143662629694,-2.75969231755135,50.1157722853755));
#2659=CARTESIAN_POINT('',(0.791962542425693,-2.76381731369409,50.1026129121524));
#2660=CARTESIAN_POINT('',(0.776264336665115,-2.76821940597596,50.0924050235722));
#2661=CARTESIAN_POINT('',(0.760554617683867,-2.77262472679621,50.0821896484247));
#2662=CARTESIAN_POINT('',(0.742890166226785,-2.77742538836164,50.0746484973226));
#2663=CARTESIAN_POINT('',(0.724719234634289,-2.78215869981407,50.070409509335));
#2664=CARTESIAN_POINT('',(0.706570419619518,-2.78688625016118,50.0661756807917));
#2665=CARTESIAN_POINT('',(0.687414651185981,-2.791675280085,50.0651194585132));
#2666=CARTESIAN_POINT('',(0.668839663787265,-2.79611847104964,50.0673290784011));
#2667=CARTESIAN_POINT('',(0.650288188978213,-2.80055603773449,50.069535901308));
#2668=CARTESIAN_POINT('',(0.631805102012881,-2.80477196030957,50.0750605201253));
#2669=CARTESIAN_POINT('',(0.614929577932889,-2.80846695087966,50.0834440166946));
#2670=CARTESIAN_POINT('',(0.598042978857871,-2.81216436638198,50.0918330151484));
#2671=CARTESIAN_POINT('',(0.58230158544796,-2.81544549982699,50.1033150800898));
#2672=CARTESIAN_POINT('',(0.569023379748309,-2.81812657510266,50.1169424236878));
#2673=CARTESIAN_POINT('',(0.555724485846628,-2.82081182764656,50.1305909994646));
#2674=CARTESIAN_POINT('',(0.544530751259238,-2.82297359451503,50.1467683985789));
#2675=CARTESIAN_POINT('',(0.536390442070684,-2.82451948013379,50.164137923182));
#2676=CARTESIAN_POINT('',(0.528249860775778,-2.82606541742691,50.1815080283966));
#2677=CARTESIAN_POINT('',(0.522939512140633,-2.82704147594115,50.2005506823515));
#2678=CARTESIAN_POINT('',(0.520914455844559,-2.82741456629412,50.2196854541476));
#2679=CARTESIAN_POINT('',(0.51889253514075,-2.82778707895489,50.2387905977093));
#2680=CARTESIAN_POINT('',(0.520090229788543,-2.82756970014958,50.25851474046));
#2681=CARTESIAN_POINT('',(0.524404816720692,-2.82676928457208,50.2772224157308));
#2682=CARTESIAN_POINT('',(0.528716329668917,-2.82596943926113,50.2959167624736));
#2683=CARTESIAN_POINT('',(0.536257797281125,-2.82456351449965,50.3141110604095));
#2684=CARTESIAN_POINT('',(0.546388294827254,-2.8226024926078,50.3303047292084));
#2685=CARTESIAN_POINT('',(0.556531317155351,-2.8206390462179,50.346518418956));
#2686=CARTESIAN_POINT('',(0.569547952769209,-2.81806111008246,50.3611734846288));
#2687=CARTESIAN_POINT('',(0.584341867324172,-2.8149901566599,50.373061676086));
#2688=CARTESIAN_POINT('',(0.599154360995849,-2.81191534654329,50.3849647974724));
#2689=CARTESIAN_POINT('',(0.616156972445643,-2.80825699765273,50.3944223404319));
#2690=CARTESIAN_POINT('',(0.633923487773101,-2.80424071927672,50.400648829482));
#2691=CARTESIAN_POINT('',(0.65167791052172,-2.80022717453541,50.4068710805424));
#2692=CARTESIAN_POINT('',(0.670685242491826,-2.79574253581325,50.4100379628228));
#2693=CARTESIAN_POINT('',(0.689360021128498,-2.79113019425281,50.4098849105883));
#2694=CARTESIAN_POINT('',(0.708005832612256,-2.78652500706919,50.4097320957588));
#2695=CARTESIAN_POINT('',(0.726834212769588,-2.78166564993943,50.4062657365577));
#2696=CARTESIAN_POINT('',(0.744294479426305,-2.77698590703942,50.3997744745909));
#2697=CARTESIAN_POINT('',(0.761754670249859,-2.77230618446439,50.3932832408168));
#2698=CARTESIAN_POINT('',(0.778328448744426,-2.76767996985135,50.3835891409755));
#2699=CARTESIAN_POINT('',(0.792669617539223,-2.76356651402318,50.3714934995442));
#2700=CARTESIAN_POINT('',(0.8070330009113,-2.7594466864213,50.3593791218743));
#2701=CARTESIAN_POINT('',(0.819553995402037,-2.75573187632574,50.3445217386633));
#2702=CARTESIAN_POINT('',(0.829220769163572,-2.75281999338638,50.3281476026408));
#2703=CARTESIAN_POINT('',(0.838894237691933,-2.74990609380964,50.3117621266382));
#2704=CARTESIAN_POINT('',(0.845977151017216,-2.74771986977443,50.2934046608823));
#2705=CARTESIAN_POINT('',(0.849895399878918,-2.74650738379941,50.2745970073454));
#2706=CARTESIAN_POINT('',(0.852390118109084,-2.74573540351626,50.2626223222753));
#2707=CARTESIAN_POINT('',(0.853658643441891,-2.74534003731359,50.2502964772486));
#2708=CARTESIAN_POINT('',(0.853658643441891,-2.74534003731359,50.23804035));
#2709=CARTESIAN_POINT('',(0.853658643441891,-2.74534003731359,50.23804035));
#2710=CARTESIAN_POINT('',(0.853658643441891,-2.74534003731359,56.01904035));
#2711=CARTESIAN_POINT('',(0.853658643441891,-2.74534003731359,55.9998253838823));
#2712=CARTESIAN_POINT('',(0.85048919313304,-2.74633093748217,55.9803455133892));
#2713=CARTESIAN_POINT('',(0.844406976972356,-2.74819974842449,55.9622146249625));
#2714=CARTESIAN_POINT('',(0.838325024223211,-2.75006847843145,55.9440845217571));
#2715=CARTESIAN_POINT('',(0.82916299453314,-2.75286354495207,55.926803432268));
#2716=CARTESIAN_POINT('',(0.817659791333921,-2.75627601405153,55.9117962901642));
#2717=CARTESIAN_POINT('',(0.806143662629694,-2.75969231755135,55.8967722853755));
#2718=CARTESIAN_POINT('',(0.791962542425693,-2.76381731369409,55.8836129121524));
#2719=CARTESIAN_POINT('',(0.776264336665115,-2.76821940597596,55.8734050235722));
#2720=CARTESIAN_POINT('',(0.760554617683867,-2.77262472679621,55.8631896484247));
#2721=CARTESIAN_POINT('',(0.742890166226785,-2.77742538836164,55.8556484973226));
#2722=CARTESIAN_POINT('',(0.724719234634289,-2.78215869981407,55.851409509335));
#2723=CARTESIAN_POINT('',(0.706570419619518,-2.78688625016118,55.8471756807917));
#2724=CARTESIAN_POINT('',(0.687414651185981,-2.791675280085,55.8461194585132));
#2725=CARTESIAN_POINT('',(0.668839663787265,-2.79611847104964,55.8483290784011));
#2726=CARTESIAN_POINT('',(0.650288188978213,-2.80055603773449,55.850535901308));
#2727=CARTESIAN_POINT('',(0.631805102012881,-2.80477196030957,55.8560605201253));
#2728=CARTESIAN_POINT('',(0.614929577932889,-2.80846695087966,55.8644440166946));
#2729=CARTESIAN_POINT('',(0.598042978857871,-2.81216436638198,55.8728330151484));
#2730=CARTESIAN_POINT('',(0.58230158544796,-2.81544549982699,55.8843150800898));
#2731=CARTESIAN_POINT('',(0.569023379748309,-2.81812657510266,55.8979424236878));
#2732=CARTESIAN_POINT('',(0.555724485846628,-2.82081182764656,55.9115909994646));
#2733=CARTESIAN_POINT('',(0.544530751259238,-2.82297359451503,55.9277683985789));
#2734=CARTESIAN_POINT('',(0.536390442070684,-2.82451948013379,55.945137923182));
#2735=CARTESIAN_POINT('',(0.528249860775778,-2.82606541742691,55.9625080283966));
#2736=CARTESIAN_POINT('',(0.522939512140633,-2.82704147594115,55.9815506823515));
#2737=CARTESIAN_POINT('',(0.520914455844559,-2.82741456629412,56.0006854541476));
#2738=CARTESIAN_POINT('',(0.51889253514075,-2.82778707895489,56.0197905977093));
#2739=CARTESIAN_POINT('',(0.520090229788543,-2.82756970014958,56.03951474046));
#2740=CARTESIAN_POINT('',(0.524404816720692,-2.82676928457208,56.0582224157308));
#2741=CARTESIAN_POINT('',(0.528716329668917,-2.82596943926113,56.0769167624736));
#2742=CARTESIAN_POINT('',(0.536257797281125,-2.82456351449965,56.0951110604095));
#2743=CARTESIAN_POINT('',(0.546388294827254,-2.8226024926078,56.1113047292084));
#2744=CARTESIAN_POINT('',(0.556531317155351,-2.8206390462179,56.127518418956));
#2745=CARTESIAN_POINT('',(0.569547952769209,-2.81806111008246,56.1421734846288));
#2746=CARTESIAN_POINT('',(0.584341867324172,-2.8149901566599,56.154061676086));
#2747=CARTESIAN_POINT('',(0.599154360995849,-2.81191534654329,56.1659647974724));
#2748=CARTESIAN_POINT('',(0.616156972445643,-2.80825699765273,56.1754223404319));
#2749=CARTESIAN_POINT('',(0.633923487773101,-2.80424071927672,56.181648829482));
#2750=CARTESIAN_POINT('',(0.65167791052172,-2.80022717453541,56.1878710805424));
#2751=CARTESIAN_POINT('',(0.670685242491826,-2.79574253581325,56.1910379628228));
#2752=CARTESIAN_POINT('',(0.689360021128498,-2.79113019425281,56.1908849105883));
#2753=CARTESIAN_POINT('',(0.708005832612256,-2.78652500706919,56.1907320957588));
#2754=CARTESIAN_POINT('',(0.726834212769588,-2.78166564993943,56.1872657365577));
#2755=CARTESIAN_POINT('',(0.744294479426305,-2.77698590703942,56.1807744745909));
#2756=CARTESIAN_POINT('',(0.761754670249859,-2.77230618446439,56.1742832408168));
#2757=CARTESIAN_POINT('',(0.778328448744426,-2.76767996985135,56.1645891409754));
#2758=CARTESIAN_POINT('',(0.792669617539223,-2.76356651402318,56.1524934995442));
#2759=CARTESIAN_POINT('',(0.8070330009113,-2.7594466864213,56.1403791218743));
#2760=CARTESIAN_POINT('',(0.819553995402037,-2.75573187632574,56.1255217386633));
#2761=CARTESIAN_POINT('',(0.829220769163572,-2.75281999338638,56.1091476026408));
#2762=CARTESIAN_POINT('',(0.838894237691933,-2.74990609380964,56.0927621266382));
#2763=CARTESIAN_POINT('',(0.845977151017216,-2.74771986977443,56.0744046608823));
#2764=CARTESIAN_POINT('',(0.849895399878918,-2.74650738379941,56.0555970073454));
#2765=CARTESIAN_POINT('',(0.852390118109084,-2.74573540351626,56.0436223222753));
#2766=CARTESIAN_POINT('',(0.853658643441891,-2.74534003731359,56.0312964772486));
#2767=CARTESIAN_POINT('',(0.853658643441891,-2.74534003731359,56.01904035));
#2768=CARTESIAN_POINT('',(0.853658643441891,-2.74534003731359,56.01904035));
#2769=CARTESIAN_POINT('',(0.171849999999997,-2.86985933061187,50.23804035));
#2770=CARTESIAN_POINT('',(0.171849999999997,-2.86985933061187,50.2188253838823));
#2771=CARTESIAN_POINT('',(0.168535510224793,-2.87006293791635,50.1993455133892));
#2772=CARTESIAN_POINT('',(0.162182796479671,-2.87042187500828,50.1812146249625));
#2773=CARTESIAN_POINT('',(0.155830357860928,-2.87078079655518,50.1630845217571));
#2774=CARTESIAN_POINT('',(0.146265656901229,-2.87130202630104,50.145803432268));
#2775=CARTESIAN_POINT('',(0.134280058571359,-2.87186243853533,50.1307962901642));
#2776=CARTESIAN_POINT('',(0.122280992696098,-2.87242348047345,50.1157722853755));
#2777=CARTESIAN_POINT('',(0.107524773880003,-2.87303484752319,50.1026129121524));
#2778=CARTESIAN_POINT('',(0.0912292398098094,-2.87355219646411,50.0924050235722));
#2779=CARTESIAN_POINT('',(0.0749217544324056,-2.87406992483391,50.0821896484247));
#2780=CARTESIAN_POINT('',(0.0566217263192812,-2.87450370796436,50.0746484973226));
#2781=CARTESIAN_POINT('',(0.037846053400021,-2.87475088942365,50.070409509335));
#2782=CARTESIAN_POINT('',(0.0190932331136788,-2.87499777002835,50.0661756807917));
#2783=CARTESIAN_POINT('',(-0.000651993380885862,-2.87506336399869,50.0651194585132));
#2784=CARTESIAN_POINT('',(-0.0197505506017188,-2.8749321584606,50.0673290784011));
#2785=CARTESIAN_POINT('',(-0.0388249324877601,-2.8748011190051,50.069535901308));
#2786=CARTESIAN_POINT('',(-0.0577798708491623,-2.87447124229708,50.0750605201253));
#2787=CARTESIAN_POINT('',(-0.0750492919922239,-2.87402028590117,50.0834440166946));
#2788=CARTESIAN_POINT('',(-0.0923300466353507,-2.87356903355358,50.0918330151484));
#2789=CARTESIAN_POINT('',(-0.108399250391598,-2.87298766120319,50.1033150800898));
#2790=CARTESIAN_POINT('',(-0.121933238876376,-2.87241314668644,50.1169424236878));
#2791=CARTESIAN_POINT('',(-0.135488314087354,-2.8718377370433,50.1305909994646));
#2792=CARTESIAN_POINT('',(-0.146874123765581,-2.87125785086678,50.1467683985789));
#2793=CARTESIAN_POINT('',(-0.155147845007291,-2.87081071235802,50.164137923182));
#2794=CARTESIAN_POINT('',(-0.163421842814923,-2.87036355890276,50.1815080283966));
#2795=CARTESIAN_POINT('',(-0.168811468461617,-2.87004040531928,50.2005506823515));
#2796=CARTESIAN_POINT('',(-0.170866966667777,-2.86991802665194,50.2196854541476));
#2797=CARTESIAN_POINT('',(-0.172919282145492,-2.86979583747543,50.2387905977093));
#2798=CARTESIAN_POINT('',(-0.171704368174248,-2.86987140239338,50.25851474046));
#2799=CARTESIAN_POINT('',(-0.167323603311269,-2.87012679367566,50.2772224157308));
#2800=CARTESIAN_POINT('',(-0.162945959581545,-2.87038200300108,50.2959167624736));
#2801=CARTESIAN_POINT('',(-0.155287173493856,-2.87082172318932,50.3141110604095));
#2802=CARTESIAN_POINT('',(-0.144981746538259,-2.87134207177945,50.3303047292084));
#2803=CARTESIAN_POINT('',(-0.13466357852773,-2.87186306369955,50.346518418956));
#2804=CARTESIAN_POINT('',(-0.121408242189295,-2.87247512250172,50.3611734846288));
#2805=CARTESIAN_POINT('',(-0.106309284646136,-2.87303382089352,50.373061676086));
#2806=CARTESIAN_POINT('',(-0.0911913648943331,-2.87359322093346,50.3849647974724));
#2807=CARTESIAN_POINT('',(-0.0738073182373398,-2.8741101682666,50.3944223404319));
#2808=CARTESIAN_POINT('',(-0.0555959072284514,-2.87446240105858,50.400648829482));
#2809=CARTESIAN_POINT('',(-0.0373968916116442,-2.87481439410726,50.4068710805424));
#2810=CARTESIAN_POINT('',(-0.0178686338692836,-2.87500882311263,50.4100379628228));
#2811=CARTESIAN_POINT('',(0.00136729522469261,-2.8749996748702,50.4098849105883));
#2812=CARTESIAN_POINT('',(0.020573386744134,-2.87499054081796,50.4097320957588));
#2813=CARTESIAN_POINT('',(0.0400175686728007,-2.87477831407969,50.4062657365577));
#2814=CARTESIAN_POINT('',(0.0580904074940278,-2.87441307131685,50.3997744745909));
#2815=CARTESIAN_POINT('',(0.0761631678215795,-2.87404783014033,50.3932832408168));
#2816=CARTESIAN_POINT('',(0.0933624680579686,-2.87352240972632,50.3835891409755));
#2817=CARTESIAN_POINT('',(0.108271322965638,-2.87296054978541,50.3714934995442));
#2818=CARTESIAN_POINT('',(0.123203271800604,-2.87239781951926,50.3593791218743));
#2819=CARTESIAN_POINT('',(0.136249441193142,-2.87178742516778,50.3445217386633));
#2820=CARTESIAN_POINT('',(0.146332175277774,-2.87127356663876,50.3281476026408));
#2821=CARTESIAN_POINT('',(0.15642189220439,-2.87075935223476,50.3117621266382));
#2822=CARTESIAN_POINT('',(0.16382218659838,-2.87033170800424,50.2934046608823));
#2823=CARTESIAN_POINT('',(0.167916745155839,-2.87009215299723,50.2745970073454));
#2824=CARTESIAN_POINT('',(0.170523718382481,-2.86993963020856,50.2626223222753));
#2825=CARTESIAN_POINT('',(0.171849999999997,-2.86985933061187,50.2502964772486));
#2826=CARTESIAN_POINT('',(0.171849999999997,-2.86985933061187,50.23804035));
#2827=CARTESIAN_POINT('',(0.171849999999997,-2.86985933061187,50.23804035));
#2828=CARTESIAN_POINT('',(0.171849999999997,-2.86985933061187,56.01904035));
#2829=CARTESIAN_POINT('',(0.171849999999997,-2.86985933061187,55.9998253838823));
#2830=CARTESIAN_POINT('',(0.168535510224793,-2.87006293791635,55.9803455133892));
#2831=CARTESIAN_POINT('',(0.162182796479671,-2.87042187500828,55.9622146249625));
#2832=CARTESIAN_POINT('',(0.155830357860928,-2.87078079655518,55.9440845217571));
#2833=CARTESIAN_POINT('',(0.146265656901229,-2.87130202630104,55.926803432268));
#2834=CARTESIAN_POINT('',(0.134280058571359,-2.87186243853533,55.9117962901642));
#2835=CARTESIAN_POINT('',(0.122280992696098,-2.87242348047345,55.8967722853755));
#2836=CARTESIAN_POINT('',(0.107524773880003,-2.87303484752319,55.8836129121524));
#2837=CARTESIAN_POINT('',(0.0912292398098094,-2.87355219646411,55.8734050235722));
#2838=CARTESIAN_POINT('',(0.0749217544324056,-2.87406992483391,55.8631896484247));
#2839=CARTESIAN_POINT('',(0.0566217263192812,-2.87450370796436,55.8556484973226));
#2840=CARTESIAN_POINT('',(0.037846053400021,-2.87475088942365,55.851409509335));
#2841=CARTESIAN_POINT('',(0.0190932331136788,-2.87499777002835,55.8471756807917));
#2842=CARTESIAN_POINT('',(-0.000651993380885862,-2.87506336399869,55.8461194585132));
#2843=CARTESIAN_POINT('',(-0.0197505506017188,-2.8749321584606,55.8483290784011));
#2844=CARTESIAN_POINT('',(-0.0388249324877601,-2.8748011190051,55.850535901308));
#2845=CARTESIAN_POINT('',(-0.0577798708491623,-2.87447124229708,55.8560605201253));
#2846=CARTESIAN_POINT('',(-0.0750492919922239,-2.87402028590117,55.8644440166946));
#2847=CARTESIAN_POINT('',(-0.0923300466353507,-2.87356903355358,55.8728330151484));
#2848=CARTESIAN_POINT('',(-0.108399250391598,-2.87298766120319,55.8843150800898));
#2849=CARTESIAN_POINT('',(-0.121933238876376,-2.87241314668644,55.8979424236878));
#2850=CARTESIAN_POINT('',(-0.135488314087354,-2.8718377370433,55.9115909994646));
#2851=CARTESIAN_POINT('',(-0.146874123765581,-2.87125785086678,55.9277683985789));
#2852=CARTESIAN_POINT('',(-0.155147845007291,-2.87081071235802,55.945137923182));
#2853=CARTESIAN_POINT('',(-0.163421842814923,-2.87036355890276,55.9625080283966));
#2854=CARTESIAN_POINT('',(-0.168811468461617,-2.87004040531928,55.9815506823515));
#2855=CARTESIAN_POINT('',(-0.170866966667777,-2.86991802665194,56.0006854541476));
#2856=CARTESIAN_POINT('',(-0.172919282145492,-2.86979583747543,56.0197905977093));
#2857=CARTESIAN_POINT('',(-0.171704368174248,-2.86987140239338,56.03951474046));
#2858=CARTESIAN_POINT('',(-0.167323603311269,-2.87012679367566,56.0582224157308));
#2859=CARTESIAN_POINT('',(-0.162945959581545,-2.87038200300108,56.0769167624736));
#2860=CARTESIAN_POINT('',(-0.155287173493856,-2.87082172318932,56.0951110604095));
#2861=CARTESIAN_POINT('',(-0.144981746538259,-2.87134207177945,56.1113047292084));
#2862=CARTESIAN_POINT('',(-0.13466357852773,-2.87186306369955,56.127518418956));
#2863=CARTESIAN_POINT('',(-0.121408242189295,-2.87247512250172,56.1421734846288));
#2864=CARTESIAN_POINT('',(-0.106309284646136,-2.87303382089352,56.154061676086));
#2865=CARTESIAN_POINT('',(-0.0911913648943331,-2.87359322093346,56.1659647974724));
#2866=CARTESIAN_POINT('',(-0.0738073182373398,-2.8741101682666,56.1754223404319));
#2867=CARTESIAN_POINT('',(-0.0555959072284514,-2.87446240105858,56.181648829482));
#2868=CARTESIAN_POINT('',(-0.0373968916116442,-2.87481439410726,56.1878710805424));
#2869=CARTESIAN_POINT('',(-0.0178686338692836,-2.87500882311263,56.1910379628228));
#2870=CARTESIAN_POINT('',(0.00136729522469261,-2.8749996748702,56.1908849105883));
#2871=CARTESIAN_POINT('',(0.020573386744134,-2.87499054081796,56.1907320957588));
#2872=CARTESIAN_POINT('',(0.0400175686728007,-2.87477831407969,56.1872657365577));
#2873=CARTESIAN_POINT('',(0.0580904074940278,-2.87441307131685,56.1807744745909));
#2874=CARTESIAN_POINT('',(0.0761631678215795,-2.87404783014033,56.1742832408168));
#2875=CARTESIAN_POINT('',(0.0933624680579686,-2.87352240972632,56.1645891409754));
#2876=CARTESIAN_POINT('',(0.108271322965638,-2.87296054978541,56.1524934995442));
#2877=CARTESIAN_POINT('',(0.123203271800604,-2.87239781951926,56.1403791218743));
#2878=CARTESIAN_POINT('',(0.136249441193142,-2.87178742516778,56.1255217386633));
#2879=CARTESIAN_POINT('',(0.146332175277774,-2.87127356663876,56.1091476026408));
#2880=CARTESIAN_POINT('',(0.15642189220439,-2.87075935223476,56.0927621266382));
#2881=CARTESIAN_POINT('',(0.16382218659838,-2.87033170800424,56.0744046608823));
#2882=CARTESIAN_POINT('',(0.167916745155839,-2.87009215299723,56.0555970073454));
#2883=CARTESIAN_POINT('',(0.170523718382481,-2.86993963020856,56.0436223222753));
#2884=CARTESIAN_POINT('',(0.171849999999997,-2.86985933061187,56.0312964772486));
#2885=CARTESIAN_POINT('',(0.171849999999997,-2.86985933061187,56.01904035));
#2886=CARTESIAN_POINT('',(0.171849999999997,-2.86985933061187,56.01904035));
#2887=CARTESIAN_POINT('',(-0.519945940792559,-2.82759283112921,50.23804035));
#2888=CARTESIAN_POINT('',(-0.519945940792559,-2.82759283112921,50.2188253838823));
#2889=CARTESIAN_POINT('',(-0.523212843936061,-2.82699731265314,50.1993455133892));
#2890=CARTESIAN_POINT('',(-0.529466858633929,-2.82582551577558,50.1812146249625));
#2891=CARTESIAN_POINT('',(-0.535720602479924,-2.82465376964675,50.1630845217571));
#2892=CARTESIAN_POINT('',(-0.545132109055747,-2.82287087063961,50.145803432268));
#2893=CARTESIAN_POINT('',(-0.556903543107212,-2.82054665688668,50.1307962901642));
#2894=CARTESIAN_POINT('',(-0.568688204059668,-2.81821983154496,50.1157722853755));
#2895=CARTESIAN_POINT('',(-0.583161943686937,-2.81528203907101,50.1026129121524));
#2896=CARTESIAN_POINT('',(-0.599107768858443,-2.81188457823102,50.0924050235722));
#2897=CARTESIAN_POINT('',(-0.615065288857166,-2.80848462565937,50.0821896484247));
#2898=CARTESIAN_POINT('',(-0.632937362510293,-2.80452632045605,50.0746484973226));
#2899=CARTESIAN_POINT('',(-0.651226602893045,-2.80027300663424,50.070409509335));
#2900=CARTESIAN_POINT('',(-0.669493582699645,-2.79602486969317,50.0661756807917));
#2901=CARTESIAN_POINT('',(-0.68868074646235,-2.79136321562688,50.0651194585132));
#2902=CARTESIAN_POINT('',(-0.707192934780056,-2.78666523877504,50.0673290784011));
#2903=CARTESIAN_POINT('',(-0.725681690000427,-2.78197320871603,50.069535901308));
#2904=CARTESIAN_POINT('',(-0.744006887638733,-2.77711670396013,50.0750605201253));
#2905=CARTESIAN_POINT('',(-0.760666569859821,-2.77254600854479,50.0834440166946));
#2906=CARTESIAN_POINT('',(-0.777337185424186,-2.76797231349349,50.0918330151484));
#2907=CARTESIAN_POINT('',(-0.792800315813635,-2.76356222259551,50.1033150800898));
#2908=CARTESIAN_POINT('',(-0.80580354086685,-2.75976550698178,50.1169424236878));
#2909=CARTESIAN_POINT('',(-0.818827025686559,-2.75596287586853,50.1305909994646));
#2910=CARTESIAN_POINT('',(-0.829743208582858,-2.7526750375238,50.1467683985789));
#2911=CARTESIAN_POINT('',(-0.83766950327291,-2.75026086095237,50.164137923182));
#2912=CARTESIAN_POINT('',(-0.845596062915445,-2.7478466036822,50.1815080283966));
#2913=CARTESIAN_POINT('',(-0.850751740121595,-2.74624301851265,50.2005506823515));
#2914=CARTESIAN_POINT('',(-0.85271822215353,-2.74563228302832,50.2196854541476));
#2915=CARTESIAN_POINT('',(-0.85468165928945,-2.74502249320533,50.2387905977093));
#2916=CARTESIAN_POINT('',(-0.853520132378731,-2.74538661028819,50.25851474046));
#2917=CARTESIAN_POINT('',(-0.849327783715325,-2.74668296601723,50.2772224157308));
#2918=CARTESIAN_POINT('',(-0.845138421945588,-2.74797839814066,50.2959167624736));
#2919=CARTESIAN_POINT('',(-0.837807418191278,-2.7502382083396,50.3141110604095));
#2920=CARTESIAN_POINT('',(-0.827925975782169,-2.75320968664305,50.3303047292084));
#2921=CARTESIAN_POINT('',(-0.818032316508966,-2.75618483871649,50.346518418956));
#2922=CARTESIAN_POINT('',(-0.805308631412757,-2.75995132182343,50.3611734846288));
#2923=CARTESIAN_POINT('',(-0.790782127411333,-2.76410720250984,50.373061676086));
#2924=CARTESIAN_POINT('',(-0.776237380123977,-2.76826830240934,50.3849647974724));
#2925=CARTESIAN_POINT('',(-0.75948219586305,-2.77293050286622,50.3944223404319));
#2926=CARTESIAN_POINT('',(-0.741884270184782,-2.77763077633662,50.400648829482));
#2927=CARTESIAN_POINT('',(-0.724298322336705,-2.78232785061875,50.4068710805424));
#2928=CARTESIAN_POINT('',(-0.705384050179748,-2.78719004784457,50.4100379628228));
#2929=CARTESIAN_POINT('',(-0.686704892907651,-2.79178462458275,50.4098849105883));
#2930=CARTESIAN_POINT('',(-0.668054709580334,-2.79637207449981,50.4097320957588));
#2931=CARTESIAN_POINT('',(-0.649124751057302,-2.80081931199963,50.4062657365577));
#2932=CARTESIAN_POINT('',(-0.631489667771757,-2.80478979595575,50.3997744745909));
#2933=CARTESIAN_POINT('',(-0.613854661078635,-2.80876026266732,50.3932832408168));
#2934=CARTESIAN_POINT('',(-0.59702939991325,-2.81236617197698,50.3835891409755));
#2935=CARTESIAN_POINT('',(-0.582419307348459,-2.8153885611808,50.3714934995442));
#2936=CARTESIAN_POINT('',(-0.567786583641466,-2.81841563208802,50.3593791218743));
#2937=CARTESIAN_POINT('',(-0.554973435291325,-2.82094512738163,50.3445217386633));
#2938=CARTESIAN_POINT('',(-0.545060712739348,-2.82285915685286,50.3281476026408));
#2939=CARTESIAN_POINT('',(-0.535141125087625,-2.82477451189366,50.3117621266382));
#2940=CARTESIAN_POINT('',(-0.52785352783613,-2.82613030059608,50.2934046608823));
#2941=CARTESIAN_POINT('',(-0.523820620443159,-2.82687759862335,50.2745970073454));
#2942=CARTESIAN_POINT('',(-0.521252900028011,-2.82735339739923,50.2626223222753));
#2943=CARTESIAN_POINT('',(-0.519945940792559,-2.82759283112921,50.2502964772486));
#2944=CARTESIAN_POINT('',(-0.519945940792559,-2.82759283112921,50.23804035));
#2945=CARTESIAN_POINT('',(-0.519945940792559,-2.82759283112921,50.23804035));
#2946=CARTESIAN_POINT('',(-0.519945940792559,-2.82759283112921,56.01904035));
#2947=CARTESIAN_POINT('',(-0.519945940792559,-2.82759283112921,55.9998253838823));
#2948=CARTESIAN_POINT('',(-0.523212843936061,-2.82699731265314,55.9803455133892));
#2949=CARTESIAN_POINT('',(-0.529466858633929,-2.82582551577558,55.9622146249625));
#2950=CARTESIAN_POINT('',(-0.535720602479924,-2.82465376964675,55.9440845217571));
#2951=CARTESIAN_POINT('',(-0.545132109055747,-2.82287087063961,55.926803432268));
#2952=CARTESIAN_POINT('',(-0.556903543107212,-2.82054665688668,55.9117962901642));
#2953=CARTESIAN_POINT('',(-0.568688204059668,-2.81821983154496,55.8967722853755));
#2954=CARTESIAN_POINT('',(-0.583161943686937,-2.81528203907101,55.8836129121524));
#2955=CARTESIAN_POINT('',(-0.599107768858443,-2.81188457823102,55.8734050235722));
#2956=CARTESIAN_POINT('',(-0.615065288857166,-2.80848462565937,55.8631896484247));
#2957=CARTESIAN_POINT('',(-0.632937362510293,-2.80452632045605,55.8556484973226));
#2958=CARTESIAN_POINT('',(-0.651226602893045,-2.80027300663424,55.851409509335));
#2959=CARTESIAN_POINT('',(-0.669493582699645,-2.79602486969317,55.8471756807917));
#2960=CARTESIAN_POINT('',(-0.68868074646235,-2.79136321562688,55.8461194585132));
#2961=CARTESIAN_POINT('',(-0.707192934780056,-2.78666523877504,55.8483290784011));
#2962=CARTESIAN_POINT('',(-0.725681690000427,-2.78197320871603,55.850535901308));
#2963=CARTESIAN_POINT('',(-0.744006887638733,-2.77711670396013,55.8560605201253));
#2964=CARTESIAN_POINT('',(-0.760666569859821,-2.77254600854479,55.8644440166946));
#2965=CARTESIAN_POINT('',(-0.777337185424186,-2.76797231349349,55.8728330151484));
#2966=CARTESIAN_POINT('',(-0.792800315813635,-2.76356222259551,55.8843150800898));
#2967=CARTESIAN_POINT('',(-0.80580354086685,-2.75976550698178,55.8979424236878));
#2968=CARTESIAN_POINT('',(-0.818827025686559,-2.75596287586853,55.9115909994646));
#2969=CARTESIAN_POINT('',(-0.829743208582858,-2.7526750375238,55.9277683985789));
#2970=CARTESIAN_POINT('',(-0.83766950327291,-2.75026086095237,55.945137923182));
#2971=CARTESIAN_POINT('',(-0.845596062915445,-2.7478466036822,55.9625080283966));
#2972=CARTESIAN_POINT('',(-0.850751740121595,-2.74624301851265,55.9815506823515));
#2973=CARTESIAN_POINT('',(-0.85271822215353,-2.74563228302832,56.0006854541476));
#2974=CARTESIAN_POINT('',(-0.85468165928945,-2.74502249320533,56.0197905977093));
#2975=CARTESIAN_POINT('',(-0.853520132378731,-2.74538661028819,56.03951474046));
#2976=CARTESIAN_POINT('',(-0.849327783715325,-2.74668296601723,56.0582224157308));
#2977=CARTESIAN_POINT('',(-0.845138421945588,-2.74797839814066,56.0769167624736));
#2978=CARTESIAN_POINT('',(-0.837807418191278,-2.7502382083396,56.0951110604095));
#2979=CARTESIAN_POINT('',(-0.827925975782169,-2.75320968664305,56.1113047292084));
#2980=CARTESIAN_POINT('',(-0.818032316508966,-2.75618483871649,56.127518418956));
#2981=CARTESIAN_POINT('',(-0.805308631412757,-2.75995132182343,56.1421734846288));
#2982=CARTESIAN_POINT('',(-0.790782127411333,-2.76410720250984,56.154061676086));
#2983=CARTESIAN_POINT('',(-0.776237380123977,-2.76826830240934,56.1659647974724));
#2984=CARTESIAN_POINT('',(-0.75948219586305,-2.77293050286622,56.1754223404319));
#2985=CARTESIAN_POINT('',(-0.741884270184782,-2.77763077633662,56.181648829482));
#2986=CARTESIAN_POINT('',(-0.724298322336705,-2.78232785061875,56.1878710805424));
#2987=CARTESIAN_POINT('',(-0.705384050179748,-2.78719004784457,56.1910379628228));
#2988=CARTESIAN_POINT('',(-0.686704892907651,-2.79178462458275,56.1908849105883));
#2989=CARTESIAN_POINT('',(-0.668054709580334,-2.79637207449981,56.1907320957588));
#2990=CARTESIAN_POINT('',(-0.649124751057302,-2.80081931199963,56.1872657365577));
#2991=CARTESIAN_POINT('',(-0.631489667771757,-2.80478979595575,56.1807744745909));
#2992=CARTESIAN_POINT('',(-0.613854661078635,-2.80876026266732,56.1742832408168));
#2993=CARTESIAN_POINT('',(-0.59702939991325,-2.81236617197698,56.1645891409754));
#2994=CARTESIAN_POINT('',(-0.582419307348459,-2.8153885611808,56.1524934995442));
#2995=CARTESIAN_POINT('',(-0.567786583641466,-2.81841563208802,56.1403791218743));
#2996=CARTESIAN_POINT('',(-0.554973435291325,-2.82094512738163,56.1255217386633));
#2997=CARTESIAN_POINT('',(-0.545060712739348,-2.82285915685286,56.1091476026408));
#2998=CARTESIAN_POINT('',(-0.535141125087625,-2.82477451189366,56.0927621266382));
#2999=CARTESIAN_POINT('',(-0.52785352783613,-2.82613030059608,56.0744046608823));
#3000=CARTESIAN_POINT('',(-0.523820620443159,-2.82687759862335,56.0555970073454));
#3001=CARTESIAN_POINT('',(-0.521252900028011,-2.82735339739923,56.0436223222753));
#3002=CARTESIAN_POINT('',(-0.519945940792559,-2.82759283112921,56.0312964772486));
#3003=CARTESIAN_POINT('',(-0.519945940792559,-2.82759283112921,56.01904035));
#3004=CARTESIAN_POINT('',(-0.519945940792559,-2.82759283112921,56.01904035));
#3005=CARTESIAN_POINT('',(-1.18152451343285,-2.62099691418308,50.23804035));
#3006=CARTESIAN_POINT('',(-1.18152451343285,-2.62099691418308,50.2188253838823));
#3007=CARTESIAN_POINT('',(-1.18455396940866,-2.61963687929566,50.1993455133892));
#3008=CARTESIAN_POINT('',(-1.19034582445745,-2.61700244902382,50.1812146249625));
#3009=CARTESIAN_POINT('',(-1.1961374286698,-2.61436813284515,50.1630845217571));
#3010=CARTESIAN_POINT('',(-1.20484877830899,-2.61038472069473,50.145803432268));
#3011=CARTESIAN_POINT('',(-1.21572193512241,-2.60531095580973,50.1307962901642));
#3012=CARTESIAN_POINT('',(-1.226607309493,-2.60023148981937,50.1157722853755));
#3013=CARTESIAN_POINT('',(-1.23995740879421,-2.59391527164186,50.1026129121524));
#3014=CARTESIAN_POINT('',(-1.25462681166878,-2.58680044909572,50.0924050235722));
#3015=CARTESIAN_POINT('',(-1.26930697322972,-2.57968040846776,50.0821896484247));
#3016=CARTESIAN_POINT('',(-1.28571243246447,-2.57156005724123,50.0746484973226));
#3017=CARTESIAN_POINT('',(-1.30245233613835,-2.56305343527748,50.070409509335));
#3018=CARTESIAN_POINT('',(-1.31917186499662,-2.5545571670683,50.0661756807917));
#3019=CARTESIAN_POINT('',(-1.33668587781208,-2.5454391833553,50.0651194585132));
#3020=CARTESIAN_POINT('',(-1.3535358361307,-2.53644746452788,50.0673290784011));
#3021=CARTESIAN_POINT('',(-1.37036446543589,-2.52746712759756,50.069535901308));
#3022=CARTESIAN_POINT('',(-1.38699492847374,-2.51836623719751,50.0750605201253));
#3023=CARTESIAN_POINT('',(-1.40207667159765,-2.50994143496649,50.0834440166946));
#3024=CARTESIAN_POINT('',(-1.41716831250187,-2.50151110374315,50.0918330151484));
#3025=CARTESIAN_POINT('',(-1.43112670859248,-2.49352859275053,50.1033150800898));
#3026=CARTESIAN_POINT('',(-1.44284347003884,-2.4867303273508,50.1169424236878));
#3027=CARTESIAN_POINT('',(-1.454578486868,-2.47992146986573,50.1305909994646));
#3028=CARTESIAN_POINT('',(-1.46439063411115,-2.47411675656658,50.1467683985789));
#3029=CARTESIAN_POINT('',(-1.47150885481306,-2.46987584509965,50.164137923182));
#3030=CARTESIAN_POINT('',(-1.47862731345595,-2.46563479187165,50.1815080283966));
#3031=CARTESIAN_POINT('',(-1.48324941300246,-2.46284396965728,50.2005506823515));
#3032=CARTESIAN_POINT('',(-1.48501259407234,-2.46178037108238,50.2196854541476));
#3033=CARTESIAN_POINT('',(-1.48677304503693,-2.46071841938093,50.2387905977093));
#3034=CARTESIAN_POINT('',(-1.48573240890881,-2.46134992746734,50.25851474046));
#3035=CARTESIAN_POINT('',(-1.48197212051073,-2.46361190816023,50.2772224157308));
#3036=CARTESIAN_POINT('',(-1.47821451117932,-2.46587227727538,50.2959167624736));
#3037=CARTESIAN_POINT('',(-1.47163734104948,-2.46982084553033,50.3141110604095));
#3038=CARTESIAN_POINT('',(-1.46275415670209,-2.47507076202898,50.3303047292084));
#3039=CARTESIAN_POINT('',(-1.45385998968119,-2.48032716923148,50.346518418956));
#3040=CARTESIAN_POINT('',(-1.44240741015628,-2.48702918233562,50.3611734846288));
#3041=CARTESIAN_POINT('',(-1.42929758730746,-2.49454072063717,50.373061676086));
#3042=CARTESIAN_POINT('',(-1.41617130032889,-2.50206169239505,50.3849647974724));
#3043=CARTESIAN_POINT('',(-1.40101872887066,-2.51059819583152,50.3944223404319));
#3044=CARTESIAN_POINT('',(-1.38505701599757,-2.51937334717105,50.400648829482));
#3045=CARTESIAN_POINT('',(-1.36910616728484,-2.52814252580251,50.4068710805424));
#3046=CARTESIAN_POINT('',(-1.35190510946046,-2.53738991801939,50.4100379628228));
#3047=CARTESIAN_POINT('',(-1.33486828873493,-2.54632119963878,50.4098849105883));
#3048=CARTESIAN_POINT('',(-1.31785789446406,-2.55523862761066,50.4097320957588));
#3049=CARTESIAN_POINT('',(-1.30054229972842,-2.56408687207013,50.4062657365577));
#3050=CARTESIAN_POINT('',(-1.28436985891819,-2.57216233264979,50.3997744745909));
#3051=CARTESIAN_POINT('',(-1.26819748834787,-2.58023775815623,50.3932832408168));
#3052=CARTESIAN_POINT('',(-1.25272408927508,-2.58776543484743,50.3835891409755));
#3053=CARTESIAN_POINT('',(-1.23926184452751,-2.59419642292141,50.3714934995442));
#3054=CARTESIAN_POINT('',(-1.22577874666255,-2.60063737264381,50.3593791218743));
#3055=CARTESIAN_POINT('',(-1.21394327296302,-2.60615975251039,50.3445217386633));
#3056=CARTESIAN_POINT('',(-1.20477665334714,-2.61039043354622,50.3281476026408));
#3057=CARTESIAN_POINT('',(-1.19560368534839,-2.61462404455888,50.3117621266382));
#3058=CARTESIAN_POINT('',(-1.18885231390231,-2.61768447268296,50.2934046608823));
#3059=CARTESIAN_POINT('',(-1.18511543559248,-2.61937519349947,50.2745970073454));
#3060=CARTESIAN_POINT('',(-1.18273619456608,-2.62045166214451,50.2626223222753));
#3061=CARTESIAN_POINT('',(-1.18152451343285,-2.62099691418308,50.2502964772486));
#3062=CARTESIAN_POINT('',(-1.18152451343285,-2.62099691418308,50.23804035));
#3063=CARTESIAN_POINT('',(-1.18152451343285,-2.62099691418308,50.23804035));
#3064=CARTESIAN_POINT('',(-1.18152451343285,-2.62099691418308,56.01904035));
#3065=CARTESIAN_POINT('',(-1.18152451343285,-2.62099691418308,55.9998253838823));
#3066=CARTESIAN_POINT('',(-1.18455396940866,-2.61963687929566,55.9803455133892));
#3067=CARTESIAN_POINT('',(-1.19034582445745,-2.61700244902382,55.9622146249625));
#3068=CARTESIAN_POINT('',(-1.1961374286698,-2.61436813284515,55.9440845217571));
#3069=CARTESIAN_POINT('',(-1.20484877830899,-2.61038472069473,55.926803432268));
#3070=CARTESIAN_POINT('',(-1.21572193512241,-2.60531095580973,55.9117962901642));
#3071=CARTESIAN_POINT('',(-1.226607309493,-2.60023148981937,55.8967722853755));
#3072=CARTESIAN_POINT('',(-1.23995740879421,-2.59391527164186,55.8836129121524));
#3073=CARTESIAN_POINT('',(-1.25462681166878,-2.58680044909572,55.8734050235722));
#3074=CARTESIAN_POINT('',(-1.26930697322972,-2.57968040846776,55.8631896484247));
#3075=CARTESIAN_POINT('',(-1.28571243246447,-2.57156005724123,55.8556484973226));
#3076=CARTESIAN_POINT('',(-1.30245233613835,-2.56305343527748,55.851409509335));
#3077=CARTESIAN_POINT('',(-1.31917186499662,-2.5545571670683,55.8471756807917));
#3078=CARTESIAN_POINT('',(-1.33668587781208,-2.5454391833553,55.8461194585132));
#3079=CARTESIAN_POINT('',(-1.3535358361307,-2.53644746452788,55.8483290784011));
#3080=CARTESIAN_POINT('',(-1.37036446543589,-2.52746712759756,55.850535901308));
#3081=CARTESIAN_POINT('',(-1.38699492847374,-2.51836623719751,55.8560605201253));
#3082=CARTESIAN_POINT('',(-1.40207667159765,-2.50994143496649,55.8644440166946));
#3083=CARTESIAN_POINT('',(-1.41716831250187,-2.50151110374315,55.8728330151484));
#3084=CARTESIAN_POINT('',(-1.43112670859248,-2.49352859275053,55.8843150800898));
#3085=CARTESIAN_POINT('',(-1.44284347003884,-2.4867303273508,55.8979424236878));
#3086=CARTESIAN_POINT('',(-1.454578486868,-2.47992146986573,55.9115909994646));
#3087=CARTESIAN_POINT('',(-1.46439063411115,-2.47411675656658,55.9277683985789));
#3088=CARTESIAN_POINT('',(-1.47150885481306,-2.46987584509965,55.945137923182));
#3089=CARTESIAN_POINT('',(-1.47862731345595,-2.46563479187165,55.9625080283966));
#3090=CARTESIAN_POINT('',(-1.48324941300246,-2.46284396965728,55.9815506823515));
#3091=CARTESIAN_POINT('',(-1.48501259407234,-2.46178037108238,56.0006854541476));
#3092=CARTESIAN_POINT('',(-1.48677304503693,-2.46071841938093,56.0197905977093));
#3093=CARTESIAN_POINT('',(-1.48573240890881,-2.46134992746734,56.03951474046));
#3094=CARTESIAN_POINT('',(-1.48197212051073,-2.46361190816023,56.0582224157308));
#3095=CARTESIAN_POINT('',(-1.47821451117932,-2.46587227727538,56.0769167624736));
#3096=CARTESIAN_POINT('',(-1.47163734104948,-2.46982084553033,56.0951110604095));
#3097=CARTESIAN_POINT('',(-1.46275415670209,-2.47507076202898,56.1113047292084));
#3098=CARTESIAN_POINT('',(-1.45385998968119,-2.48032716923148,56.127518418956));
#3099=CARTESIAN_POINT('',(-1.44240741015628,-2.48702918233562,56.1421734846288));
#3100=CARTESIAN_POINT('',(-1.42929758730746,-2.49454072063717,56.154061676086));
#3101=CARTESIAN_POINT('',(-1.41617130032889,-2.50206169239505,56.1659647974724));
#3102=CARTESIAN_POINT('',(-1.40101872887066,-2.51059819583152,56.1754223404319));
#3103=CARTESIAN_POINT('',(-1.38505701599757,-2.51937334717105,56.181648829482));
#3104=CARTESIAN_POINT('',(-1.36910616728484,-2.52814252580251,56.1878710805424));
#3105=CARTESIAN_POINT('',(-1.35190510946046,-2.53738991801939,56.1910379628228));
#3106=CARTESIAN_POINT('',(-1.33486828873493,-2.54632119963878,56.1908849105883));
#3107=CARTESIAN_POINT('',(-1.31785789446406,-2.55523862761066,56.1907320957588));
#3108=CARTESIAN_POINT('',(-1.30054229972842,-2.56408687207013,56.1872657365577));
#3109=CARTESIAN_POINT('',(-1.28436985891819,-2.57216233264979,56.1807744745909));
#3110=CARTESIAN_POINT('',(-1.26819748834787,-2.58023775815623,56.1742832408168));
#3111=CARTESIAN_POINT('',(-1.25272408927508,-2.58776543484743,56.1645891409754));
#3112=CARTESIAN_POINT('',(-1.23926184452751,-2.59419642292141,56.1524934995442));
#3113=CARTESIAN_POINT('',(-1.22577874666255,-2.60063737264381,56.1403791218743));
#3114=CARTESIAN_POINT('',(-1.21394327296302,-2.60615975251039,56.1255217386633));
#3115=CARTESIAN_POINT('',(-1.20477665334714,-2.61039043354622,56.1091476026408));
#3116=CARTESIAN_POINT('',(-1.19560368534839,-2.61462404455888,56.0927621266382));
#3117=CARTESIAN_POINT('',(-1.18885231390231,-2.61768447268296,56.0744046608823));
#3118=CARTESIAN_POINT('',(-1.18511543559248,-2.61937519349947,56.0555970073454));
#3119=CARTESIAN_POINT('',(-1.18273619456608,-2.62045166214451,56.0436223222753));
#3120=CARTESIAN_POINT('',(-1.18152451343285,-2.62099691418308,56.0312964772486));
#3121=CARTESIAN_POINT('',(-1.18152451343285,-2.62099691418308,56.01904035));
#3122=CARTESIAN_POINT('',(-1.18152451343285,-2.62099691418308,56.01904035));
#3123=CARTESIAN_POINT('',(-1.77443717601928,-2.26207818352078,50.23804035));
#3124=CARTESIAN_POINT('',(-1.77443717601928,-2.26207818352078,50.2188253838823));
#3125=CARTESIAN_POINT('',(-1.77705312385771,-2.26003267250614,50.1993455133892));
#3126=CARTESIAN_POINT('',(-1.78204621769453,-2.25608871235166,50.1812146249625));
#3127=CARTESIAN_POINT('',(-1.78703909528804,-2.2521449230041,50.1630845217571));
#3128=CARTESIAN_POINT('',(-1.79454401601404,-2.24619249914546,50.145803432268));
#3129=CARTESIAN_POINT('',(-1.80388698723772,-2.23866405190113,50.1307962901642));
#3130=CARTESIAN_POINT('',(-1.81324045663476,-2.23112714536237,50.1157722853755));
#3131=CARTESIAN_POINT('',(-1.82469105636416,-2.22179957712327,50.1026129121524));
#3132=CARTESIAN_POINT('',(-1.83723150456783,-2.21138088049603,50.0924050235722));
#3133=CARTESIAN_POINT('',(-1.84978115006128,-2.20095454269276,50.0821896484247));
#3134=CARTESIAN_POINT('',(-1.86376656921836,-2.18914407074003,50.0746484973226));
#3135=CARTESIAN_POINT('',(-1.87798427382892,-2.17687851458257,50.070409509335));
#3136=CARTESIAN_POINT('',(-1.89218467349462,-2.16462788733092,50.0661756807917));
#3137=CARTESIAN_POINT('',(-1.90700768459885,-2.15158347804209,50.0651194585132));
#3138=CARTESIAN_POINT('',(-1.92121615458801,-2.13882058325377,50.0673290784011));
#3139=CARTESIAN_POINT('',(-1.93540663921237,-2.12607384399232,50.069535901308));
#3140=CARTESIAN_POINT('',(-1.94937586558729,-2.11325747861779,50.0750605201253));
#3141=CARTESIAN_POINT('',(-1.96200317352356,-2.10146818845383,50.0834440166946));
#3142=CARTESIAN_POINT('',(-1.97463876845417,-2.08967116126616,50.0918330151484));
#3143=CARTESIAN_POINT('',(-1.98628121900186,-2.07858014470255,50.1033150800898));
#3144=CARTESIAN_POINT('',(-1.99603058125479,-2.06917541999116,50.1169424236878));
#3145=CARTESIAN_POINT('',(-2.00579513357034,-2.05975604218211,50.1305909994646));
#3146=CARTESIAN_POINT('',(-2.01393299882827,-2.05177180276622,50.1467683985789));
#3147=CARTESIAN_POINT('',(-2.01982946042854,-2.04595062276315,50.164137923182));
#3148=CARTESIAN_POINT('',(-2.02572611912999,-2.04012924817532,50.1815080283966));
#3149=CARTESIAN_POINT('',(-2.02954602139187,-2.03631338135902,50.2005506823515));
#3150=CARTESIAN_POINT('',(-2.03100343182482,-2.03485873217669,50.2196854541476));
#3151=CARTESIAN_POINT('',(-2.032458585607,-2.03340633536963,50.2387905977093));
#3152=CARTESIAN_POINT('',(-2.03159931825068,-2.03426853350505,50.25851474046));
#3153=CARTESIAN_POINT('',(-2.02848962441153,-2.03736468106589,50.2772224157308));
#3154=CARTESIAN_POINT('',(-2.02538214611444,-2.04045862273588,50.2959167624736));
#3155=CARTESIAN_POINT('',(-2.01994105082997,-2.04586647261234,50.3141110604095));
#3156=CARTESIAN_POINT('',(-2.01257238292952,-2.05308972124195,50.3303047292084));
#3157=CARTESIAN_POINT('',(-2.00519460481918,-2.06032190029317,50.346518418956));
#3158=CARTESIAN_POINT('',(-1.99567871315913,-2.06956994675373,50.3611734846288));
#3159=CARTESIAN_POINT('',(-1.98474746671462,-2.08000059936766,50.373061676086));
#3160=CARTESIAN_POINT('',(-1.97380249213192,-2.09044435144297,50.3849647974724));
#3161=CARTESIAN_POINT('',(-1.96113314585217,-2.10235904730823,50.3944223404319));
#3162=CARTESIAN_POINT('',(-1.94773528251799,-2.11469909661741,50.400648829482));
#3163=CARTESIAN_POINT('',(-1.93434653828881,-2.12703074681082,50.4068710805424));
#3164=CARTESIAN_POINT('',(-1.91985835775447,-2.14012590919601,50.4100379628228));
#3165=CARTESIAN_POINT('',(-1.90545399166974,-2.15287484207276,50.4098849105883));
#3166=CARTESIAN_POINT('',(-1.89107196874007,-2.16560399959927,50.4097320957588));
#3167=CARTESIAN_POINT('',(-1.87637705721824,-2.17833902321248,50.4062657365577));
#3168=CARTESIAN_POINT('',(-1.86260714235879,-2.1900501439999,50.3997744745909));
#3169=CARTESIAN_POINT('',(-1.84883728730463,-2.20176121392375,50.3932832408168));
#3170=CARTESIAN_POINT('',(-1.83561500803503,-2.21277317678919,50.3835891409755));
#3171=CARTESIAN_POINT('',(-1.82408298783614,-2.22223901808215,50.3714934995442));
#3172=CARTESIAN_POINT('',(-1.81253310445207,-2.23171952203377,50.3593791218743));
#3173=CARTESIAN_POINT('',(-1.80236314011436,-2.23991384582851,50.3445217386633));
#3174=CARTESIAN_POINT('',(-1.79447535404734,-2.24621530662504,50.3281476026408));
#3175=CARTESIAN_POINT('',(-1.78658210525928,-2.25252113152605,50.3117621266382));
#3176=CARTESIAN_POINT('',(-1.78075932478682,-2.25710833811342,50.2934046608823));
#3177=CARTESIAN_POINT('',(-1.77753564934451,-2.25964422317084,50.2745970073454));
#3178=CARTESIAN_POINT('',(-1.7754831605471,-2.26125880124019,50.2626223222753));
#3179=CARTESIAN_POINT('',(-1.77443717601928,-2.26207818352078,50.2502964772486));
#3180=CARTESIAN_POINT('',(-1.77443717601928,-2.26207818352078,50.23804035));
#3181=CARTESIAN_POINT('',(-1.77443717601928,-2.26207818352078,50.23804035));
#3182=CARTESIAN_POINT('',(-1.77443717601928,-2.26207818352078,56.01904035));
#3183=CARTESIAN_POINT('',(-1.77443717601928,-2.26207818352078,55.9998253838823));
#3184=CARTESIAN_POINT('',(-1.77705312385771,-2.26003267250614,55.9803455133892));
#3185=CARTESIAN_POINT('',(-1.78204621769453,-2.25608871235166,55.9622146249625));
#3186=CARTESIAN_POINT('',(-1.78703909528804,-2.2521449230041,55.9440845217571));
#3187=CARTESIAN_POINT('',(-1.79454401601404,-2.24619249914546,55.926803432268));
#3188=CARTESIAN_POINT('',(-1.80388698723772,-2.23866405190113,55.9117962901642));
#3189=CARTESIAN_POINT('',(-1.81324045663476,-2.23112714536237,55.8967722853755));
#3190=CARTESIAN_POINT('',(-1.82469105636416,-2.22179957712327,55.8836129121524));
#3191=CARTESIAN_POINT('',(-1.83723150456783,-2.21138088049603,55.8734050235722));
#3192=CARTESIAN_POINT('',(-1.84978115006128,-2.20095454269276,55.8631896484247));
#3193=CARTESIAN_POINT('',(-1.86376656921836,-2.18914407074003,55.8556484973226));
#3194=CARTESIAN_POINT('',(-1.87798427382892,-2.17687851458257,55.851409509335));
#3195=CARTESIAN_POINT('',(-1.89218467349462,-2.16462788733092,55.8471756807917));
#3196=CARTESIAN_POINT('',(-1.90700768459885,-2.15158347804209,55.8461194585132));
#3197=CARTESIAN_POINT('',(-1.92121615458801,-2.13882058325377,55.8483290784011));
#3198=CARTESIAN_POINT('',(-1.93540663921237,-2.12607384399232,55.850535901308));
#3199=CARTESIAN_POINT('',(-1.94937586558729,-2.11325747861779,55.8560605201253));
#3200=CARTESIAN_POINT('',(-1.96200317352356,-2.10146818845383,55.8644440166946));
#3201=CARTESIAN_POINT('',(-1.97463876845417,-2.08967116126616,55.8728330151484));
#3202=CARTESIAN_POINT('',(-1.98628121900186,-2.07858014470255,55.8843150800898));
#3203=CARTESIAN_POINT('',(-1.99603058125479,-2.06917541999116,55.8979424236878));
#3204=CARTESIAN_POINT('',(-2.00579513357034,-2.05975604218211,55.9115909994646));
#3205=CARTESIAN_POINT('',(-2.01393299882827,-2.05177180276622,55.9277683985789));
#3206=CARTESIAN_POINT('',(-2.01982946042854,-2.04595062276315,55.945137923182));
#3207=CARTESIAN_POINT('',(-2.02572611912999,-2.04012924817532,55.9625080283966));
#3208=CARTESIAN_POINT('',(-2.02954602139187,-2.03631338135902,55.9815506823515));
#3209=CARTESIAN_POINT('',(-2.03100343182482,-2.03485873217669,56.0006854541476));
#3210=CARTESIAN_POINT('',(-2.032458585607,-2.03340633536963,56.0197905977093));
#3211=CARTESIAN_POINT('',(-2.03159931825068,-2.03426853350505,56.03951474046));
#3212=CARTESIAN_POINT('',(-2.02848962441153,-2.03736468106589,56.0582224157308));
#3213=CARTESIAN_POINT('',(-2.02538214611444,-2.04045862273588,56.0769167624736));
#3214=CARTESIAN_POINT('',(-2.01994105082997,-2.04586647261233,56.0951110604095));
#3215=CARTESIAN_POINT('',(-2.01257238292952,-2.05308972124195,56.1113047292084));
#3216=CARTESIAN_POINT('',(-2.00519460481918,-2.06032190029317,56.127518418956));
#3217=CARTESIAN_POINT('',(-1.99567871315913,-2.06956994675373,56.1421734846288));
#3218=CARTESIAN_POINT('',(-1.98474746671462,-2.08000059936766,56.154061676086));
#3219=CARTESIAN_POINT('',(-1.97380249213192,-2.09044435144297,56.1659647974724));
#3220=CARTESIAN_POINT('',(-1.96113314585217,-2.10235904730823,56.1754223404319));
#3221=CARTESIAN_POINT('',(-1.94773528251799,-2.11469909661741,56.181648829482));
#3222=CARTESIAN_POINT('',(-1.93434653828881,-2.12703074681082,56.1878710805424));
#3223=CARTESIAN_POINT('',(-1.91985835775447,-2.14012590919601,56.1910379628228));
#3224=CARTESIAN_POINT('',(-1.90545399166974,-2.15287484207276,56.1908849105883));
#3225=CARTESIAN_POINT('',(-1.89107196874007,-2.16560399959927,56.1907320957588));
#3226=CARTESIAN_POINT('',(-1.87637705721824,-2.17833902321248,56.1872657365577));
#3227=CARTESIAN_POINT('',(-1.86260714235879,-2.1900501439999,56.1807744745909));
#3228=CARTESIAN_POINT('',(-1.84883728730463,-2.20176121392375,56.1742832408168));
#3229=CARTESIAN_POINT('',(-1.83561500803504,-2.21277317678919,56.1645891409754));
#3230=CARTESIAN_POINT('',(-1.82408298783614,-2.22223901808215,56.1524934995442));
#3231=CARTESIAN_POINT('',(-1.81253310445207,-2.23171952203377,56.1403791218743));
#3232=CARTESIAN_POINT('',(-1.80236314011436,-2.23991384582851,56.1255217386633));
#3233=CARTESIAN_POINT('',(-1.79447535404734,-2.24621530662504,56.1091476026408));
#3234=CARTESIAN_POINT('',(-1.78658210525928,-2.25252113152605,56.0927621266382));
#3235=CARTESIAN_POINT('',(-1.78075932478682,-2.25710833811342,56.0744046608823));
#3236=CARTESIAN_POINT('',(-1.77753564934451,-2.25964422317084,56.0555970073454));
#3237=CARTESIAN_POINT('',(-1.7754831605471,-2.26125880124019,56.0436223222753));
#3238=CARTESIAN_POINT('',(-1.77443717601928,-2.26207818352078,56.0312964772486));
#3239=CARTESIAN_POINT('',(-1.77443717601928,-2.26207818352078,56.01904035));
#3240=CARTESIAN_POINT('',(-1.77443717601928,-2.26207818352078,56.01904035));
#3241=CARTESIAN_POINT('',(-2.26422599975218,-1.77169569115189,50.23804035));
#3242=CARTESIAN_POINT('',(-2.26422599975218,-1.77169569115189,50.2188253838823));
#3243=CARTESIAN_POINT('',(-2.26627641007344,-1.76908358167508,50.1993455133892));
#3244=CARTESIAN_POINT('',(-2.27018056223365,-1.76405930026642,50.1812146249625));
#3245=CARTESIAN_POINT('',(-2.27408454531095,-1.75903523645176,50.1630845217571));
#3246=CARTESIAN_POINT('',(-2.27994687841045,-1.7514597341234,50.145803432268));
#3247=CARTESIAN_POINT('',(-2.28721668451719,-1.74191413050877,50.1307962901642));
#3248=CARTESIAN_POINT('',(-2.2944946592978,-1.73235780103412,50.1157722853755));
#3249=CARTESIAN_POINT('',(-2.30338029222035,-1.72056096709515,50.1026129121524));
#3250=CARTESIAN_POINT('',(-2.3130629804862,-1.70744389316435,50.0924050235722));
#3251=CARTESIAN_POINT('',(-2.32275277013219,-1.69431719904071,50.0821896484247));
#3252=CARTESIAN_POINT('',(-2.33350536748511,-1.67950298806235,50.0746484973226));
#3253=CARTESIAN_POINT('',(-2.34437459171963,-1.66419132725157,50.070409509335));
#3254=CARTESIAN_POINT('',(-2.35523058658056,-1.64889830288409,50.0661756807917));
#3255=CARTESIAN_POINT('',(-2.36650113644763,-1.63268556167279,50.0651194585132));
#3256=CARTESIAN_POINT('',(-2.37724237347726,-1.61689322397744,50.0673290784011));
#3257=CARTESIAN_POINT('',(-2.38797001403473,-1.60112087653823,50.069535901308));
#3258=CARTESIAN_POINT('',(-2.39846616308587,-1.5853338767592,50.0750605201253));
#3259=CARTESIAN_POINT('',(-2.40790518259565,-1.5708652493543,50.0834440166946));
#3260=CARTESIAN_POINT('',(-2.4173503967038,-1.55638712654199,50.0918330151484));
#3261=CARTESIAN_POINT('',(-2.42600028480132,-1.54283217397587,50.1033150800898));
#3262=CARTESIAN_POINT('',(-2.43321565036418,-1.53136755836826,50.1169424236878));
#3263=CARTESIAN_POINT('',(-2.44044225787824,-1.51988508023545,50.1305909994646));
#3264=CARTESIAN_POINT('',(-2.4464328980021,-1.51018532967613,50.1467683985789));
#3265=CARTESIAN_POINT('',(-2.45076491958527,-1.50312218695957,50.164137923182));
#3266=CARTESIAN_POINT('',(-2.45509708597505,-1.49605880814314,50.1815080283966));
#3267=CARTESIAN_POINT('',(-2.45789279211761,-1.49143966103415,50.2005506823515));
#3268=CARTESIAN_POINT('',(-2.45895973251675,-1.48967850016743,50.2196854541476));
#3269=CARTESIAN_POINT('',(-2.46002502086795,-1.48792006627795,50.2387905977093));
#3270=CARTESIAN_POINT('',(-2.45939705977888,-1.48896284664071,50.25851474046));
#3271=CARTESIAN_POINT('',(-2.45711868460131,-1.4927132242273,50.2772224157308));
#3272=CARTESIAN_POINT('',(-2.45484193268195,-1.4964609298083,50.2959167624736));
#3273=CARTESIAN_POINT('',(-2.45085312892321,-1.50301377672816,50.3141110604095));
#3274=CARTESIAN_POINT('',(-2.44542721766404,-1.51179056853383,50.3303047292084));
#3275=CARTESIAN_POINT('',(-2.43999459811091,-1.52057821147522,50.346518418956));
#3276=CARTESIAN_POINT('',(-2.43296842335015,-1.53183482844718,50.3611734846288));
#3277=CARTESIAN_POINT('',(-2.42485103761984,-1.54457840375745,50.373061676086));
#3278=CARTESIAN_POINT('',(-2.41672345757238,-1.55733798324107,50.3849647974724));
#3279=CARTESIAN_POINT('',(-2.40727363282571,-1.57193843271959,50.3944223404319));
#3280=CARTESIAN_POINT('',(-2.39721825414816,-1.58712622118683,50.400648829482));
#3281=CARTESIAN_POINT('',(-2.38716971955102,-1.60230367225666,50.4068710805424));
#3282=CARTESIAN_POINT('',(-2.37623641669698,-1.61848556157132,50.4100379628228));
#3283=CARTESIAN_POINT('',(-2.36530163465215,-1.63431122406712,50.4098849105883));
#3284=CARTESIAN_POINT('',(-2.35438381395984,-1.65011233878143,50.4097320957588));
#3285=CARTESIAN_POINT('',(-2.34316360049563,-1.6659940282659,50.4062657365577));
#3286=CARTESIAN_POINT('',(-2.33259646898699,-1.6806602014891,50.3997744745909));
#3287=CARTESIAN_POINT('',(-2.32202938337335,-1.6953263110144,50.3932832408168));
#3288=CARTESIAN_POINT('',(-2.31182665471707,-1.7091825847992,50.3835891409755));
#3289=CARTESIAN_POINT('',(-2.30289505816363,-1.72113315902212,50.3714934995442));
#3290=CARTESIAN_POINT('',(-2.2939496265006,-1.73310224477353,50.3593791218743));
#3291=CARTESIAN_POINT('',(-2.28603621288571,-1.74349228818263,50.3445217386633));
#3292=CARTESIAN_POINT('',(-2.27988566982284,-1.75149831074323,50.3281476026408));
#3293=CARTESIAN_POINT('',(-2.27373086717422,-1.7595098779101,50.3117621266382));
#3294=CARTESIAN_POINT('',(-2.2691750765115,-1.76535727118771,50.2934046608823));
#3295=CARTESIAN_POINT('',(-2.26665195223583,-1.76859094406407,50.2745970073454));
#3296=CARTESIAN_POINT('',(-2.26504549885584,-1.7706497981491,50.2626223222753));
#3297=CARTESIAN_POINT('',(-2.26422599975218,-1.77169569115189,50.2502964772486));
#3298=CARTESIAN_POINT('',(-2.26422599975218,-1.77169569115189,50.23804035));
#3299=CARTESIAN_POINT('',(-2.26422599975218,-1.77169569115189,50.23804035));
#3300=CARTESIAN_POINT('',(-2.26422599975218,-1.77169569115189,56.01904035));
#3301=CARTESIAN_POINT('',(-2.26422599975218,-1.77169569115189,55.9998253838823));
#3302=CARTESIAN_POINT('',(-2.26627641007344,-1.76908358167508,55.9803455133892));
#3303=CARTESIAN_POINT('',(-2.27018056223365,-1.76405930026642,55.9622146249625));
#3304=CARTESIAN_POINT('',(-2.27408454531095,-1.75903523645176,55.9440845217571));
#3305=CARTESIAN_POINT('',(-2.27994687841045,-1.7514597341234,55.926803432268));
#3306=CARTESIAN_POINT('',(-2.28721668451719,-1.74191413050877,55.9117962901642));
#3307=CARTESIAN_POINT('',(-2.2944946592978,-1.73235780103412,55.8967722853755));
#3308=CARTESIAN_POINT('',(-2.30338029222035,-1.72056096709515,55.8836129121524));
#3309=CARTESIAN_POINT('',(-2.3130629804862,-1.70744389316435,55.8734050235722));
#3310=CARTESIAN_POINT('',(-2.32275277013219,-1.69431719904071,55.8631896484247));
#3311=CARTESIAN_POINT('',(-2.33350536748511,-1.67950298806235,55.8556484973226));
#3312=CARTESIAN_POINT('',(-2.34437459171963,-1.66419132725157,55.851409509335));
#3313=CARTESIAN_POINT('',(-2.35523058658056,-1.64889830288409,55.8471756807917));
#3314=CARTESIAN_POINT('',(-2.36650113644763,-1.63268556167279,55.8461194585132));
#3315=CARTESIAN_POINT('',(-2.37724237347726,-1.61689322397744,55.8483290784011));
#3316=CARTESIAN_POINT('',(-2.38797001403473,-1.60112087653823,55.850535901308));
#3317=CARTESIAN_POINT('',(-2.39846616308587,-1.5853338767592,55.8560605201253));
#3318=CARTESIAN_POINT('',(-2.40790518259565,-1.5708652493543,55.8644440166946));
#3319=CARTESIAN_POINT('',(-2.4173503967038,-1.55638712654199,55.8728330151484));
#3320=CARTESIAN_POINT('',(-2.42600028480132,-1.54283217397587,55.8843150800898));
#3321=CARTESIAN_POINT('',(-2.43321565036418,-1.53136755836826,55.8979424236878));
#3322=CARTESIAN_POINT('',(-2.44044225787824,-1.51988508023545,55.9115909994646));
#3323=CARTESIAN_POINT('',(-2.4464328980021,-1.51018532967613,55.9277683985789));
#3324=CARTESIAN_POINT('',(-2.45076491958527,-1.50312218695957,55.945137923182));
#3325=CARTESIAN_POINT('',(-2.45509708597505,-1.49605880814314,55.9625080283966));
#3326=CARTESIAN_POINT('',(-2.45789279211761,-1.49143966103415,55.9815506823515));
#3327=CARTESIAN_POINT('',(-2.45895973251675,-1.48967850016743,56.0006854541476));
#3328=CARTESIAN_POINT('',(-2.46002502086795,-1.48792006627795,56.0197905977093));
#3329=CARTESIAN_POINT('',(-2.45939705977888,-1.48896284664071,56.03951474046));
#3330=CARTESIAN_POINT('',(-2.45711868460131,-1.4927132242273,56.0582224157308));
#3331=CARTESIAN_POINT('',(-2.45484193268195,-1.4964609298083,56.0769167624736));
#3332=CARTESIAN_POINT('',(-2.45085312892321,-1.50301377672816,56.0951110604095));
#3333=CARTESIAN_POINT('',(-2.44542721766404,-1.51179056853383,56.1113047292084));
#3334=CARTESIAN_POINT('',(-2.43999459811091,-1.52057821147522,56.127518418956));
#3335=CARTESIAN_POINT('',(-2.43296842335015,-1.53183482844718,56.1421734846288));
#3336=CARTESIAN_POINT('',(-2.42485103761984,-1.54457840375745,56.154061676086));
#3337=CARTESIAN_POINT('',(-2.41672345757238,-1.55733798324107,56.1659647974724));
#3338=CARTESIAN_POINT('',(-2.40727363282571,-1.57193843271959,56.1754223404319));
#3339=CARTESIAN_POINT('',(-2.39721825414816,-1.58712622118683,56.181648829482));
#3340=CARTESIAN_POINT('',(-2.38716971955102,-1.60230367225666,56.1878710805424));
#3341=CARTESIAN_POINT('',(-2.37623641669698,-1.61848556157132,56.1910379628228));
#3342=CARTESIAN_POINT('',(-2.36530163465215,-1.63431122406712,56.1908849105883));
#3343=CARTESIAN_POINT('',(-2.35438381395984,-1.65011233878143,56.1907320957588));
#3344=CARTESIAN_POINT('',(-2.34316360049563,-1.6659940282659,56.1872657365577));
#3345=CARTESIAN_POINT('',(-2.33259646898699,-1.6806602014891,56.1807744745909));
#3346=CARTESIAN_POINT('',(-2.32202938337335,-1.6953263110144,56.1742832408168));
#3347=CARTESIAN_POINT('',(-2.31182665471707,-1.7091825847992,56.1645891409754));
#3348=CARTESIAN_POINT('',(-2.30289505816363,-1.72113315902212,56.1524934995442));
#3349=CARTESIAN_POINT('',(-2.2939496265006,-1.73310224477353,56.1403791218743));
#3350=CARTESIAN_POINT('',(-2.28603621288571,-1.74349228818263,56.1255217386633));
#3351=CARTESIAN_POINT('',(-2.27988566982284,-1.75149831074323,56.1091476026408));
#3352=CARTESIAN_POINT('',(-2.27373086717422,-1.7595098779101,56.0927621266382));
#3353=CARTESIAN_POINT('',(-2.2691750765115,-1.76535727118771,56.0744046608823));
#3354=CARTESIAN_POINT('',(-2.26665195223583,-1.76859094406407,56.0555970073454));
#3355=CARTESIAN_POINT('',(-2.26504549885584,-1.7706497981491,56.0436223222753));
#3356=CARTESIAN_POINT('',(-2.26422599975218,-1.77169569115189,56.0312964772486));
#3357=CARTESIAN_POINT('',(-2.26422599975218,-1.77169569115189,56.01904035));
#3358=CARTESIAN_POINT('',(-2.26422599975218,-1.77169569115189,56.01904035));
#3359=CARTESIAN_POINT('',(-2.62242623850612,-1.17834868506507,50.23804035));
#3360=CARTESIAN_POINT('',(-2.62242623850612,-1.17834868506507,50.2188253838823));
#3361=CARTESIAN_POINT('',(-2.62379194891528,-1.17532178343424,50.1993455133892));
#3362=CARTESIAN_POINT('',(-2.62638026426633,-1.16950917374436,50.1812146249625));
#3363=CARTESIAN_POINT('',(-2.62896846752139,-1.16369681578977,50.1630845217571));
#3364=CARTESIAN_POINT('',(-2.63284751550334,-1.15493849565118,50.145803432268));
#3365=CARTESIAN_POINT('',(-2.6376216617869,-1.14393049145148,50.1307962901642));
#3366=CARTESIAN_POINT('',(-2.64240117251118,-1.13291011817415,50.1157722853755));
#3367=CARTESIAN_POINT('',(-2.64820543793939,-1.1193296076441,50.1026129121524));
#3368=CARTESIAN_POINT('',(-2.65446764362055,-1.10427647306799,50.0924050235722));
#3369=CARTESIAN_POINT('',(-2.66073444206581,-1.08921229837286,50.0821896484247));
#3370=CARTESIAN_POINT('',(-2.66762931574052,-1.07225529646346,50.0746484973226));
#3371=CARTESIAN_POINT('',(-2.67451837979452,-1.05478738907005,50.070409509335));
#3372=CARTESIAN_POINT('',(-2.68139905888929,-1.03734074257511,50.0661756807917));
#3373=CARTESIAN_POINT('',(-2.68846214412771,-1.01890189502963,50.0651194585132));
#3374=CARTESIAN_POINT('',(-2.69511190654444,-1.00099790769128,50.0673290784011));
#3375=CARTESIAN_POINT('',(-2.70175325155922,-0.983116583577331,50.069535901308));
#3376=CARTESIAN_POINT('',(-2.70816632525568,-0.965276432437534,50.0750605201253));
#3377=CARTESIAN_POINT('',(-2.71386849483449,-0.948969331825164,50.0834440166946));
#3378=CARTESIAN_POINT('',(-2.71957440660817,-0.932651529260231,50.0918330151484));
#3379=CARTESIAN_POINT('',(-2.72472903220036,-0.91742040526448,50.1033150800898));
#3380=CARTESIAN_POINT('',(-2.72899107025342,-0.904562180547581,50.1169424236878));
#3381=CARTESIAN_POINT('',(-2.73325974880493,-0.891683921982984,50.1305909994646));
#3382=CARTESIAN_POINT('',(-2.73675500956581,-0.880832374525594,50.1467683985789));
#3383=CARTESIAN_POINT('',(-2.73927082978373,-0.872937753276754,50.164137923182));
#3384=CARTESIAN_POINT('',(-2.74178673409805,-0.865042868134179,50.1815080283966));
#3385=CARTESIAN_POINT('',(-2.74339576784226,-0.859888888772559,50.2005506823515));
#3386=CARTESIAN_POINT('',(-2.74401023150975,-0.85792356848948,50.2196854541476));
#3387=CARTESIAN_POINT('',(-2.74462374374319,-0.855961291303569,50.2387905977093));
#3388=CARTESIAN_POINT('',(-2.74426358373731,-0.857124051289343,50.25851474046));
#3389=CARTESIAN_POINT('',(-2.74294893810508,-0.861310700588417,50.2772224157308));
#3390=CARTESIAN_POINT('',(-2.74163522910934,-0.86549436705441,50.2959167624736));
#3391=CARTESIAN_POINT('',(-2.73933053165207,-0.872811383373334,50.3141110604095));
#3392=CARTESIAN_POINT('',(-2.73616271127419,-0.882631643117653,50.3303047292084));
#3393=CARTESIAN_POINT('',(-2.73299097437994,-0.892464044083232,50.346518418956));
#3394=CARTESIAN_POINT('',(-2.72886285225644,-0.905075037904334,50.3611734846288));
#3395=CARTESIAN_POINT('',(-2.72403108019349,-0.919390925634919,50.373061676086));
#3396=CARTESIAN_POINT('',(-2.71919324009108,-0.933724792146444,50.3849647974724));
#3397=CARTESIAN_POINT('',(-2.71351212634304,-0.95016247018501,50.3944223404319));
#3398=CARTESIAN_POINT('',(-2.70738361438105,-0.967315338749951,50.400648829482));
#3399=CARTESIAN_POINT('',(-2.7012592737218,-0.98445653240782,50.4068710805424));
#3400=CARTESIAN_POINT('',(-2.69451625236899,-1.00278471606376,50.4100379628228));
#3401=CARTESIAN_POINT('',(-2.68768654415021,-1.0207673781983,50.4098849105883));
#3402=CARTESIAN_POINT('',(-2.68086742974922,-1.03872214674792,50.4097320957588));
#3403=CARTESIAN_POINT('',(-2.67377399236535,-1.0568275160384,50.4062657365577));
#3404=CARTESIAN_POINT('',(-2.66702376748084,-1.07359639701902,50.3997744745909));
#3405=CARTESIAN_POINT('',(-2.6602735719138,-1.0903652051693,50.3932832408168));
#3406=CARTESIAN_POINT('',(-2.65368333937493,-1.10626051360659,50.3835891409755));
#3407=CARTESIAN_POINT('',(-2.64787123839359,-1.12000129682422,50.3714934995442));
#3408=CARTESIAN_POINT('',(-2.64205013442454,-1.1337633646174,50.3593791218743));
#3409=CARTESIAN_POINT('',(-2.63685317036768,-1.14574529608418,50.3445217386633));
#3410=CARTESIAN_POINT('',(-2.63279731751545,-1.15499059947836,50.3281476026408));
#3411=CARTESIAN_POINT('',(-2.62873865576443,-1.16424230574819,50.3117621266382));
#3412=CARTESIAN_POINT('',(-2.62571462090514,-1.17101005647317,50.2934046608823));
#3413=CARTESIAN_POINT('',(-2.62403868260781,-1.17475358785482,50.2745970073454));
#3414=CARTESIAN_POINT('',(-2.62297162587647,-1.17713706483973,50.2626223222753));
#3415=CARTESIAN_POINT('',(-2.62242623850612,-1.17834868506507,50.2502964772486));
#3416=CARTESIAN_POINT('',(-2.62242623850612,-1.17834868506507,50.23804035));
#3417=CARTESIAN_POINT('',(-2.62242623850612,-1.17834868506507,50.23804035));
#3418=CARTESIAN_POINT('',(-2.62242623850612,-1.17834868506507,56.01904035));
#3419=CARTESIAN_POINT('',(-2.62242623850612,-1.17834868506507,55.9998253838823));
#3420=CARTESIAN_POINT('',(-2.62379194891528,-1.17532178343424,55.9803455133892));
#3421=CARTESIAN_POINT('',(-2.62638026426633,-1.16950917374436,55.9622146249625));
#3422=CARTESIAN_POINT('',(-2.62896846752139,-1.16369681578977,55.9440845217571));
#3423=CARTESIAN_POINT('',(-2.63284751550334,-1.15493849565118,55.926803432268));
#3424=CARTESIAN_POINT('',(-2.6376216617869,-1.14393049145148,55.9117962901642));
#3425=CARTESIAN_POINT('',(-2.64240117251118,-1.13291011817415,55.8967722853755));
#3426=CARTESIAN_POINT('',(-2.64820543793939,-1.1193296076441,55.8836129121524));
#3427=CARTESIAN_POINT('',(-2.65446764362055,-1.10427647306799,55.8734050235722));
#3428=CARTESIAN_POINT('',(-2.66073444206581,-1.08921229837286,55.8631896484247));
#3429=CARTESIAN_POINT('',(-2.66762931574052,-1.07225529646346,55.8556484973226));
#3430=CARTESIAN_POINT('',(-2.67451837979452,-1.05478738907005,55.851409509335));
#3431=CARTESIAN_POINT('',(-2.68139905888929,-1.03734074257511,55.8471756807917));
#3432=CARTESIAN_POINT('',(-2.68846214412771,-1.01890189502963,55.8461194585132));
#3433=CARTESIAN_POINT('',(-2.69511190654444,-1.00099790769128,55.8483290784011));
#3434=CARTESIAN_POINT('',(-2.70175325155922,-0.983116583577331,55.850535901308));
#3435=CARTESIAN_POINT('',(-2.70816632525568,-0.965276432437534,55.8560605201253));
#3436=CARTESIAN_POINT('',(-2.71386849483449,-0.948969331825164,55.8644440166946));
#3437=CARTESIAN_POINT('',(-2.71957440660817,-0.932651529260231,55.8728330151484));
#3438=CARTESIAN_POINT('',(-2.72472903220036,-0.91742040526448,55.8843150800898));
#3439=CARTESIAN_POINT('',(-2.72899107025342,-0.904562180547581,55.8979424236878));
#3440=CARTESIAN_POINT('',(-2.73325974880493,-0.891683921982984,55.9115909994646));
#3441=CARTESIAN_POINT('',(-2.73675500956581,-0.880832374525594,55.9277683985789));
#3442=CARTESIAN_POINT('',(-2.73927082978373,-0.872937753276754,55.945137923182));
#3443=CARTESIAN_POINT('',(-2.74178673409805,-0.865042868134179,55.9625080283966));
#3444=CARTESIAN_POINT('',(-2.74339576784226,-0.859888888772559,55.9815506823515));
#3445=CARTESIAN_POINT('',(-2.74401023150975,-0.85792356848948,56.0006854541476));
#3446=CARTESIAN_POINT('',(-2.74462374374319,-0.855961291303569,56.0197905977093));
#3447=CARTESIAN_POINT('',(-2.74426358373731,-0.857124051289343,56.03951474046));
#3448=CARTESIAN_POINT('',(-2.74294893810508,-0.861310700588417,56.0582224157308));
#3449=CARTESIAN_POINT('',(-2.74163522910934,-0.86549436705441,56.0769167624736));
#3450=CARTESIAN_POINT('',(-2.73933053165207,-0.872811383373334,56.0951110604095));
#3451=CARTESIAN_POINT('',(-2.73616271127419,-0.882631643117653,56.1113047292084));
#3452=CARTESIAN_POINT('',(-2.73299097437994,-0.892464044083232,56.127518418956));
#3453=CARTESIAN_POINT('',(-2.72886285225644,-0.905075037904334,56.1421734846288));
#3454=CARTESIAN_POINT('',(-2.72403108019349,-0.919390925634919,56.154061676086));
#3455=CARTESIAN_POINT('',(-2.71919324009108,-0.933724792146444,56.1659647974724));
#3456=CARTESIAN_POINT('',(-2.71351212634304,-0.95016247018501,56.1754223404319));
#3457=CARTESIAN_POINT('',(-2.70738361438105,-0.967315338749951,56.181648829482));
#3458=CARTESIAN_POINT('',(-2.7012592737218,-0.98445653240782,56.1878710805424));
#3459=CARTESIAN_POINT('',(-2.69451625236899,-1.00278471606376,56.1910379628228));
#3460=CARTESIAN_POINT('',(-2.68768654415021,-1.0207673781983,56.1908849105883));
#3461=CARTESIAN_POINT('',(-2.68086742974922,-1.03872214674792,56.1907320957588));
#3462=CARTESIAN_POINT('',(-2.67377399236535,-1.0568275160384,56.1872657365577));
#3463=CARTESIAN_POINT('',(-2.66702376748084,-1.07359639701902,56.1807744745909));
#3464=CARTESIAN_POINT('',(-2.6602735719138,-1.0903652051693,56.1742832408168));
#3465=CARTESIAN_POINT('',(-2.65368333937493,-1.10626051360659,56.1645891409754));
#3466=CARTESIAN_POINT('',(-2.64787123839359,-1.12000129682422,56.1524934995442));
#3467=CARTESIAN_POINT('',(-2.64205013442454,-1.1337633646174,56.1403791218743));
#3468=CARTESIAN_POINT('',(-2.63685317036768,-1.14574529608418,56.1255217386633));
#3469=CARTESIAN_POINT('',(-2.63279731751545,-1.15499059947836,56.1091476026408));
#3470=CARTESIAN_POINT('',(-2.62873865576443,-1.16424230574819,56.0927621266382));
#3471=CARTESIAN_POINT('',(-2.62571462090514,-1.17101005647317,56.0744046608823));
#3472=CARTESIAN_POINT('',(-2.62403868260781,-1.17475358785482,56.0555970073454));
#3473=CARTESIAN_POINT('',(-2.62297162587647,-1.17713706483973,56.0436223222753));
#3474=CARTESIAN_POINT('',(-2.62242623850612,-1.17834868506507,56.0312964772486));
#3475=CARTESIAN_POINT('',(-2.62242623850612,-1.17834868506507,56.01904035));
#3476=CARTESIAN_POINT('',(-2.62242623850612,-1.17834868506507,56.01904035));
#3477=CARTESIAN_POINT('',(-2.82822059640961,-0.516520336525467,50.23804035));
#3478=CARTESIAN_POINT('',(-2.82822059640961,-0.516520336525467,50.2188253838823));
#3479=CARTESIAN_POINT('',(-2.82882223678184,-0.513254555261073,50.1993455133892));
#3480=CARTESIAN_POINT('',(-2.82994429184369,-0.506991425037168,50.1812146249625));
#3481=CARTESIAN_POINT('',(-2.83106629831104,-0.500728566059914,50.1630845217571));
#3482=CARTESIAN_POINT('',(-2.83273662500651,-0.491296429842342,50.145803432268));
#3483=CARTESIAN_POINT('',(-2.8347376554382,-0.479465770249202,50.1307962901642));
#3484=CARTESIAN_POINT('',(-2.83674093431568,-0.467621817206647,50.1157722853755));
#3485=CARTESIAN_POINT('',(-2.83912650944051,-0.453046879994371,50.1026129121524));
#3486=CARTESIAN_POINT('',(-2.84160429590497,-0.436932518238595,50.0924050235722));
#3487=CARTESIAN_POINT('',(-2.84408389960274,-0.420806338049191,50.0821896484247));
#3488=CARTESIAN_POINT('',(-2.84672034460312,-0.402692024523544,50.0746484973226));
#3489=CARTESIAN_POINT('',(-2.84922888111451,-0.384083041831955,50.070409509335));
#3490=CARTESIAN_POINT('',(-2.85173436438438,-0.365496708887848,50.0661756807917));
#3491=CARTESIAN_POINT('',(-2.85417950415336,-0.345903353805046,50.0651194585132));
#3492=CARTESIAN_POINT('',(-2.85635133193644,-0.326928231489464,50.0673290784011));
#3493=CARTESIAN_POINT('',(-2.85852041057658,-0.307977128262308,50.069535901308));
#3494=CARTESIAN_POINT('',(-2.8604777043857,-0.289120630499684,50.0750605201253));
#3495=CARTESIAN_POINT('',(-2.86211163466416,-0.271922766093527,50.0834440166946));
#3496=CARTESIAN_POINT('',(-2.86374663725123,-0.254713615148247,50.0918330151484));
#3497=CARTESIAN_POINT('',(-2.86510643223497,-0.238691497286623,50.1033150800898));
#3498=CARTESIAN_POINT('',(-2.86616744861847,-0.225186936743236,50.1169424236878));
#3499=CARTESIAN_POINT('',(-2.86723011812603,-0.21166133532406,50.1305909994646));
#3500=CARTESIAN_POINT('',(-2.86802686767326,-0.200288643463049,50.1467683985789));
#3501=CARTESIAN_POINT('',(-2.8685802761995,-0.19202135037313,50.164137923182));
#3502=CARTESIAN_POINT('',(-2.86913370322454,-0.183753780932163,50.1815080283966));
#3503=CARTESIAN_POINT('',(-2.8694625533778,-0.178364499864458,50.2005506823515));
#3504=CARTESIAN_POINT('',(-2.86958882991877,-0.176309237436216,50.2196854541476));
#3505=CARTESIAN_POINT('',(-2.86971491093345,-0.17425715737134,50.2387905977093));
#3506=CARTESIAN_POINT('',(-2.86964348320119,-0.175472321596213,50.25851474046));
#3507=CARTESIAN_POINT('',(-2.86936896953991,-0.179851929768362,50.2772224157308));
#3508=CARTESIAN_POINT('',(-2.86909465145948,-0.184228417631354,50.2959167624736));
#3509=CARTESIAN_POINT('',(-2.86860800094267,-0.191884364957153,50.3141110604095));
#3510=CARTESIAN_POINT('',(-2.86788237365188,-0.202177374838974,50.3303047292084));
#3511=CARTESIAN_POINT('',(-2.86715584923599,-0.21248311042395,50.346518418956));
#3512=CARTESIAN_POINT('',(-2.86616569120247,-0.225715575972403,50.3611734846288));
#3513=CARTESIAN_POINT('',(-2.86490033783639,-0.240771788764538,50.373061676086));
#3514=CARTESIAN_POINT('',(-2.86363339536095,-0.255846910083804,50.3849647974724));
#3515=CARTESIAN_POINT('',(-2.86205115829257,-0.27316651858334,50.3944223404319));
#3516=CARTESIAN_POINT('',(-2.86020567988514,-0.291287604873132,50.400648829482));
#3517=CARTESIAN_POINT('',(-2.85836145758182,-0.309396357249347,50.4068710805424));
#3518=CARTESIAN_POINT('',(-2.85620059762139,-0.328805667832714,50.4100379628228));
#3519=CARTESIAN_POINT('',(-2.85387288104534,-0.347900242647053,50.4098849105883));
#3520=CARTESIAN_POINT('',(-2.85154877507819,-0.366965199146808,50.4097320957588));
#3521=CARTESIAN_POINT('',(-2.84899435857183,-0.386242029990479,50.4062657365577));
#3522=CARTESIAN_POINT('',(-2.84645333884566,-0.404139072318336,50.3997744745909));
#3523=CARTESIAN_POINT('',(-2.84391233015561,-0.422036036916033,50.3932832408168));
#3524=CARTESIAN_POINT('',(-2.84131759409478,-0.43904660245653,50.3835891409755));
#3525=CARTESIAN_POINT('',(-2.83896276686845,-0.453779030293968,50.3714934995442));
#3526=CARTESIAN_POINT('',(-2.83660429199721,-0.468534278771856,50.3593791218743));
#3527=CARTESIAN_POINT('',(-2.83442580615917,-0.481411751992041,50.3445217386633));
#3528=CARTESIAN_POINT('',(-2.83270035494293,-0.491359032791817,50.3281476026408));
#3529=CARTESIAN_POINT('',(-2.83097370875783,-0.501313202624807,50.3117621266382));
#3530=CARTESIAN_POINT('',(-2.82965717561608,-0.508607993724782,50.2934046608823));
#3531=CARTESIAN_POINT('',(-2.82892582273916,-0.512643823175003,50.2745970073454));
#3532=CARTESIAN_POINT('',(-2.82846017611509,-0.515213404041017,50.2626223222753));
#3533=CARTESIAN_POINT('',(-2.82822059640961,-0.516520336525467,50.2502964772486));
#3534=CARTESIAN_POINT('',(-2.82822059640961,-0.516520336525467,50.23804035));
#3535=CARTESIAN_POINT('',(-2.82822059640961,-0.516520336525467,50.23804035));
#3536=CARTESIAN_POINT('',(-2.82822059640961,-0.516520336525467,56.01904035));
#3537=CARTESIAN_POINT('',(-2.82822059640961,-0.516520336525467,55.9998253838823));
#3538=CARTESIAN_POINT('',(-2.82882223678184,-0.513254555261073,55.9803455133892));
#3539=CARTESIAN_POINT('',(-2.82994429184369,-0.506991425037168,55.9622146249625));
#3540=CARTESIAN_POINT('',(-2.83106629831104,-0.500728566059914,55.9440845217571));
#3541=CARTESIAN_POINT('',(-2.83273662500651,-0.491296429842342,55.926803432268));
#3542=CARTESIAN_POINT('',(-2.8347376554382,-0.479465770249202,55.9117962901642));
#3543=CARTESIAN_POINT('',(-2.83674093431568,-0.467621817206647,55.8967722853755));
#3544=CARTESIAN_POINT('',(-2.83912650944051,-0.453046879994371,55.8836129121524));
#3545=CARTESIAN_POINT('',(-2.84160429590497,-0.436932518238595,55.8734050235722));
#3546=CARTESIAN_POINT('',(-2.84408389960274,-0.420806338049191,55.8631896484247));
#3547=CARTESIAN_POINT('',(-2.84672034460312,-0.402692024523544,55.8556484973226));
#3548=CARTESIAN_POINT('',(-2.84922888111451,-0.384083041831955,55.851409509335));
#3549=CARTESIAN_POINT('',(-2.85173436438438,-0.365496708887848,55.8471756807917));
#3550=CARTESIAN_POINT('',(-2.85417950415336,-0.345903353805046,55.8461194585132));
#3551=CARTESIAN_POINT('',(-2.85635133193644,-0.326928231489464,55.8483290784011));
#3552=CARTESIAN_POINT('',(-2.85852041057658,-0.307977128262308,55.850535901308));
#3553=CARTESIAN_POINT('',(-2.8604777043857,-0.289120630499684,55.8560605201253));
#3554=CARTESIAN_POINT('',(-2.86211163466416,-0.271922766093527,55.8644440166946));
#3555=CARTESIAN_POINT('',(-2.86374663725123,-0.254713615148247,55.8728330151484));
#3556=CARTESIAN_POINT('',(-2.86510643223497,-0.238691497286623,55.8843150800898));
#3557=CARTESIAN_POINT('',(-2.86616744861847,-0.225186936743236,55.8979424236878));
#3558=CARTESIAN_POINT('',(-2.86723011812603,-0.21166133532406,55.9115909994646));
#3559=CARTESIAN_POINT('',(-2.86802686767326,-0.200288643463049,55.9277683985789));
#3560=CARTESIAN_POINT('',(-2.8685802761995,-0.19202135037313,55.945137923182));
#3561=CARTESIAN_POINT('',(-2.86913370322454,-0.183753780932163,55.9625080283966));
#3562=CARTESIAN_POINT('',(-2.8694625533778,-0.178364499864458,55.9815506823515));
#3563=CARTESIAN_POINT('',(-2.86958882991877,-0.176309237436216,56.0006854541476));
#3564=CARTESIAN_POINT('',(-2.86971491093345,-0.17425715737134,56.0197905977093));
#3565=CARTESIAN_POINT('',(-2.86964348320119,-0.175472321596213,56.03951474046));
#3566=CARTESIAN_POINT('',(-2.86936896953991,-0.179851929768362,56.0582224157308));
#3567=CARTESIAN_POINT('',(-2.86909465145948,-0.184228417631354,56.0769167624736));
#3568=CARTESIAN_POINT('',(-2.86860800094267,-0.191884364957153,56.0951110604095));
#3569=CARTESIAN_POINT('',(-2.86788237365188,-0.202177374838974,56.1113047292084));
#3570=CARTESIAN_POINT('',(-2.86715584923599,-0.21248311042395,56.127518418956));
#3571=CARTESIAN_POINT('',(-2.86616569120247,-0.225715575972403,56.1421734846288));
#3572=CARTESIAN_POINT('',(-2.86490033783639,-0.240771788764538,56.154061676086));
#3573=CARTESIAN_POINT('',(-2.86363339536095,-0.255846910083804,56.1659647974724));
#3574=CARTESIAN_POINT('',(-2.86205115829257,-0.27316651858334,56.1754223404319));
#3575=CARTESIAN_POINT('',(-2.86020567988514,-0.291287604873132,56.181648829482));
#3576=CARTESIAN_POINT('',(-2.85836145758182,-0.309396357249347,56.1878710805424));
#3577=CARTESIAN_POINT('',(-2.85620059762139,-0.328805667832714,56.1910379628228));
#3578=CARTESIAN_POINT('',(-2.85387288104534,-0.347900242647053,56.1908849105883));
#3579=CARTESIAN_POINT('',(-2.85154877507819,-0.366965199146808,56.1907320957588));
#3580=CARTESIAN_POINT('',(-2.84899435857183,-0.386242029990479,56.1872657365577));
#3581=CARTESIAN_POINT('',(-2.84645333884566,-0.404139072318336,56.1807744745909));
#3582=CARTESIAN_POINT('',(-2.84391233015561,-0.422036036916033,56.1742832408168));
#3583=CARTESIAN_POINT('',(-2.84131759409478,-0.43904660245653,56.1645891409754));
#3584=CARTESIAN_POINT('',(-2.83896276686845,-0.453779030293968,56.1524934995442));
#3585=CARTESIAN_POINT('',(-2.83660429199721,-0.468534278771856,56.1403791218743));
#3586=CARTESIAN_POINT('',(-2.83442580615917,-0.481411751992041,56.1255217386633));
#3587=CARTESIAN_POINT('',(-2.83270035494293,-0.491359032791817,56.1091476026408));
#3588=CARTESIAN_POINT('',(-2.83097370875783,-0.501313202624807,56.0927621266382));
#3589=CARTESIAN_POINT('',(-2.82965717561608,-0.508607993724782,56.0744046608823));
#3590=CARTESIAN_POINT('',(-2.82892582273916,-0.512643823175003,56.0555970073454));
#3591=CARTESIAN_POINT('',(-2.82846017611509,-0.515213404041017,56.0436223222753));
#3592=CARTESIAN_POINT('',(-2.82822059640961,-0.516520336525467,56.0312964772486));
#3593=CARTESIAN_POINT('',(-2.82822059640961,-0.516520336525467,56.01904035));
#3594=CARTESIAN_POINT('',(-2.82822059640961,-0.516520336525467,56.01904035));
#3595=CARTESIAN_POINT('',(-2.86964905341337,0.175326296497966,50.23804035));
#3596=CARTESIAN_POINT('',(-2.86964905341337,0.175326296497966,50.2188253838823));
#3597=CARTESIAN_POINT('',(-2.86945165859711,0.178641162059476,50.1993455133892));
#3598=CARTESIAN_POINT('',(-2.86904224360806,0.184990822454344,50.1812146249625));
#3599=CARTESIAN_POINT('',(-2.86863284635015,0.19134020785507,50.1630845217571));
#3600=CARTESIAN_POINT('',(-2.86799737844299,0.200897998679073,50.145803432268));
#3601=CARTESIAN_POINT('',(-2.86710900040756,0.212863758732805,50.1307962901642));
#3602=CARTESIAN_POINT('',(-2.86621962415151,0.22484296404077,50.1157722853755));
#3603=CARTESIAN_POINT('',(-2.86504786801791,0.239565285562233,50.1026129121524));
#3604=CARTESIAN_POINT('',(-2.86359723532276,0.255804366365754,50.0924050235722));
#3605=CARTESIAN_POINT('',(-2.86214553871912,0.272055357073095,50.0821896484247));
#3606=CARTESIAN_POINT('',(-2.86037033444482,0.290274244155734,50.0746484973226));
#3607=CARTESIAN_POINT('',(-2.85835255638972,0.308942815712369,50.070409509335));
#3608=CARTESIAN_POINT('',(-2.85633723425411,0.327588664993497,50.0661756807917));
#3609=CARTESIAN_POINT('',(-2.854022325918,0.347197833035157,50.0651194585132));
#3610=CARTESIAN_POINT('',(-2.85159000033095,0.366141325190755,50.0673290784011));
#3611=CARTESIAN_POINT('',(-2.84916075363016,0.385060838296015,50.069535901308));
#3612=CARTESIAN_POINT('',(-2.84654851675022,0.403837811572083,50.0750605201253));
#3613=CARTESIAN_POINT('',(-2.84401924963965,0.420926962404433,50.0834440166946));
#3614=CARTESIAN_POINT('',(-2.84148832263274,0.43802732842984,50.0918330151484));
#3615=CARTESIAN_POINT('',(-2.83897426066624,0.453909292905249,50.1033150800898));
#3616=CARTESIAN_POINT('',(-2.8367725929646,0.467275353303421,50.1169424236878));
#3617=CARTESIAN_POINT('',(-2.83456749493907,0.480662238786255,50.1305909994646));
#3618=CARTESIAN_POINT('',(-2.83261942908503,0.491895135537978,50.1467683985789));
#3619=CARTESIAN_POINT('',(-2.83117826382761,0.500054635444978,50.164137923182));
#3620=CARTESIAN_POINT('',(-2.82973705039631,0.508214408099819,50.1815080283966));
#3621=CARTESIAN_POINT('',(-2.82876660538302,0.513525785447194,50.2005506823515));
#3622=CARTESIAN_POINT('',(-2.82839735606391,0.515551545638846,50.2196854541476));
#3623=CARTESIAN_POINT('',(-2.82802867848955,0.517574169148323,50.2387905977093));
#3624=CARTESIAN_POINT('',(-2.82825013415106,0.516377221612157,50.25851474046));
#3625=CARTESIAN_POINT('',(-2.82903170619691,0.512059181474673,50.2772224157308));
#3626=CARTESIAN_POINT('',(-2.82981272140152,0.507744217781392,50.2959167624736));
#3627=CARTESIAN_POINT('',(-2.83117240018431,0.500194275279056,50.3141110604095));
#3628=CARTESIAN_POINT('',(-2.8329311368012,0.490026707580496,50.3303047292084));
#3629=CARTESIAN_POINT('',(-2.83469204782192,0.479846569268498,50.346518418956));
#3630=CARTESIAN_POINT('',(-2.83689739826421,0.466761654792314,50.3611734846288));
#3631=CARTESIAN_POINT('',(-2.83927200133326,0.451840129299002,50.373061676086));
#3632=CARTESIAN_POINT('',(-2.84164958657633,0.436899864427234,50.3849647974724));
#3633=CARTESIAN_POINT('',(-2.84425818005482,0.419704878158506,50.3944223404319));
#3634=CARTESIAN_POINT('',(-2.84680298769893,0.401668705811557,50.400648829482));
#3635=CARTESIAN_POINT('',(-2.84934606324835,0.383644809582465,50.4068710805424));
#3636=CARTESIAN_POINT('',(-2.85189294600679,0.364282370652801,50.4100379628228));
#3637=CARTESIAN_POINT('',(-2.85420249949997,0.345185590440918,50.4098849105883));
#3638=CARTESIAN_POINT('',(-2.85650847055769,0.326118431964495,50.4097320957588));
#3639=CARTESIAN_POINT('',(-2.85864152833124,0.306790438907837,50.4062657365577));
#3640=CARTESIAN_POINT('',(-2.86045738859368,0.288805346279742,50.3997744745909));
#3641=CARTESIAN_POINT('',(-2.86227324096949,0.270820331764224,50.3932832408168));
#3642=CARTESIAN_POINT('',(-2.86382479801508,0.253683101358841,50.3835891409755));
#3643=CARTESIAN_POINT('',(-2.86506409854271,0.23881522405731,50.3714934995442));
#3644=CARTESIAN_POINT('',(-2.86630531875609,0.2239243163031,50.3593791218743));
#3645=CARTESIAN_POINT('',(-2.8672719168153,0.210899693265368,50.3445217386633));
#3646=CARTESIAN_POINT('',(-2.86797714418798,0.200828534863174,50.3281476026408));
#3647=CARTESIAN_POINT('',(-2.86868285996898,0.190750401635787,50.3117621266382));
#3648=CARTESIAN_POINT('',(-2.86915034066555,0.183352516904058,50.2934046608823));
#3649=CARTESIAN_POINT('',(-2.86940607677989,0.179258937123271,50.2745970073454));
#3650=CARTESIAN_POINT('',(-2.86956890195232,0.176652587076038,50.2626223222753));
#3651=CARTESIAN_POINT('',(-2.86964905341337,0.175326296497966,50.2502964772486));
#3652=CARTESIAN_POINT('',(-2.86964905341337,0.175326296497966,50.23804035));
#3653=CARTESIAN_POINT('',(-2.86964905341337,0.175326296497966,50.23804035));
#3654=CARTESIAN_POINT('',(-2.86964905341337,0.175326296497966,56.01904035));
#3655=CARTESIAN_POINT('',(-2.86964905341337,0.175326296497966,55.9998253838823));
#3656=CARTESIAN_POINT('',(-2.86945165859711,0.178641162059476,55.9803455133892));
#3657=CARTESIAN_POINT('',(-2.86904224360806,0.184990822454344,55.9622146249625));
#3658=CARTESIAN_POINT('',(-2.86863284635015,0.19134020785507,55.9440845217571));
#3659=CARTESIAN_POINT('',(-2.86799737844299,0.200897998679073,55.926803432268));
#3660=CARTESIAN_POINT('',(-2.86710900040756,0.212863758732805,55.9117962901642));
#3661=CARTESIAN_POINT('',(-2.86621962415151,0.22484296404077,55.8967722853755));
#3662=CARTESIAN_POINT('',(-2.86504786801791,0.239565285562233,55.8836129121524));
#3663=CARTESIAN_POINT('',(-2.86359723532276,0.255804366365754,55.8734050235722));
#3664=CARTESIAN_POINT('',(-2.86214553871912,0.272055357073095,55.8631896484247));
#3665=CARTESIAN_POINT('',(-2.86037033444482,0.290274244155734,55.8556484973226));
#3666=CARTESIAN_POINT('',(-2.85835255638972,0.308942815712369,55.851409509335));
#3667=CARTESIAN_POINT('',(-2.85633723425411,0.327588664993497,55.8471756807917));
#3668=CARTESIAN_POINT('',(-2.854022325918,0.347197833035157,55.8461194585132));
#3669=CARTESIAN_POINT('',(-2.85159000033095,0.366141325190755,55.8483290784011));
#3670=CARTESIAN_POINT('',(-2.84916075363016,0.385060838296015,55.850535901308));
#3671=CARTESIAN_POINT('',(-2.84654851675022,0.403837811572083,55.8560605201253));
#3672=CARTESIAN_POINT('',(-2.84401924963965,0.420926962404433,55.8644440166946));
#3673=CARTESIAN_POINT('',(-2.84148832263274,0.43802732842984,55.8728330151484));
#3674=CARTESIAN_POINT('',(-2.83897426066624,0.453909292905249,55.8843150800898));
#3675=CARTESIAN_POINT('',(-2.8367725929646,0.467275353303421,55.8979424236878));
#3676=CARTESIAN_POINT('',(-2.83456749493907,0.480662238786255,55.9115909994646));
#3677=CARTESIAN_POINT('',(-2.83261942908503,0.491895135537978,55.9277683985789));
#3678=CARTESIAN_POINT('',(-2.83117826382761,0.500054635444978,55.945137923182));
#3679=CARTESIAN_POINT('',(-2.82973705039631,0.508214408099819,55.9625080283966));
#3680=CARTESIAN_POINT('',(-2.82876660538302,0.513525785447194,55.9815506823515));
#3681=CARTESIAN_POINT('',(-2.82839735606391,0.515551545638846,56.0006854541476));
#3682=CARTESIAN_POINT('',(-2.82802867848955,0.517574169148323,56.0197905977093));
#3683=CARTESIAN_POINT('',(-2.82825013415106,0.516377221612157,56.03951474046));
#3684=CARTESIAN_POINT('',(-2.82903170619691,0.512059181474673,56.0582224157308));
#3685=CARTESIAN_POINT('',(-2.82981272140152,0.507744217781392,56.0769167624736));
#3686=CARTESIAN_POINT('',(-2.83117240018431,0.500194275279056,56.0951110604095));
#3687=CARTESIAN_POINT('',(-2.8329311368012,0.490026707580496,56.1113047292084));
#3688=CARTESIAN_POINT('',(-2.83469204782192,0.479846569268498,56.127518418956));
#3689=CARTESIAN_POINT('',(-2.83689739826421,0.466761654792314,56.1421734846288));
#3690=CARTESIAN_POINT('',(-2.83927200133326,0.451840129299002,56.154061676086));
#3691=CARTESIAN_POINT('',(-2.84164958657633,0.436899864427234,56.1659647974724));
#3692=CARTESIAN_POINT('',(-2.84425818005482,0.419704878158506,56.1754223404319));
#3693=CARTESIAN_POINT('',(-2.84680298769893,0.401668705811557,56.181648829482));
#3694=CARTESIAN_POINT('',(-2.84934606324835,0.383644809582465,56.1878710805424));
#3695=CARTESIAN_POINT('',(-2.85189294600679,0.364282370652801,56.1910379628228));
#3696=CARTESIAN_POINT('',(-2.85420249949997,0.345185590440918,56.1908849105883));
#3697=CARTESIAN_POINT('',(-2.85650847055769,0.326118431964495,56.1907320957588));
#3698=CARTESIAN_POINT('',(-2.85864152833124,0.306790438907837,56.1872657365577));
#3699=CARTESIAN_POINT('',(-2.86045738859368,0.288805346279742,56.1807744745909));
#3700=CARTESIAN_POINT('',(-2.86227324096949,0.270820331764224,56.1742832408168));
#3701=CARTESIAN_POINT('',(-2.86382479801508,0.253683101358841,56.1645891409754));
#3702=CARTESIAN_POINT('',(-2.86506409854271,0.23881522405731,56.1524934995442));
#3703=CARTESIAN_POINT('',(-2.86630531875609,0.2239243163031,56.1403791218743));
#3704=CARTESIAN_POINT('',(-2.8672719168153,0.210899693265368,56.1255217386633));
#3705=CARTESIAN_POINT('',(-2.86797714418798,0.200828534863174,56.1091476026408));
#3706=CARTESIAN_POINT('',(-2.86868285996898,0.190750401635787,56.0927621266382));
#3707=CARTESIAN_POINT('',(-2.86915034066555,0.183352516904058,56.0744046608823));
#3708=CARTESIAN_POINT('',(-2.86940607677989,0.179258937123271,56.0555970073454));
#3709=CARTESIAN_POINT('',(-2.86956890195232,0.176652587076038,56.0436223222753));
#3710=CARTESIAN_POINT('',(-2.86964905341337,0.175326296497966,56.0312964772486));
#3711=CARTESIAN_POINT('',(-2.86964905341337,0.175326296497966,56.01904035));
#3712=CARTESIAN_POINT('',(-2.86964905341337,0.175326296497966,56.01904035));
#3713=CARTESIAN_POINT('',(-2.74430393818264,0.856983602454088,50.23804035));
#3714=CARTESIAN_POINT('',(-2.74430393818264,0.856983602454088,50.2188253838823));
#3715=CARTESIAN_POINT('',(-2.74331898004712,0.860154904375326,50.1993455133892));
#3716=CARTESIAN_POINT('',(-2.74140188871817,0.866222075759083,50.1812146249625));
#3717=CARTESIAN_POINT('',(-2.73948488041553,0.872288984382868,50.1630845217571));
#3718=CARTESIAN_POINT('',(-2.73658054899067,0.881416965751768,50.145803432268));
#3719=CARTESIAN_POINT('',(-2.73285439179043,0.892822419785536,50.1307962901642));
#3720=CARTESIAN_POINT('',(-2.72912404771608,0.904240689489051,50.1157722853755));
#3721=CARTESIAN_POINT('',(-2.72446305853138,0.918254787506336,50.1026129121524));
#3722=CARTESIAN_POINT('',(-2.71916831217602,0.933674831007958,50.0924050235722));
#3723=CARTESIAN_POINT('',(-2.71386968260087,0.949106183723274,50.0821896484247));
#3724=CARTESIAN_POINT('',(-2.70778599747172,0.966370828868622,50.0746484973226));
#3725=CARTESIAN_POINT('',(-2.70135917077636,0.984014039768927,50.070409509335));
#3726=CARTESIAN_POINT('',(-2.6949401664324,1.00163577640176,50.0661756807917));
#3727=CARTESIAN_POINT('',(-2.68799974404935,1.02012114383212,50.0651194585132));
#3728=CARTESIAN_POINT('',(-2.68110462301414,1.03793207892045,50.0673290784011));
#3729=CARTESIAN_POINT('',(-2.67421822996071,1.05572046857177,50.069535901308));
#3730=CARTESIAN_POINT('',(-2.66718827610409,1.07332666792599,50.0750605201253));
#3731=CARTESIAN_POINT('',(-2.66064280341544,1.0893139458547,50.0834440166946));
#3732=CARTESIAN_POINT('',(-2.65409303509265,1.10531171584413,50.0918330151484));
#3733=CARTESIAN_POINT('',(-2.64785122431915,1.12013052488661,50.1033150800898));
#3734=CARTESIAN_POINT('',(-2.64251482545645,1.13258129829288,50.1169424236878));
#3735=CARTESIAN_POINT('',(-2.63717011217987,1.14505147071446,50.1305909994646));
#3736=CARTESIAN_POINT('',(-2.63259044543108,1.1554917572276,50.1467683985789));
#3737=CARTESIAN_POINT('',(-2.62923846167633,1.16306926347566,50.164137923182));
#3738=CARTESIAN_POINT('',(-2.62588636587472,1.17064702301724,50.1815080283966));
#3739=CARTESIAN_POINT('',(-2.62367302443163,1.17557181869893,50.2005506823515));
#3740=CARTESIAN_POINT('',(-2.6228297086807,1.17745034683499,50.2196854541476));
#3741=CARTESIAN_POINT('',(-2.62198769871783,1.17932596626264,50.2387905977093));
#3742=CARTESIAN_POINT('',(-2.62248916757504,1.17821679765525,50.25851474046));
#3743=CARTESIAN_POINT('',(-2.6242814032016,1.17421127434979,50.2772224157308));
#3744=CARTESIAN_POINT('',(-2.62607236192644,1.17020860483182,50.2959167624736));
#3745=CARTESIAN_POINT('',(-2.62919935042019,1.16320344236825,50.3141110604095));
#3746=CARTESIAN_POINT('',(-2.63334023956534,1.15375221892999,50.3303047292084));
#3747=CARTESIAN_POINT('',(-2.6374862482748,1.14428931052637,50.346518418956));
#3748=CARTESIAN_POINT('',(-2.64275894024131,1.13211239479008,50.3611734846288));
#3749=CARTESIAN_POINT('',(-2.64863549644646,1.11819274141972,50.373061676086));
#3750=CARTESIAN_POINT('',(-2.65451943279586,1.10425560688415,50.3849647974724));
#3751=CARTESIAN_POINT('',(-2.66116725485011,1.08818455294693,50.3944223404319));
#3752=CARTESIAN_POINT('',(-2.66795445357551,1.07128149132081,50.400648829482));
#3753=CARTESIAN_POINT('',(-2.67473703267042,1.05438993457348,50.4068710805424));
#3754=CARTESIAN_POINT('',(-2.68184364257935,1.03619964186851,50.4100379628228));
#3755=CARTESIAN_POINT('',(-2.68865624328762,1.01821049171103,50.4098849105883));
#3756=CARTESIAN_POINT('',(-2.6954582767142,1.00024924520228,50.4097320957588));
#3757=CARTESIAN_POINT('',(-2.70215484320323,0.981993362634697,50.4062657365577));
#3758=CARTESIAN_POINT('',(-2.70822205225619,0.964965447916755,50.3997744745909));
#3759=CARTESIAN_POINT('',(-2.71428923495815,0.947937607154191,50.3932832408168));
#3760=CARTESIAN_POINT('',(-2.71989691425434,0.931669665423784,50.3835891409755));
#3761=CARTESIAN_POINT('',(-2.72465831889394,0.917530405644391,50.3714934995442));
#3762=CARTESIAN_POINT('',(-2.72942709898479,0.903369244046287,50.3593791218743));
#3763=CARTESIAN_POINT('',(-2.73348260577549,0.89095441493938,50.3445217386633));
#3764=CARTESIAN_POINT('',(-2.73657752648558,0.881344678053934,50.3281476026408));
#3765=CARTESIAN_POINT('',(-2.73967459059666,0.871728285902802,50.3117621266382));
#3766=CARTESIAN_POINT('',(-2.7418989168527,0.864657245709709,50.2934046608823));
#3767=CARTESIAN_POINT('',(-2.74312687950489,0.860743819575659,50.2745970073454));
#3768=CARTESIAN_POINT('',(-2.74390871366665,0.858252171938254,50.2626223222753));
#3769=CARTESIAN_POINT('',(-2.74430393818264,0.856983602454088,50.2502964772486));
#3770=CARTESIAN_POINT('',(-2.74430393818264,0.856983602454088,50.23804035));
#3771=CARTESIAN_POINT('',(-2.74430393818264,0.856983602454088,50.23804035));
#3772=CARTESIAN_POINT('',(-2.74430393818264,0.856983602454088,56.01904035));
#3773=CARTESIAN_POINT('',(-2.74430393818264,0.856983602454088,55.9998253838823));
#3774=CARTESIAN_POINT('',(-2.74331898004712,0.860154904375326,55.9803455133892));
#3775=CARTESIAN_POINT('',(-2.74140188871817,0.866222075759083,55.9622146249625));
#3776=CARTESIAN_POINT('',(-2.73948488041553,0.872288984382868,55.9440845217571));
#3777=CARTESIAN_POINT('',(-2.73658054899067,0.881416965751768,55.926803432268));
#3778=CARTESIAN_POINT('',(-2.73285439179043,0.892822419785536,55.9117962901642));
#3779=CARTESIAN_POINT('',(-2.72912404771608,0.904240689489051,55.8967722853755));
#3780=CARTESIAN_POINT('',(-2.72446305853138,0.918254787506336,55.8836129121524));
#3781=CARTESIAN_POINT('',(-2.71916831217602,0.933674831007958,55.8734050235722));
#3782=CARTESIAN_POINT('',(-2.71386968260087,0.949106183723274,55.8631896484247));
#3783=CARTESIAN_POINT('',(-2.70778599747172,0.966370828868622,55.8556484973226));
#3784=CARTESIAN_POINT('',(-2.70135917077636,0.984014039768927,55.851409509335));
#3785=CARTESIAN_POINT('',(-2.6949401664324,1.00163577640176,55.8471756807917));
#3786=CARTESIAN_POINT('',(-2.68799974404935,1.02012114383212,55.8461194585132));
#3787=CARTESIAN_POINT('',(-2.68110462301414,1.03793207892045,55.8483290784011));
#3788=CARTESIAN_POINT('',(-2.67421822996071,1.05572046857177,55.850535901308));
#3789=CARTESIAN_POINT('',(-2.66718827610409,1.07332666792599,55.8560605201253));
#3790=CARTESIAN_POINT('',(-2.66064280341544,1.0893139458547,55.8644440166946));
#3791=CARTESIAN_POINT('',(-2.65409303509265,1.10531171584413,55.8728330151484));
#3792=CARTESIAN_POINT('',(-2.64785122431915,1.12013052488661,55.8843150800898));
#3793=CARTESIAN_POINT('',(-2.64251482545645,1.13258129829288,55.8979424236878));
#3794=CARTESIAN_POINT('',(-2.63717011217987,1.14505147071446,55.9115909994646));
#3795=CARTESIAN_POINT('',(-2.63259044543108,1.1554917572276,55.9277683985789));
#3796=CARTESIAN_POINT('',(-2.62923846167633,1.16306926347566,55.945137923182));
#3797=CARTESIAN_POINT('',(-2.62588636587472,1.17064702301724,55.9625080283966));
#3798=CARTESIAN_POINT('',(-2.62367302443163,1.17557181869893,55.9815506823515));
#3799=CARTESIAN_POINT('',(-2.6228297086807,1.17745034683499,56.0006854541476));
#3800=CARTESIAN_POINT('',(-2.62198769871783,1.17932596626264,56.0197905977093));
#3801=CARTESIAN_POINT('',(-2.62248916757504,1.17821679765525,56.03951474046));
#3802=CARTESIAN_POINT('',(-2.6242814032016,1.17421127434979,56.0582224157308));
#3803=CARTESIAN_POINT('',(-2.62607236192644,1.17020860483182,56.0769167624736));
#3804=CARTESIAN_POINT('',(-2.62919935042019,1.16320344236825,56.0951110604095));
#3805=CARTESIAN_POINT('',(-2.63334023956534,1.15375221892999,56.1113047292084));
#3806=CARTESIAN_POINT('',(-2.6374862482748,1.14428931052637,56.127518418956));
#3807=CARTESIAN_POINT('',(-2.64275894024131,1.13211239479008,56.1421734846288));
#3808=CARTESIAN_POINT('',(-2.64863549644646,1.11819274141972,56.154061676086));
#3809=CARTESIAN_POINT('',(-2.65451943279586,1.10425560688415,56.1659647974724));
#3810=CARTESIAN_POINT('',(-2.66116725485011,1.08818455294693,56.1754223404319));
#3811=CARTESIAN_POINT('',(-2.66795445357551,1.07128149132081,56.181648829482));
#3812=CARTESIAN_POINT('',(-2.67473703267042,1.05438993457348,56.1878710805424));
#3813=CARTESIAN_POINT('',(-2.68184364257935,1.03619964186851,56.1910379628228));
#3814=CARTESIAN_POINT('',(-2.68865624328762,1.01821049171103,56.1908849105883));
#3815=CARTESIAN_POINT('',(-2.6954582767142,1.00024924520228,56.1907320957588));
#3816=CARTESIAN_POINT('',(-2.70215484320323,0.981993362634697,56.1872657365577));
#3817=CARTESIAN_POINT('',(-2.70822205225619,0.964965447916755,56.1807744745909));
#3818=CARTESIAN_POINT('',(-2.71428923495815,0.947937607154191,56.1742832408168));
#3819=CARTESIAN_POINT('',(-2.71989691425434,0.931669665423784,56.1645891409754));
#3820=CARTESIAN_POINT('',(-2.72465831889394,0.917530405644391,56.1524934995442));
#3821=CARTESIAN_POINT('',(-2.72942709898479,0.903369244046287,56.1403791218743));
#3822=CARTESIAN_POINT('',(-2.73348260577549,0.89095441493938,56.1255217386633));
#3823=CARTESIAN_POINT('',(-2.73657752648558,0.881344678053934,56.1091476026408));
#3824=CARTESIAN_POINT('',(-2.73967459059666,0.871728285902802,56.0927621266382));
#3825=CARTESIAN_POINT('',(-2.7418989168527,0.864657245709709,56.0744046608823));
#3826=CARTESIAN_POINT('',(-2.74312687950489,0.860743819575659,56.0555970073454));
#3827=CARTESIAN_POINT('',(-2.74390871366665,0.858252171938254,56.0436223222753));
#3828=CARTESIAN_POINT('',(-2.74430393818264,0.856983602454088,56.0312964772486));
#3829=CARTESIAN_POINT('',(-2.74430393818264,0.856983602454088,56.01904035));
#3830=CARTESIAN_POINT('',(-2.74430393818264,0.856983602454088,56.01904035));
#3831=CARTESIAN_POINT('',(-2.45946985320368,1.48883613644424,50.23804035));
#3832=CARTESIAN_POINT('',(-2.45946985320368,1.48883613644424,50.2188253838823));
#3833=CARTESIAN_POINT('',(-2.45775457393555,1.49167957018476,50.1993455133892));
#3834=CARTESIAN_POINT('',(-2.4544412206464,1.49711165060985,50.1812146249625));
#3835=CARTESIAN_POINT('',(-2.45112801085354,1.50254349577979,50.1630845217571));
#3836=CARTESIAN_POINT('',(-2.44612360509657,1.51071118259529,50.145803432268));
#3837=CARTESIAN_POINT('',(-2.43977621944396,1.52089348707779,50.1307962901642));
#3838=CARTESIAN_POINT('',(-2.43342170158969,1.53108723284541,50.1157722853755));
#3839=CARTESIAN_POINT('',(-2.42554235910329,1.54357865892093,50.1026129121524));
#3840=CARTESIAN_POINT('',(-2.41671121050027,1.55728350824191,50.0924050235722));
#3841=CARTESIAN_POINT('',(-2.40787358504479,1.57099840883608,50.0821896484247));
#3842=CARTESIAN_POINT('',(-2.3978349807272,1.58630545362272,50.0746484973226));
#3843=CARTESIAN_POINT('',(-2.38737260919855,1.60189794457963,50.070409509335));
#3844=CARTESIAN_POINT('',(-2.37692297184657,1.61747145728348,50.0661756807917));
#3845=CARTESIAN_POINT('',(-2.36576038753807,1.63375872173906,50.0651194585132));
#3846=CARTESIAN_POINT('',(-2.35480319042653,1.64940199295289,50.0673290784011));
#3847=CARTESIAN_POINT('',(-2.34385986315371,1.6650254626019,50.069535901308));
#3848=CARTESIAN_POINT('',(-2.3328207476857,1.68043767972375,50.0750605201253));
#3849=CARTESIAN_POINT('',(-2.32263946849982,1.69439396226698,50.0834440166946));
#3850=CARTESIAN_POINT('',(-2.31245150758863,1.70835940397819,50.0918330151484));
#3851=CARTESIAN_POINT('',(-2.30284469936222,1.72125384227037,50.1033150800898));
#3852=CARTESIAN_POINT('',(-2.29468370144335,1.73206573499108,50.1169424236878));
#3853=CARTESIAN_POINT('',(-2.28650998822412,1.74289447325749,50.1305909994646));
#3854=CARTESIAN_POINT('',(-2.27956487416559,1.75193539802881,50.1467683985789));
#3855=CARTESIAN_POINT('',(-2.27449687702537,1.75849053349791,50.164137923182));
#3856=CARTESIAN_POINT('',(-2.26942871047706,1.76504588808571,50.1815080283966));
#3857=CARTESIAN_POINT('',(-2.26610110396369,1.76929789087759,50.2005506823515));
#3858=CARTESIAN_POINT('',(-2.26483273222705,1.77092001373097,50.2196854541476));
#3859=CARTESIAN_POINT('',(-2.26356632443414,1.77253962489325,50.2387905977093));
#3860=CARTESIAN_POINT('',(-2.26431866293981,1.77158269606244,50.25851474046));
#3861=CARTESIAN_POINT('',(-2.267017403927,1.76812247604402,50.2772224157308));
#3862=CARTESIAN_POINT('',(-2.26971422216084,1.76466472130463,50.2959167624736));
#3863=CARTESIAN_POINT('',(-2.27442679116044,1.7586114534595,50.3141110604095));
#3864=CARTESIAN_POINT('',(-2.28070917940825,1.75042584503396,50.3303047292084));
#3865=CARTESIAN_POINT('',(-2.28699933485039,1.74223011637886,50.346518418956));
#3866=CARTESIAN_POINT('',(-2.29503293864948,1.73166887746377,50.3611734846288));
#3867=CARTESIAN_POINT('',(-2.30406992390449,1.71956005587438,50.373061676086));
#3868=CARTESIAN_POINT('',(-2.31311825836685,1.70743602727478,50.3849647974724));
#3869=CARTESIAN_POINT('',(-2.32341896174291,1.693422896908,50.3944223404319));
#3870=CARTESIAN_POINT('',(-2.33405410423013,1.67863529050429,50.400648829482));
#3871=CARTESIAN_POINT('',(-2.34468200802722,1.66385774911857,50.4068710805424));
#3872=CARTESIAN_POINT('',(-2.35593533475021,1.64789675633128,50.4100379628228));
#3873=CARTESIAN_POINT('',(-2.3668550590832,1.63206070024745,50.4098849105883));
#3874=CARTESIAN_POINT('',(-2.37775784542026,1.616249208067,50.4097320957588));
#3875=CARTESIAN_POINT('',(-2.38862874052145,1.60012640152588,50.4062657365577));
#3876=CARTESIAN_POINT('',(-2.3985946942282,1.58504526522755,50.3997744745909));
#3877=CARTESIAN_POINT('',(-2.40856060465097,1.56996419442937,50.3932832408168));
#3878=CARTESIAN_POINT('',(-2.41789850826016,1.55551097501575,50.3835891409755));
#3879=CARTESIAN_POINT('',(-2.42590530148107,1.54292205514276,50.3714934995442));
#3880=CARTESIAN_POINT('',(-2.43392449728432,1.53031363493911,50.3593791218743));
#3881=CARTESIAN_POINT('',(-2.440833221493,1.51923010450466,50.3445217386633));
#3882=CARTESIAN_POINT('',(-2.44613796999842,1.51064027211377,50.3281476026408));
#3883=CARTESIAN_POINT('',(-2.45144639233082,1.50204449079655,50.3117621266382));
#3884=CARTESIAN_POINT('',(-2.45529829438941,1.49571123829593,50.2934046608823));
#3885=CARTESIAN_POINT('',(-2.45742711885357,1.4922053999108,50.2745970073454));
#3886=CARTESIAN_POINT('',(-2.45878252464504,1.48997326018714,50.2626223222753));
#3887=CARTESIAN_POINT('',(-2.45946985320368,1.48883613644424,50.2502964772486));
#3888=CARTESIAN_POINT('',(-2.45946985320368,1.48883613644424,50.23804035));
#3889=CARTESIAN_POINT('',(-2.45946985320368,1.48883613644424,50.23804035));
#3890=CARTESIAN_POINT('',(-2.45946985320368,1.48883613644424,56.01904035));
#3891=CARTESIAN_POINT('',(-2.45946985320368,1.48883613644424,55.9998253838823));
#3892=CARTESIAN_POINT('',(-2.45775457393555,1.49167957018476,55.9803455133892));
#3893=CARTESIAN_POINT('',(-2.4544412206464,1.49711165060985,55.9622146249625));
#3894=CARTESIAN_POINT('',(-2.45112801085354,1.50254349577979,55.9440845217571));
#3895=CARTESIAN_POINT('',(-2.44612360509657,1.51071118259529,55.926803432268));
#3896=CARTESIAN_POINT('',(-2.43977621944396,1.52089348707779,55.9117962901642));
#3897=CARTESIAN_POINT('',(-2.43342170158969,1.53108723284541,55.8967722853755));
#3898=CARTESIAN_POINT('',(-2.42554235910329,1.54357865892093,55.8836129121524));
#3899=CARTESIAN_POINT('',(-2.41671121050027,1.55728350824191,55.8734050235722));
#3900=CARTESIAN_POINT('',(-2.40787358504479,1.57099840883608,55.8631896484247));
#3901=CARTESIAN_POINT('',(-2.3978349807272,1.58630545362272,55.8556484973226));
#3902=CARTESIAN_POINT('',(-2.38737260919855,1.60189794457963,55.851409509335));
#3903=CARTESIAN_POINT('',(-2.37692297184657,1.61747145728348,55.8471756807917));
#3904=CARTESIAN_POINT('',(-2.36576038753807,1.63375872173906,55.8461194585132));
#3905=CARTESIAN_POINT('',(-2.35480319042653,1.64940199295289,55.8483290784011));
#3906=CARTESIAN_POINT('',(-2.34385986315371,1.6650254626019,55.850535901308));
#3907=CARTESIAN_POINT('',(-2.3328207476857,1.68043767972375,55.8560605201253));
#3908=CARTESIAN_POINT('',(-2.32263946849982,1.69439396226698,55.8644440166946));
#3909=CARTESIAN_POINT('',(-2.31245150758863,1.70835940397819,55.8728330151484));
#3910=CARTESIAN_POINT('',(-2.30284469936222,1.72125384227037,55.8843150800898));
#3911=CARTESIAN_POINT('',(-2.29468370144335,1.73206573499108,55.8979424236878));
#3912=CARTESIAN_POINT('',(-2.28650998822412,1.74289447325749,55.9115909994646));
#3913=CARTESIAN_POINT('',(-2.27956487416559,1.75193539802881,55.9277683985789));
#3914=CARTESIAN_POINT('',(-2.27449687702537,1.75849053349791,55.945137923182));
#3915=CARTESIAN_POINT('',(-2.26942871047706,1.76504588808571,55.9625080283966));
#3916=CARTESIAN_POINT('',(-2.26610110396369,1.76929789087759,55.9815506823515));
#3917=CARTESIAN_POINT('',(-2.26483273222705,1.77092001373097,56.0006854541476));
#3918=CARTESIAN_POINT('',(-2.26356632443414,1.77253962489325,56.0197905977093));
#3919=CARTESIAN_POINT('',(-2.26431866293981,1.77158269606244,56.03951474046));
#3920=CARTESIAN_POINT('',(-2.267017403927,1.76812247604402,56.0582224157308));
#3921=CARTESIAN_POINT('',(-2.26971422216084,1.76466472130463,56.0769167624736));
#3922=CARTESIAN_POINT('',(-2.27442679116044,1.7586114534595,56.0951110604095));
#3923=CARTESIAN_POINT('',(-2.28070917940825,1.75042584503396,56.1113047292084));
#3924=CARTESIAN_POINT('',(-2.28699933485039,1.74223011637886,56.127518418956));
#3925=CARTESIAN_POINT('',(-2.29503293864948,1.73166887746377,56.1421734846288));
#3926=CARTESIAN_POINT('',(-2.30406992390449,1.71956005587438,56.154061676086));
#3927=CARTESIAN_POINT('',(-2.31311825836685,1.70743602727478,56.1659647974724));
#3928=CARTESIAN_POINT('',(-2.32341896174291,1.693422896908,56.1754223404319));
#3929=CARTESIAN_POINT('',(-2.33405410423013,1.67863529050429,56.181648829482));
#3930=CARTESIAN_POINT('',(-2.34468200802722,1.66385774911857,56.1878710805424));
#3931=CARTESIAN_POINT('',(-2.35593533475021,1.64789675633128,56.1910379628228));
#3932=CARTESIAN_POINT('',(-2.3668550590832,1.63206070024745,56.1908849105883));
#3933=CARTESIAN_POINT('',(-2.37775784542026,1.616249208067,56.1907320957588));
#3934=CARTESIAN_POINT('',(-2.38862874052145,1.60012640152588,56.1872657365577));
#3935=CARTESIAN_POINT('',(-2.3985946942282,1.58504526522755,56.1807744745909));
#3936=CARTESIAN_POINT('',(-2.40856060465097,1.56996419442937,56.1742832408168));
#3937=CARTESIAN_POINT('',(-2.41789850826016,1.55551097501575,56.1645891409754));
#3938=CARTESIAN_POINT('',(-2.42590530148107,1.54292205514276,56.1524934995442));
#3939=CARTESIAN_POINT('',(-2.43392449728432,1.53031363493911,56.1403791218743));
#3940=CARTESIAN_POINT('',(-2.440833221493,1.51923010450466,56.1255217386633));
#3941=CARTESIAN_POINT('',(-2.44613796999842,1.51064027211377,56.1091476026408));
#3942=CARTESIAN_POINT('',(-2.45144639233082,1.50204449079655,56.0927621266382));
#3943=CARTESIAN_POINT('',(-2.45529829438941,1.49571123829593,56.0744046608823));
#3944=CARTESIAN_POINT('',(-2.45742711885357,1.4922053999108,56.0555970073454));
#3945=CARTESIAN_POINT('',(-2.45878252464504,1.48997326018714,56.0436223222753));
#3946=CARTESIAN_POINT('',(-2.45946985320368,1.48883613644424,56.0312964772486));
#3947=CARTESIAN_POINT('',(-2.45946985320368,1.48883613644424,56.01904035));
#3948=CARTESIAN_POINT('',(-2.45946985320368,1.48883613644424,56.01904035));
#3949=CARTESIAN_POINT('',(-2.03170032016569,2.03416292588342,50.23804035));
#3950=CARTESIAN_POINT('',(-2.03170032016569,2.03416292588342,50.2188253838823));
#3951=CARTESIAN_POINT('',(-2.02935440556123,2.03651324140967,50.1993455133892));
#3952=CARTESIAN_POINT('',(-2.02483735036149,2.04099453810661,50.1812146249625));
#3953=CARTESIAN_POINT('',(-2.02032049078855,2.04547564072539,50.1630845217571));
#3954=CARTESIAN_POINT('',(-2.0135068485718,2.0522083567181,50.145803432268));
#3955=CARTESIAN_POINT('',(-2.00490712144914,2.06057575312398,50.1307962901642));
#3956=CARTESIAN_POINT('',(-1.99629773129489,2.06895255150445,50.1157722853755));
#3957=CARTESIAN_POINT('',(-1.98565795425186,2.07919534935917,50.1026129121524));
#3958=CARTESIAN_POINT('',(-1.97380363765807,2.09038852847209,50.0924050235722));
#3959=CARTESIAN_POINT('',(-1.96194062699027,2.1015899167742,50.0821896484247));
#3960=CARTESIAN_POINT('',(-1.94853051067833,2.11404977139798,50.0746484973226));
#3961=CARTESIAN_POINT('',(-1.93464062932047,2.12668536351348,50.070409509335));
#3962=CARTESIAN_POINT('',(-1.92076765390048,2.13930557633741,50.0661756807917));
#3963=CARTESIAN_POINT('',(-1.9060316364922,2.15244818120986,50.0651194585132));
#3964=CARTESIAN_POINT('',(-1.89164915577265,2.16501465848723,50.0673290784011));
#3965=CARTESIAN_POINT('',(-1.87728488068417,2.17756522886692,50.069535901308));
#3966=CARTESIAN_POINT('',(-1.86287815687022,2.1898877617184,50.0750605201253));
#3967=CARTESIAN_POINT('',(-1.84965277012594,2.20100196046377,50.0834440166946));
#3968=CARTESIAN_POINT('',(-1.83641870388278,2.21212345318682,50.0918330151484));
#3969=CARTESIAN_POINT('',(-1.82400521097826,2.22234414284452,50.1033150800898));
#3970=CARTESIAN_POINT('',(-1.81349390153824,2.23088880697438,50.1169424236878));
#3971=CARTESIAN_POINT('',(-1.80296621487841,2.23944678417845,50.1305909994646));
#3972=CARTESIAN_POINT('',(-1.79405927829478,2.24656292152265,50.1467683985789));
#3973=CARTESIAN_POINT('',(-1.78756980134146,2.25171472556627,50.164137923182));
#3974=CARTESIAN_POINT('',(-1.7810801074642,2.2568667018194,50.1815080283966));
#3975=CARTESIAN_POINT('',(-1.77683162427574,2.26019880077461,50.2005506823515));
#3976=CARTESIAN_POINT('',(-1.77521190970838,2.26147024646124,50.2196854541476));
#3977=CARTESIAN_POINT('',(-1.77359470310314,2.26273972344445,50.2387905977093));
#3978=CARTESIAN_POINT('',(-1.77455418807798,2.26199064761558,50.25851474046));
#3979=CARTESIAN_POINT('',(-1.77800259340913,2.25927682629428,50.2772224157308));
#3980=CARTESIAN_POINT('',(-1.78144854187877,2.2565649384705,50.2959167624736));
#3981=CARTESIAN_POINT('',(-1.78747281400346,2.25181535916822,50.3141110604095));
#3982=CARTESIAN_POINT('',(-1.79553159178451,2.24537108356363,50.3303047292084));
#3983=CARTESIAN_POINT('',(-1.80360033298881,2.23891884061622,50.346518418956));
#3984=CARTESIAN_POINT('',(-1.81392796476864,2.23058705933954,50.3611734846288));
#3985=CARTESIAN_POINT('',(-1.8256001823386,2.2209927902281,50.373061676086));
#3986=CARTESIAN_POINT('',(-1.83728705860432,2.21138647203764,50.3849647974724));
#3987=CARTESIAN_POINT('',(-1.85064200386351,2.20024565744257,50.3944223404319));
#3988=CARTESIAN_POINT('',(-1.86450701428836,2.18843290819469,50.400648829482));
#3989=CARTESIAN_POINT('',(-1.8783625876498,2.17662819916173,50.4068710805424));
#3990=CARTESIAN_POINT('',(-1.89310862874189,2.16382410117707,50.4100379628228));
#3991=CARTESIAN_POINT('',(-1.90750086201295,2.15106147318476,50.4098849105883));
#3992=CARTESIAN_POINT('',(-1.92187077094861,2.1383186417857,50.4097320957588));
#3993=CARTESIAN_POINT('',(-1.93628421775278,2.12526591018319,50.4062657365577));
#3994=CARTESIAN_POINT('',(-1.94956973110863,2.11300801312843,50.3997744745909));
#3995=CARTESIAN_POINT('',(-1.96285518676305,2.10075016931198,50.3932832408168));
#3996=CARTESIAN_POINT('',(-1.97538062966938,2.08895164079214,50.3835891409755));
#3997=CARTESIAN_POINT('',(-1.98616748575312,2.0786446830897,50.3714934995442));
#3998=CARTESIAN_POINT('',(-1.99697105075727,2.06832175983301,50.3593791218743));
#3999=CARTESIAN_POINT('',(-2.00633148244511,2.05921366257286,50.3445217386633));
#4000=CARTESIAN_POINT('',(-2.01353776604469,2.05214294451232,50.3281476026408));
#4001=CARTESIAN_POINT('',(-2.02074904038778,2.04506732959478,50.3117621266382));
#4002=CARTESIAN_POINT('',(-2.02600465970238,2.03983993040154,50.2934046608823));
#4003=CARTESIAN_POINT('',(-2.02891062643862,2.03694542634907,50.2745970073454));
#4004=CARTESIAN_POINT('',(-2.03076083260189,2.03510251838639,50.2626223222753));
#4005=CARTESIAN_POINT('',(-2.03170032016569,2.03416292588342,50.2502964772486));
#4006=CARTESIAN_POINT('',(-2.03170032016569,2.03416292588342,50.23804035));
#4007=CARTESIAN_POINT('',(-2.03170032016569,2.03416292588342,50.23804035));
#4008=CARTESIAN_POINT('',(-2.03170032016569,2.03416292588342,56.01904035));
#4009=CARTESIAN_POINT('',(-2.03170032016569,2.03416292588342,55.9998253838823));
#4010=CARTESIAN_POINT('',(-2.02935440556123,2.03651324140967,55.9803455133892));
#4011=CARTESIAN_POINT('',(-2.02483735036149,2.04099453810661,55.9622146249625));
#4012=CARTESIAN_POINT('',(-2.02032049078855,2.04547564072539,55.9440845217571));
#4013=CARTESIAN_POINT('',(-2.0135068485718,2.0522083567181,55.926803432268));
#4014=CARTESIAN_POINT('',(-2.00490712144914,2.06057575312398,55.9117962901642));
#4015=CARTESIAN_POINT('',(-1.99629773129489,2.06895255150445,55.8967722853755));
#4016=CARTESIAN_POINT('',(-1.98565795425186,2.07919534935917,55.8836129121524));
#4017=CARTESIAN_POINT('',(-1.97380363765807,2.09038852847209,55.8734050235722));
#4018=CARTESIAN_POINT('',(-1.96194062699027,2.1015899167742,55.8631896484247));
#4019=CARTESIAN_POINT('',(-1.94853051067833,2.11404977139798,55.8556484973226));
#4020=CARTESIAN_POINT('',(-1.93464062932047,2.12668536351348,55.851409509335));
#4021=CARTESIAN_POINT('',(-1.92076765390048,2.13930557633741,55.8471756807917));
#4022=CARTESIAN_POINT('',(-1.9060316364922,2.15244818120986,55.8461194585132));
#4023=CARTESIAN_POINT('',(-1.89164915577265,2.16501465848723,55.8483290784011));
#4024=CARTESIAN_POINT('',(-1.87728488068417,2.17756522886692,55.850535901308));
#4025=CARTESIAN_POINT('',(-1.86287815687022,2.1898877617184,55.8560605201253));
#4026=CARTESIAN_POINT('',(-1.84965277012594,2.20100196046377,55.8644440166946));
#4027=CARTESIAN_POINT('',(-1.83641870388278,2.21212345318682,55.8728330151484));
#4028=CARTESIAN_POINT('',(-1.82400521097826,2.22234414284452,55.8843150800898));
#4029=CARTESIAN_POINT('',(-1.81349390153824,2.23088880697438,55.8979424236878));
#4030=CARTESIAN_POINT('',(-1.80296621487841,2.23944678417845,55.9115909994646));
#4031=CARTESIAN_POINT('',(-1.79405927829478,2.24656292152265,55.9277683985789));
#4032=CARTESIAN_POINT('',(-1.78756980134146,2.25171472556627,55.945137923182));
#4033=CARTESIAN_POINT('',(-1.7810801074642,2.2568667018194,55.9625080283966));
#4034=CARTESIAN_POINT('',(-1.77683162427574,2.26019880077461,55.9815506823515));
#4035=CARTESIAN_POINT('',(-1.77521190970838,2.26147024646124,56.0006854541476));
#4036=CARTESIAN_POINT('',(-1.77359470310314,2.26273972344445,56.0197905977093));
#4037=CARTESIAN_POINT('',(-1.77455418807798,2.26199064761558,56.03951474046));
#4038=CARTESIAN_POINT('',(-1.77800259340913,2.25927682629428,56.0582224157308));
#4039=CARTESIAN_POINT('',(-1.78144854187877,2.2565649384705,56.0769167624736));
#4040=CARTESIAN_POINT('',(-1.78747281400346,2.25181535916822,56.0951110604095));
#4041=CARTESIAN_POINT('',(-1.79553159178451,2.24537108356363,56.1113047292084));
#4042=CARTESIAN_POINT('',(-1.80360033298881,2.23891884061622,56.127518418956));
#4043=CARTESIAN_POINT('',(-1.81392796476864,2.23058705933954,56.1421734846288));
#4044=CARTESIAN_POINT('',(-1.8256001823386,2.2209927902281,56.154061676086));
#4045=CARTESIAN_POINT('',(-1.83728705860432,2.21138647203764,56.1659647974724));
#4046=CARTESIAN_POINT('',(-1.85064200386351,2.20024565744257,56.1754223404319));
#4047=CARTESIAN_POINT('',(-1.86450701428836,2.18843290819469,56.181648829482));
#4048=CARTESIAN_POINT('',(-1.8783625876498,2.17662819916173,56.1878710805424));
#4049=CARTESIAN_POINT('',(-1.89310862874189,2.16382410117707,56.1910379628228));
#4050=CARTESIAN_POINT('',(-1.90750086201295,2.15106147318476,56.1908849105883));
#4051=CARTESIAN_POINT('',(-1.92187077094861,2.1383186417857,56.1907320957588));
#4052=CARTESIAN_POINT('',(-1.93628421775278,2.12526591018319,56.1872657365577));
#4053=CARTESIAN_POINT('',(-1.94956973110863,2.11300801312843,56.1807744745909));
#4054=CARTESIAN_POINT('',(-1.96285518676305,2.10075016931198,56.1742832408168));
#4055=CARTESIAN_POINT('',(-1.97538062966938,2.08895164079214,56.1645891409754));
#4056=CARTESIAN_POINT('',(-1.98616748575312,2.0786446830897,56.1524934995442));
#4057=CARTESIAN_POINT('',(-1.99697105075727,2.06832175983301,56.1403791218743));
#4058=CARTESIAN_POINT('',(-2.00633148244511,2.05921366257286,56.1255217386633));
#4059=CARTESIAN_POINT('',(-2.01353776604469,2.05214294451232,56.1091476026408));
#4060=CARTESIAN_POINT('',(-2.02074904038778,2.04506732959478,56.0927621266382));
#4061=CARTESIAN_POINT('',(-2.02600465970238,2.03983993040154,56.0744046608823));
#4062=CARTESIAN_POINT('',(-2.02891062643862,2.03694542634907,56.0555970073454));
#4063=CARTESIAN_POINT('',(-2.03076083260189,2.03510251838639,56.0436223222753));
#4064=CARTESIAN_POINT('',(-2.03170032016569,2.03416292588342,56.0312964772486));
#4065=CARTESIAN_POINT('',(-2.03170032016569,2.03416292588342,56.01904035));
#4066=CARTESIAN_POINT('',(-2.03170032016569,2.03416292588342,56.01904035));
#4067=CARTESIAN_POINT('',(-1.48585574944985,2.46127155995164,50.23804035));
#4068=CARTESIAN_POINT('',(-1.48585574944985,2.46127155995164,50.2188253838823));
#4069=CARTESIAN_POINT('',(-1.48301553553882,2.4629921654683,50.1993455133892));
#4070=CARTESIAN_POINT('',(-1.47755729325788,2.46626224176189,50.1812146249625));
#4071=CARTESIAN_POINT('',(-1.47209928736512,2.46953217643346,50.1630845217571));
#4072=CARTESIAN_POINT('',(-1.46387239280764,2.47443864062231,50.145803432268));
#4073=CARTESIAN_POINT('',(-1.45352010909656,2.48050484628671,50.1307962901642));
#4074=CARTESIAN_POINT('',(-1.44315619310424,2.48657786820658,50.1157722853755));
#4075=CARTESIAN_POINT('',(-1.43037432667231,2.49397676366025,50.1026129121524));
#4076=CARTESIAN_POINT('',(-1.41618577187949,2.5020077656806,50.0924050235722));
#4077=CARTESIAN_POINT('',(-1.40198681105909,2.51004465771793,50.0821896484247));
#4078=CARTESIAN_POINT('',(-1.38598452996906,2.51893320071784,50.0746484973226));
#4079=CARTESIAN_POINT('',(-1.36947436819884,2.52787755930669,50.070409509335));
#4080=CARTESIAN_POINT('',(-1.35298430161604,2.53681103135398,50.0661756807917));
#4081=CARTESIAN_POINT('',(-1.3355312548765,2.54604517621953,50.0651194585132));
#4082=CARTESIAN_POINT('',(-1.31855934805019,2.55480454157836,50.0673290784011));
#4083=CARTESIAN_POINT('',(-1.30160892460216,2.56355281915775,50.069535901308));
#4084=CARTESIAN_POINT('',(-1.28467185886404,2.57206952692012,50.0750605201253));
#4085=CARTESIAN_POINT('',(-1.26917097596661,2.57969572503501,50.0834440166946));
#4086=CARTESIAN_POINT('',(-1.25365992021765,2.58732692803781,50.0918330151484));
#4087=CARTESIAN_POINT('',(-1.23916116972142,2.59427987972883,50.1033150800898));
#4088=CARTESIAN_POINT('',(-1.22691042785785,2.6000607304472,50.1169424236878));
#4089=CARTESIAN_POINT('',(-1.21464059863952,2.6058505880608,50.1305909994646));
#4090=CARTESIAN_POINT('',(-1.20428947830961,2.61062837394156,50.1467683985789));
#4091=CARTESIAN_POINT('',(-1.19675566635544,2.61407744243473,50.164137923182));
#4092=CARTESIAN_POINT('',(-1.18922160256831,2.61752662622002,50.1815080283966));
#4093=CARTESIAN_POINT('',(-1.18429914910505,2.61974517185898,50.2005506823515));
#4094=CARTESIAN_POINT('',(-1.18242222363021,2.62059204857707,50.2196854541476));
#4095=CARTESIAN_POINT('',(-1.18054820438223,2.6214376139933,50.2387905977093));
#4096=CARTESIAN_POINT('',(-1.18165907404709,2.62093992473075,50.25851474046));
#4097=CARTESIAN_POINT('',(-1.18565673493879,2.61913021953744,50.2772224157308));
#4098=CARTESIAN_POINT('',(-1.18965154764468,2.61732180369228,50.2959167624736));
#4099=CARTESIAN_POINT('',(-1.19663741409591,2.61415194121788,50.3141110604095));
#4100=CARTESIAN_POINT('',(-1.20600423453805,2.60982351630839,50.3303047292084));
#4101=CARTESIAN_POINT('',(-1.21538263559439,2.60548973997582,50.346518418956));
#4102=CARTESIAN_POINT('',(-1.22740409093534,2.59987162918055,50.3611734846288));
#4103=CARTESIAN_POINT('',(-1.24103319396186,2.59334949659408,50.373061676086));
#4104=CARTESIAN_POINT('',(-1.25467941326244,2.58681917310844,50.3849647974724));
#4105=CARTESIAN_POINT('',(-1.27031245952955,2.57919813793412,50.3944223404319));
#4106=CARTESIAN_POINT('',(-1.2866015538834,2.57104675989076,50.400648829482));
#4107=CARTESIAN_POINT('',(-1.30287956124838,2.56290092999119,50.4068710805424));
#4108=CARTESIAN_POINT('',(-1.32026133040097,2.55399785444303,50.4100379628228));
#4109=CARTESIAN_POINT('',(-1.33728964832603,2.54505037209089,50.4098849105883));
#4110=CARTESIAN_POINT('',(-1.35429155298544,2.53611676851582,50.4097320957588));
#4111=CARTESIAN_POINT('',(-1.37140989435507,2.52689268916792,50.4062657365577));
#4112=CARTESIAN_POINT('',(-1.38724286161468,2.51817041577791,50.3997744745909));
#4113=CARTESIAN_POINT('',(-1.40307576010878,2.50944818027034,50.3932832408168));
#4114=CARTESIAN_POINT('',(-1.41806080909865,2.50099003023596,50.3835891409755));
#4115=CARTESIAN_POINT('',(-1.43100083517825,2.49356403762147,50.3714934995442));
#4116=CARTESIAN_POINT('',(-1.44396090545463,2.48612654208911,50.3593791218743));
#4117=CARTESIAN_POINT('',(-1.45522905035573,2.47952320750945,50.3445217386633));
#4118=CARTESIAN_POINT('',(-1.46391806604044,2.47438252821191,50.3281476026408));
#4119=CARTESIAN_POINT('',(-1.4726130993413,2.46923828871425,50.3117621266382));
#4120=CARTESIAN_POINT('',(-1.47896699842075,2.46542054026867,50.2934046608823));
#4121=CARTESIAN_POINT('',(-1.48248122320511,2.4633055886033,50.2745970073454));
#4122=CARTESIAN_POINT('',(-1.4847187024832,2.4619590155137,50.2626223222753));
#4123=CARTESIAN_POINT('',(-1.48585574944985,2.46127155995164,50.2502964772486));
#4124=CARTESIAN_POINT('',(-1.48585574944985,2.46127155995164,50.23804035));
#4125=CARTESIAN_POINT('',(-1.48585574944985,2.46127155995164,50.23804035));
#4126=CARTESIAN_POINT('',(-1.48585574944985,2.46127155995164,56.01904035));
#4127=CARTESIAN_POINT('',(-1.48585574944985,2.46127155995164,55.9998253838823));
#4128=CARTESIAN_POINT('',(-1.48301553553882,2.4629921654683,55.9803455133892));
#4129=CARTESIAN_POINT('',(-1.47755729325788,2.46626224176189,55.9622146249625));
#4130=CARTESIAN_POINT('',(-1.47209928736512,2.46953217643346,55.9440845217571));
#4131=CARTESIAN_POINT('',(-1.46387239280764,2.47443864062231,55.926803432268));
#4132=CARTESIAN_POINT('',(-1.45352010909656,2.48050484628671,55.9117962901642));
#4133=CARTESIAN_POINT('',(-1.44315619310424,2.48657786820658,55.8967722853755));
#4134=CARTESIAN_POINT('',(-1.43037432667231,2.49397676366025,55.8836129121524));
#4135=CARTESIAN_POINT('',(-1.41618577187949,2.5020077656806,55.8734050235722));
#4136=CARTESIAN_POINT('',(-1.40198681105909,2.51004465771793,55.8631896484247));
#4137=CARTESIAN_POINT('',(-1.38598452996906,2.51893320071784,55.8556484973226));
#4138=CARTESIAN_POINT('',(-1.36947436819884,2.52787755930669,55.851409509335));
#4139=CARTESIAN_POINT('',(-1.35298430161604,2.53681103135398,55.8471756807917));
#4140=CARTESIAN_POINT('',(-1.3355312548765,2.54604517621953,55.8461194585132));
#4141=CARTESIAN_POINT('',(-1.31855934805019,2.55480454157836,55.8483290784011));
#4142=CARTESIAN_POINT('',(-1.30160892460216,2.56355281915775,55.850535901308));
#4143=CARTESIAN_POINT('',(-1.28467185886404,2.57206952692012,55.8560605201253));
#4144=CARTESIAN_POINT('',(-1.26917097596661,2.57969572503501,55.8644440166946));
#4145=CARTESIAN_POINT('',(-1.25365992021765,2.58732692803781,55.8728330151484));
#4146=CARTESIAN_POINT('',(-1.23916116972142,2.59427987972883,55.8843150800898));
#4147=CARTESIAN_POINT('',(-1.22691042785785,2.6000607304472,55.8979424236878));
#4148=CARTESIAN_POINT('',(-1.21464059863952,2.6058505880608,55.9115909994646));
#4149=CARTESIAN_POINT('',(-1.20428947830961,2.61062837394156,55.9277683985789));
#4150=CARTESIAN_POINT('',(-1.19675566635544,2.61407744243473,55.945137923182));
#4151=CARTESIAN_POINT('',(-1.18922160256831,2.61752662622002,55.9625080283966));
#4152=CARTESIAN_POINT('',(-1.18429914910505,2.61974517185898,55.9815506823515));
#4153=CARTESIAN_POINT('',(-1.18242222363021,2.62059204857707,56.0006854541476));
#4154=CARTESIAN_POINT('',(-1.18054820438223,2.6214376139933,56.0197905977093));
#4155=CARTESIAN_POINT('',(-1.18165907404709,2.62093992473075,56.03951474046));
#4156=CARTESIAN_POINT('',(-1.18565673493879,2.61913021953744,56.0582224157308));
#4157=CARTESIAN_POINT('',(-1.18965154764468,2.61732180369228,56.0769167624736));
#4158=CARTESIAN_POINT('',(-1.19663741409591,2.61415194121788,56.0951110604095));
#4159=CARTESIAN_POINT('',(-1.20600423453805,2.60982351630839,56.1113047292084));
#4160=CARTESIAN_POINT('',(-1.21538263559439,2.60548973997582,56.127518418956));
#4161=CARTESIAN_POINT('',(-1.22740409093534,2.59987162918055,56.1421734846288));
#4162=CARTESIAN_POINT('',(-1.24103319396186,2.59334949659408,56.154061676086));
#4163=CARTESIAN_POINT('',(-1.25467941326244,2.58681917310844,56.1659647974724));
#4164=CARTESIAN_POINT('',(-1.27031245952955,2.57919813793412,56.1754223404319));
#4165=CARTESIAN_POINT('',(-1.2866015538834,2.57104675989076,56.181648829482));
#4166=CARTESIAN_POINT('',(-1.30287956124838,2.56290092999119,56.1878710805424));
#4167=CARTESIAN_POINT('',(-1.32026133040097,2.55399785444303,56.1910379628228));
#4168=CARTESIAN_POINT('',(-1.33728964832603,2.54505037209089,56.1908849105883));
#4169=CARTESIAN_POINT('',(-1.35429155298544,2.53611676851582,56.1907320957588));
#4170=CARTESIAN_POINT('',(-1.37140989435507,2.52689268916792,56.1872657365577));
#4171=CARTESIAN_POINT('',(-1.38724286161468,2.51817041577791,56.1807744745909));
#4172=CARTESIAN_POINT('',(-1.40307576010878,2.50944818027034,56.1742832408168));
#4173=CARTESIAN_POINT('',(-1.41806080909865,2.50099003023596,56.1645891409754));
#4174=CARTESIAN_POINT('',(-1.43100083517825,2.49356403762147,56.1524934995442));
#4175=CARTESIAN_POINT('',(-1.44396090545463,2.48612654208911,56.1403791218743));
#4176=CARTESIAN_POINT('',(-1.45522905035573,2.47952320750945,56.1255217386633));
#4177=CARTESIAN_POINT('',(-1.46391806604044,2.47438252821191,56.1091476026408));
#4178=CARTESIAN_POINT('',(-1.4726130993413,2.46923828871425,56.0927621266382));
#4179=CARTESIAN_POINT('',(-1.47896699842075,2.46542054026867,56.0744046608823));
#4180=CARTESIAN_POINT('',(-1.48248122320511,2.4633055886033,56.0555970073454));
#4181=CARTESIAN_POINT('',(-1.4847187024832,2.4619590155137,56.0436223222753));
#4182=CARTESIAN_POINT('',(-1.48585574944985,2.46127155995164,56.0312964772486));
#4183=CARTESIAN_POINT('',(-1.48585574944985,2.46127155995164,56.01904035));
#4184=CARTESIAN_POINT('',(-1.48585574944985,2.46127155995164,56.01904035));
#4185=CARTESIAN_POINT('',(-0.853658643441893,2.74534003731358,50.23804035));
#4186=CARTESIAN_POINT('',(-0.853658643441893,2.74534003731358,50.2188253838823));
#4187=CARTESIAN_POINT('',(-0.850489193133043,2.74633093748216,50.1993455133892));
#4188=CARTESIAN_POINT('',(-0.844406976972359,2.74819974842448,50.1812146249625));
#4189=CARTESIAN_POINT('',(-0.838325024223214,2.75006847843144,50.1630845217571));
#4190=CARTESIAN_POINT('',(-0.829162994533142,2.75286354495206,50.145803432268));
#4191=CARTESIAN_POINT('',(-0.817659791333924,2.75627601405152,50.1307962901642));
#4192=CARTESIAN_POINT('',(-0.806143662629697,2.75969231755134,50.1157722853755));
#4193=CARTESIAN_POINT('',(-0.791962542425695,2.76381731369408,50.1026129121524));
#4194=CARTESIAN_POINT('',(-0.776264336665118,2.76821940597595,50.0924050235722));
#4195=CARTESIAN_POINT('',(-0.76055461768387,2.7726247267962,50.0821896484247));
#4196=CARTESIAN_POINT('',(-0.742890166226787,2.77742538836163,50.0746484973226));
#4197=CARTESIAN_POINT('',(-0.724719234634292,2.78215869981406,50.070409509335));
#4198=CARTESIAN_POINT('',(-0.706570419619521,2.78688625016117,50.0661756807917));
#4199=CARTESIAN_POINT('',(-0.687414651185984,2.791675280085,50.0651194585132));
#4200=CARTESIAN_POINT('',(-0.668839663787268,2.79611847104963,50.0673290784011));
#4201=CARTESIAN_POINT('',(-0.650288188978216,2.80055603773449,50.069535901308));
#4202=CARTESIAN_POINT('',(-0.631805102012885,2.80477196030956,50.0750605201253));
#4203=CARTESIAN_POINT('',(-0.614929577932893,2.80846695087965,50.0834440166946));
#4204=CARTESIAN_POINT('',(-0.598042978857875,2.81216436638197,50.0918330151484));
#4205=CARTESIAN_POINT('',(-0.582301585447963,2.81544549982698,50.1033150800898));
#4206=CARTESIAN_POINT('',(-0.569023379748312,2.81812657510265,50.1169424236878));
#4207=CARTESIAN_POINT('',(-0.555724485846632,2.82081182764656,50.1305909994646));
#4208=CARTESIAN_POINT('',(-0.544530751259242,2.82297359451502,50.1467683985789));
#4209=CARTESIAN_POINT('',(-0.536390442070688,2.82451948013378,50.164137923182));
#4210=CARTESIAN_POINT('',(-0.528249860775781,2.8260654174269,50.1815080283966));
#4211=CARTESIAN_POINT('',(-0.522939512140636,2.82704147594115,50.2005506823515));
#4212=CARTESIAN_POINT('',(-0.520914455844562,2.82741456629412,50.2196854541476));
#4213=CARTESIAN_POINT('',(-0.518892535140753,2.82778707895488,50.2387905977093));
#4214=CARTESIAN_POINT('',(-0.520090229788547,2.82756970014958,50.25851474046));
#4215=CARTESIAN_POINT('',(-0.524404816720695,2.82676928457207,50.2772224157308));
#4216=CARTESIAN_POINT('',(-0.528716329668921,2.82596943926112,50.2959167624736));
#4217=CARTESIAN_POINT('',(-0.536257797281129,2.82456351449964,50.3141110604095));
#4218=CARTESIAN_POINT('',(-0.546388294827257,2.8226024926078,50.3303047292084));
#4219=CARTESIAN_POINT('',(-0.556531317155354,2.82063904621789,50.346518418956));
#4220=CARTESIAN_POINT('',(-0.569547952769212,2.81806111008246,50.3611734846288));
#4221=CARTESIAN_POINT('',(-0.584341867324175,2.81499015665989,50.373061676086));
#4222=CARTESIAN_POINT('',(-0.599154360995852,2.81191534654329,50.3849647974724));
#4223=CARTESIAN_POINT('',(-0.616156972445646,2.80825699765272,50.3944223404319));
#4224=CARTESIAN_POINT('',(-0.633923487773104,2.80424071927671,50.400648829482));
#4225=CARTESIAN_POINT('',(-0.651677910521723,2.80022717453541,50.4068710805424));
#4226=CARTESIAN_POINT('',(-0.67068524249183,2.79574253581324,50.4100379628228));
#4227=CARTESIAN_POINT('',(-0.689360021128501,2.7911301942528,50.4098849105883));
#4228=CARTESIAN_POINT('',(-0.708005832612259,2.78652500706918,50.4097320957588));
#4229=CARTESIAN_POINT('',(-0.726834212769591,2.78166564993942,50.4062657365577));
#4230=CARTESIAN_POINT('',(-0.744294479426308,2.77698590703941,50.3997744745909));
#4231=CARTESIAN_POINT('',(-0.761754670249862,2.77230618446438,50.3932832408168));
#4232=CARTESIAN_POINT('',(-0.778328448744429,2.76767996985134,50.3835891409755));
#4233=CARTESIAN_POINT('',(-0.792669617539226,2.76356651402317,50.3714934995442));
#4234=CARTESIAN_POINT('',(-0.807033000911303,2.75944668642129,50.3593791218743));
#4235=CARTESIAN_POINT('',(-0.819553995402039,2.75573187632573,50.3445217386633));
#4236=CARTESIAN_POINT('',(-0.829220769163575,2.75281999338637,50.3281476026408));
#4237=CARTESIAN_POINT('',(-0.838894237691936,2.74990609380963,50.3117621266382));
#4238=CARTESIAN_POINT('',(-0.845977151017219,2.74771986977442,50.2934046608823));
#4239=CARTESIAN_POINT('',(-0.84989539987892,2.7465073837994,50.2745970073454));
#4240=CARTESIAN_POINT('',(-0.852390118109087,2.74573540351625,50.2626223222753));
#4241=CARTESIAN_POINT('',(-0.853658643441893,2.74534003731358,50.2502964772486));
#4242=CARTESIAN_POINT('',(-0.853658643441893,2.74534003731358,50.23804035));
#4243=CARTESIAN_POINT('',(-0.853658643441893,2.74534003731358,50.23804035));
#4244=CARTESIAN_POINT('',(-0.853658643441893,2.74534003731358,56.01904035));
#4245=CARTESIAN_POINT('',(-0.853658643441893,2.74534003731358,55.9998253838823));
#4246=CARTESIAN_POINT('',(-0.850489193133043,2.74633093748216,55.9803455133892));
#4247=CARTESIAN_POINT('',(-0.844406976972359,2.74819974842448,55.9622146249625));
#4248=CARTESIAN_POINT('',(-0.838325024223214,2.75006847843144,55.9440845217571));
#4249=CARTESIAN_POINT('',(-0.829162994533142,2.75286354495206,55.926803432268));
#4250=CARTESIAN_POINT('',(-0.817659791333924,2.75627601405152,55.9117962901642));
#4251=CARTESIAN_POINT('',(-0.806143662629697,2.75969231755134,55.8967722853755));
#4252=CARTESIAN_POINT('',(-0.791962542425695,2.76381731369408,55.8836129121524));
#4253=CARTESIAN_POINT('',(-0.776264336665118,2.76821940597595,55.8734050235722));
#4254=CARTESIAN_POINT('',(-0.76055461768387,2.7726247267962,55.8631896484247));
#4255=CARTESIAN_POINT('',(-0.742890166226787,2.77742538836163,55.8556484973226));
#4256=CARTESIAN_POINT('',(-0.724719234634292,2.78215869981406,55.851409509335));
#4257=CARTESIAN_POINT('',(-0.706570419619521,2.78688625016117,55.8471756807917));
#4258=CARTESIAN_POINT('',(-0.687414651185984,2.791675280085,55.8461194585132));
#4259=CARTESIAN_POINT('',(-0.668839663787268,2.79611847104963,55.8483290784011));
#4260=CARTESIAN_POINT('',(-0.650288188978216,2.80055603773449,55.850535901308));
#4261=CARTESIAN_POINT('',(-0.631805102012885,2.80477196030956,55.8560605201253));
#4262=CARTESIAN_POINT('',(-0.614929577932893,2.80846695087965,55.8644440166946));
#4263=CARTESIAN_POINT('',(-0.598042978857875,2.81216436638197,55.8728330151484));
#4264=CARTESIAN_POINT('',(-0.582301585447963,2.81544549982698,55.8843150800898));
#4265=CARTESIAN_POINT('',(-0.569023379748312,2.81812657510265,55.8979424236878));
#4266=CARTESIAN_POINT('',(-0.555724485846632,2.82081182764656,55.9115909994646));
#4267=CARTESIAN_POINT('',(-0.544530751259242,2.82297359451502,55.9277683985789));
#4268=CARTESIAN_POINT('',(-0.536390442070688,2.82451948013378,55.945137923182));
#4269=CARTESIAN_POINT('',(-0.528249860775781,2.8260654174269,55.9625080283966));
#4270=CARTESIAN_POINT('',(-0.522939512140636,2.82704147594115,55.9815506823515));
#4271=CARTESIAN_POINT('',(-0.520914455844562,2.82741456629412,56.0006854541476));
#4272=CARTESIAN_POINT('',(-0.518892535140753,2.82778707895488,56.0197905977093));
#4273=CARTESIAN_POINT('',(-0.520090229788547,2.82756970014958,56.03951474046));
#4274=CARTESIAN_POINT('',(-0.524404816720695,2.82676928457207,56.0582224157308));
#4275=CARTESIAN_POINT('',(-0.528716329668921,2.82596943926112,56.0769167624736));
#4276=CARTESIAN_POINT('',(-0.536257797281129,2.82456351449964,56.0951110604095));
#4277=CARTESIAN_POINT('',(-0.546388294827257,2.8226024926078,56.1113047292084));
#4278=CARTESIAN_POINT('',(-0.556531317155354,2.82063904621789,56.127518418956));
#4279=CARTESIAN_POINT('',(-0.569547952769212,2.81806111008246,56.1421734846288));
#4280=CARTESIAN_POINT('',(-0.584341867324175,2.81499015665989,56.154061676086));
#4281=CARTESIAN_POINT('',(-0.599154360995852,2.81191534654329,56.1659647974724));
#4282=CARTESIAN_POINT('',(-0.616156972445646,2.80825699765272,56.1754223404319));
#4283=CARTESIAN_POINT('',(-0.633923487773104,2.80424071927671,56.181648829482));
#4284=CARTESIAN_POINT('',(-0.651677910521723,2.80022717453541,56.1878710805424));
#4285=CARTESIAN_POINT('',(-0.67068524249183,2.79574253581324,56.1910379628228));
#4286=CARTESIAN_POINT('',(-0.689360021128501,2.7911301942528,56.1908849105883));
#4287=CARTESIAN_POINT('',(-0.708005832612259,2.78652500706918,56.1907320957588));
#4288=CARTESIAN_POINT('',(-0.726834212769591,2.78166564993942,56.1872657365577));
#4289=CARTESIAN_POINT('',(-0.744294479426308,2.77698590703941,56.1807744745909));
#4290=CARTESIAN_POINT('',(-0.761754670249862,2.77230618446438,56.1742832408168));
#4291=CARTESIAN_POINT('',(-0.778328448744429,2.76767996985134,56.1645891409754));
#4292=CARTESIAN_POINT('',(-0.792669617539226,2.76356651402317,56.1524934995442));
#4293=CARTESIAN_POINT('',(-0.807033000911303,2.75944668642129,56.1403791218743));
#4294=CARTESIAN_POINT('',(-0.819553995402039,2.75573187632573,56.1255217386633));
#4295=CARTESIAN_POINT('',(-0.829220769163575,2.75281999338637,56.1091476026408));
#4296=CARTESIAN_POINT('',(-0.838894237691936,2.74990609380963,56.0927621266382));
#4297=CARTESIAN_POINT('',(-0.845977151017219,2.74771986977442,56.0744046608823));
#4298=CARTESIAN_POINT('',(-0.84989539987892,2.7465073837994,56.0555970073454));
#4299=CARTESIAN_POINT('',(-0.852390118109087,2.74573540351625,56.0436223222753));
#4300=CARTESIAN_POINT('',(-0.853658643441893,2.74534003731358,56.0312964772486));
#4301=CARTESIAN_POINT('',(-0.853658643441893,2.74534003731358,56.01904035));
#4302=CARTESIAN_POINT('',(-0.853658643441893,2.74534003731358,56.01904035));
#4303=CARTESIAN_POINT('',(-0.171850000000003,2.86985933061187,50.23804035));
#4304=CARTESIAN_POINT('',(-0.171850000000003,2.86985933061187,50.2188253838823));
#4305=CARTESIAN_POINT('',(-0.1685355102248,2.87006293791635,50.1993455133892));
#4306=CARTESIAN_POINT('',(-0.162182796479678,2.87042187500828,50.1812146249625));
#4307=CARTESIAN_POINT('',(-0.155830357860935,2.87078079655518,50.1630845217571));
#4308=CARTESIAN_POINT('',(-0.146265656901236,2.87130202630104,50.145803432268));
#4309=CARTESIAN_POINT('',(-0.134280058571366,2.87186243853533,50.1307962901642));
#4310=CARTESIAN_POINT('',(-0.122280992696104,2.87242348047345,50.1157722853755));
#4311=CARTESIAN_POINT('',(-0.10752477388001,2.87303484752319,50.1026129121524));
#4312=CARTESIAN_POINT('',(-0.0912292398098163,2.87355219646411,50.0924050235722));
#4313=CARTESIAN_POINT('',(-0.0749217544324126,2.8740699248339,50.0821896484247));
#4314=CARTESIAN_POINT('',(-0.0566217263192882,2.87450370796436,50.0746484973226));
#4315=CARTESIAN_POINT('',(-0.0378460534000279,2.87475088942365,50.070409509335));
#4316=CARTESIAN_POINT('',(-0.0190932331136858,2.87499777002835,50.0661756807917));
#4317=CARTESIAN_POINT('',(0.000651993380878924,2.87506336399869,50.0651194585132));
#4318=CARTESIAN_POINT('',(0.0197505506017119,2.8749321584606,50.0673290784011));
#4319=CARTESIAN_POINT('',(0.0388249324877532,2.8748011190051,50.069535901308));
#4320=CARTESIAN_POINT('',(0.0577798708491554,2.87447124229708,50.0750605201253));
#4321=CARTESIAN_POINT('',(0.075049291992217,2.87402028590117,50.0834440166946));
#4322=CARTESIAN_POINT('',(0.0923300466353438,2.87356903355358,50.0918330151484));
#4323=CARTESIAN_POINT('',(0.108399250391591,2.87298766120319,50.1033150800898));
#4324=CARTESIAN_POINT('',(0.121933238876369,2.87241314668644,50.1169424236878));
#4325=CARTESIAN_POINT('',(0.135488314087347,2.8718377370433,50.1305909994646));
#4326=CARTESIAN_POINT('',(0.146874123765574,2.87125785086678,50.1467683985789));
#4327=CARTESIAN_POINT('',(0.155147845007284,2.87081071235803,50.164137923182));
#4328=CARTESIAN_POINT('',(0.163421842814916,2.87036355890276,50.1815080283966));
#4329=CARTESIAN_POINT('',(0.16881146846161,2.87004040531928,50.2005506823515));
#4330=CARTESIAN_POINT('',(0.17086696666777,2.86991802665194,50.2196854541476));
#4331=CARTESIAN_POINT('',(0.172919282145485,2.86979583747543,50.2387905977093));
#4332=CARTESIAN_POINT('',(0.171704368174241,2.86987140239339,50.25851474046));
#4333=CARTESIAN_POINT('',(0.167323603311262,2.87012679367566,50.2772224157308));
#4334=CARTESIAN_POINT('',(0.162945959581538,2.87038200300108,50.2959167624736));
#4335=CARTESIAN_POINT('',(0.155287173493849,2.87082172318932,50.3141110604095));
#4336=CARTESIAN_POINT('',(0.144981746538252,2.87134207177945,50.3303047292084));
#4337=CARTESIAN_POINT('',(0.134663578527723,2.87186306369955,50.346518418956));
#4338=CARTESIAN_POINT('',(0.121408242189288,2.87247512250172,50.3611734846288));
#4339=CARTESIAN_POINT('',(0.106309284646129,2.87303382089352,50.373061676086));
#4340=CARTESIAN_POINT('',(0.0911913648943262,2.87359322093346,50.3849647974724));
#4341=CARTESIAN_POINT('',(0.0738073182373329,2.8741101682666,50.3944223404319));
#4342=CARTESIAN_POINT('',(0.0555959072284444,2.87446240105858,50.400648829482));
#4343=CARTESIAN_POINT('',(0.0373968916116372,2.87481439410726,50.4068710805424));
#4344=CARTESIAN_POINT('',(0.0178686338692767,2.87500882311263,50.4100379628228));
#4345=CARTESIAN_POINT('',(-0.00136729522469952,2.8749996748702,50.4098849105883));
#4346=CARTESIAN_POINT('',(-0.0205733867441408,2.87499054081796,50.4097320957588));
#4347=CARTESIAN_POINT('',(-0.0400175686728076,2.87477831407969,50.4062657365577));
#4348=CARTESIAN_POINT('',(-0.0580904074940346,2.87441307131685,50.3997744745909));
#4349=CARTESIAN_POINT('',(-0.0761631678215864,2.87404783014033,50.3932832408168));
#4350=CARTESIAN_POINT('',(-0.0933624680579755,2.87352240972632,50.3835891409755));
#4351=CARTESIAN_POINT('',(-0.108271322965645,2.87296054978541,50.3714934995442));
#4352=CARTESIAN_POINT('',(-0.123203271800611,2.87239781951926,50.3593791218743));
#4353=CARTESIAN_POINT('',(-0.136249441193149,2.87178742516778,50.3445217386633));
#4354=CARTESIAN_POINT('',(-0.146332175277781,2.87127356663876,50.3281476026408));
#4355=CARTESIAN_POINT('',(-0.156421892204397,2.87075935223475,50.3117621266382));
#4356=CARTESIAN_POINT('',(-0.163822186598387,2.87033170800423,50.2934046608823));
#4357=CARTESIAN_POINT('',(-0.167916745155845,2.87009215299723,50.2745970073454));
#4358=CARTESIAN_POINT('',(-0.170523718382488,2.86993963020855,50.2626223222753));
#4359=CARTESIAN_POINT('',(-0.171850000000003,2.86985933061187,50.2502964772486));
#4360=CARTESIAN_POINT('',(-0.171850000000003,2.86985933061187,50.23804035));
#4361=CARTESIAN_POINT('',(-0.171850000000003,2.86985933061187,50.23804035));
#4362=CARTESIAN_POINT('',(-0.171850000000003,2.86985933061187,56.01904035));
#4363=CARTESIAN_POINT('',(-0.171850000000003,2.86985933061187,55.9998253838823));
#4364=CARTESIAN_POINT('',(-0.1685355102248,2.87006293791635,55.9803455133892));
#4365=CARTESIAN_POINT('',(-0.162182796479678,2.87042187500828,55.9622146249625));
#4366=CARTESIAN_POINT('',(-0.155830357860935,2.87078079655518,55.9440845217571));
#4367=CARTESIAN_POINT('',(-0.146265656901236,2.87130202630104,55.926803432268));
#4368=CARTESIAN_POINT('',(-0.134280058571366,2.87186243853533,55.9117962901642));
#4369=CARTESIAN_POINT('',(-0.122280992696104,2.87242348047345,55.8967722853755));
#4370=CARTESIAN_POINT('',(-0.10752477388001,2.87303484752319,55.8836129121524));
#4371=CARTESIAN_POINT('',(-0.0912292398098163,2.87355219646411,55.8734050235722));
#4372=CARTESIAN_POINT('',(-0.0749217544324126,2.8740699248339,55.8631896484247));
#4373=CARTESIAN_POINT('',(-0.0566217263192882,2.87450370796436,55.8556484973226));
#4374=CARTESIAN_POINT('',(-0.0378460534000279,2.87475088942365,55.851409509335));
#4375=CARTESIAN_POINT('',(-0.0190932331136858,2.87499777002835,55.8471756807917));
#4376=CARTESIAN_POINT('',(0.000651993380878924,2.87506336399869,55.8461194585132));
#4377=CARTESIAN_POINT('',(0.0197505506017119,2.8749321584606,55.8483290784011));
#4378=CARTESIAN_POINT('',(0.0388249324877532,2.8748011190051,55.850535901308));
#4379=CARTESIAN_POINT('',(0.0577798708491554,2.87447124229708,55.8560605201253));
#4380=CARTESIAN_POINT('',(0.075049291992217,2.87402028590117,55.8644440166946));
#4381=CARTESIAN_POINT('',(0.0923300466353438,2.87356903355358,55.8728330151484));
#4382=CARTESIAN_POINT('',(0.108399250391591,2.87298766120319,55.8843150800898));
#4383=CARTESIAN_POINT('',(0.121933238876369,2.87241314668644,55.8979424236878));
#4384=CARTESIAN_POINT('',(0.135488314087347,2.8718377370433,55.9115909994646));
#4385=CARTESIAN_POINT('',(0.146874123765574,2.87125785086678,55.9277683985789));
#4386=CARTESIAN_POINT('',(0.155147845007284,2.87081071235803,55.945137923182));
#4387=CARTESIAN_POINT('',(0.163421842814916,2.87036355890276,55.9625080283966));
#4388=CARTESIAN_POINT('',(0.16881146846161,2.87004040531928,55.9815506823515));
#4389=CARTESIAN_POINT('',(0.17086696666777,2.86991802665194,56.0006854541476));
#4390=CARTESIAN_POINT('',(0.172919282145485,2.86979583747543,56.0197905977093));
#4391=CARTESIAN_POINT('',(0.171704368174241,2.86987140239339,56.03951474046));
#4392=CARTESIAN_POINT('',(0.167323603311262,2.87012679367566,56.0582224157308));
#4393=CARTESIAN_POINT('',(0.162945959581538,2.87038200300108,56.0769167624736));
#4394=CARTESIAN_POINT('',(0.155287173493849,2.87082172318932,56.0951110604095));
#4395=CARTESIAN_POINT('',(0.144981746538252,2.87134207177945,56.1113047292084));
#4396=CARTESIAN_POINT('',(0.134663578527723,2.87186306369955,56.127518418956));
#4397=CARTESIAN_POINT('',(0.121408242189288,2.87247512250172,56.1421734846288));
#4398=CARTESIAN_POINT('',(0.106309284646129,2.87303382089352,56.154061676086));
#4399=CARTESIAN_POINT('',(0.0911913648943262,2.87359322093346,56.1659647974724));
#4400=CARTESIAN_POINT('',(0.0738073182373329,2.8741101682666,56.1754223404319));
#4401=CARTESIAN_POINT('',(0.0555959072284444,2.87446240105858,56.181648829482));
#4402=CARTESIAN_POINT('',(0.0373968916116372,2.87481439410726,56.1878710805424));
#4403=CARTESIAN_POINT('',(0.0178686338692767,2.87500882311263,56.1910379628228));
#4404=CARTESIAN_POINT('',(-0.00136729522469952,2.8749996748702,56.1908849105883));
#4405=CARTESIAN_POINT('',(-0.0205733867441408,2.87499054081796,56.1907320957588));
#4406=CARTESIAN_POINT('',(-0.0400175686728076,2.87477831407969,56.1872657365577));
#4407=CARTESIAN_POINT('',(-0.0580904074940346,2.87441307131685,56.1807744745909));
#4408=CARTESIAN_POINT('',(-0.0761631678215864,2.87404783014033,56.1742832408168));
#4409=CARTESIAN_POINT('',(-0.0933624680579755,2.87352240972632,56.1645891409754));
#4410=CARTESIAN_POINT('',(-0.108271322965645,2.87296054978541,56.1524934995442));
#4411=CARTESIAN_POINT('',(-0.123203271800611,2.87239781951926,56.1403791218743));
#4412=CARTESIAN_POINT('',(-0.136249441193149,2.87178742516778,56.1255217386633));
#4413=CARTESIAN_POINT('',(-0.146332175277781,2.87127356663876,56.1091476026408));
#4414=CARTESIAN_POINT('',(-0.156421892204397,2.87075935223475,56.0927621266382));
#4415=CARTESIAN_POINT('',(-0.163822186598387,2.87033170800423,56.0744046608823));
#4416=CARTESIAN_POINT('',(-0.167916745155845,2.87009215299723,56.0555970073454));
#4417=CARTESIAN_POINT('',(-0.170523718382488,2.86993963020855,56.0436223222753));
#4418=CARTESIAN_POINT('',(-0.171850000000003,2.86985933061187,56.0312964772486));
#4419=CARTESIAN_POINT('',(-0.171850000000003,2.86985933061187,56.01904035));
#4420=CARTESIAN_POINT('',(-0.171850000000003,2.86985933061187,56.01904035));
#4421=CARTESIAN_POINT('',(1.45267128087341E-14,0.,116.57854035));
#4422=CARTESIAN_POINT('',(0.549911745090032,2.94916887827945,50.23804035));
#4423=CARTESIAN_POINT('',(0.549911745090032,2.94916887827945,50.2188238216495));
#4424=CARTESIAN_POINT('',(0.553177117986485,2.94856500112045,50.1993423607282));
#4425=CARTESIAN_POINT('',(0.559428656409943,2.94737842470006,50.181209923893));
#4426=CARTESIAN_POINT('',(0.565679946198492,2.94619189547194,50.1630782082173));
#4427=CARTESIAN_POINT('',(0.575088108054684,2.94438748627145,50.1457954973416));
#4428=CARTESIAN_POINT('',(0.586856322919243,2.94204005007575,50.1307873578439));
#4429=CARTESIAN_POINT('',(0.598636681469729,2.93969019154768,50.1157637313642));
#4430=CARTESIAN_POINT('',(0.61310574712547,2.93672728908721,50.1026049583199));
#4431=CARTESIAN_POINT('',(0.629047517731436,2.93330857913652,50.0923980779199));
#4432=CARTESIAN_POINT('',(0.645000022759177,2.92988756719094,50.0821843246974));
#4433=CARTESIAN_POINT('',(0.662867332408279,2.92591172948,50.0746448810108));
#4434=CARTESIAN_POINT('',(0.681153239670511,2.92164855245911,50.0704072623909));
#4435=CARTESIAN_POINT('',(0.699418702182283,2.917390141928,50.0661743816849));
#4436=CARTESIAN_POINT('',(0.718605781475675,2.91272561711179,50.0651194292074));
#4437=CARTESIAN_POINT('',(0.737119742787379,2.90803275167132,50.067330472083));
#4438=CARTESIAN_POINT('',(0.755612180339968,2.90334534201115,50.0695389444685));
#4439=CARTESIAN_POINT('',(0.773942903972708,2.8985014853781,50.0750661372563));
#4440=CARTESIAN_POINT('',(0.790608723930358,2.89394848704071,50.0834530352237));
#4441=CARTESIAN_POINT('',(0.80728459883368,2.88939274175472,50.0918449932363));
#4442=CARTESIAN_POINT('',(0.822753922804454,2.8850059687199,50.1033307016978));
#4443=CARTESIAN_POINT('',(0.835762333997987,2.88123260447161,50.1169618255934));
#4444=CARTESIAN_POINT('',(0.848789359205286,2.87745384083573,50.1306124545557));
#4445=CARTESIAN_POINT('',(0.859708752476865,2.87419022532581,50.1467915218116));
#4446=CARTESIAN_POINT('',(0.867636758743062,2.8717949883092,50.1641619468988));
#4447=CARTESIAN_POINT('',(0.875565000224713,2.86939968022848,50.181532887348));
#4448=CARTESIAN_POINT('',(0.880720914797248,2.86781012228515,50.200575519869));
#4449=CARTESIAN_POINT('',(0.882685930824477,2.86720518057647,50.2197096998468));
#4450=CARTESIAN_POINT('',(0.884648152348663,2.86660109917194,50.2388166685839));
#4451=CARTESIAN_POINT('',(0.883482865797054,2.86696308101371,50.2585421225617));
#4452=CARTESIAN_POINT('',(0.879284576187974,2.8682500996388,50.277250661505));
#4453=CARTESIAN_POINT('',(0.875089029681027,2.86953627734439,50.2959469765575));
#4454=CARTESIAN_POINT('',(0.867749082386464,2.87177960336478,50.314142782183));
#4455=CARTESIAN_POINT('',(0.857857319241382,2.874731434382,50.3303368791216));
#4456=CARTESIAN_POINT('',(0.847954320113713,2.87768661836285,50.3465493708183));
#4457=CARTESIAN_POINT('',(0.835220162716808,2.88142944842001,50.3612025456767));
#4458=CARTESIAN_POINT('',(0.820684174911953,2.88556363385892,50.373087871099));
#4459=CARTESIAN_POINT('',(0.806131433061914,2.88970258432176,50.3849868954375));
#4460=CARTESIAN_POINT('',(0.789369511337315,2.89434406423068,50.3944398271439));
#4461=CARTESIAN_POINT('',(0.771767531743831,2.89902998896977,50.4006617569271));
#4462=CARTESIAN_POINT('',(0.754176574605598,2.90371297935733,50.406879790504));
#4463=CARTESIAN_POINT('',(0.73525985554399,2.90856716548557,50.410042066233));
#4464=CARTESIAN_POINT('',(0.716580974543091,2.91316180582591,50.4098845915688));
#4465=CARTESIAN_POINT('',(0.6979287020849,2.91774990098383,50.4097273412312));
#4466=CARTESIAN_POINT('',(0.678999354370561,2.92220578474355,50.4062557434824));
#4467=CARTESIAN_POINT('',(0.661367273348067,2.92619092503277,50.3997587450683));
#4468=CARTESIAN_POINT('',(0.643735237657813,2.93017605507616,50.393261763358));
#4469=CARTESIAN_POINT('',(0.626915349185046,2.93380293499845,50.3835611636247));
#4470=CARTESIAN_POINT('',(0.612312378629054,2.936847553241,50.3714589214322));
#4471=CARTESIAN_POINT('',(0.59768862487543,2.93989650463634,50.3593394551214));
#4472=CARTESIAN_POINT('',(0.584885840742646,2.9424497197058,50.3444773361043));
#4473=CARTESIAN_POINT('',(0.574983306214781,2.94438350042489,50.3280995449172));
#4474=CARTESIAN_POINT('',(0.565074490708776,2.94631850770213,50.3117113656271));
#4475=CARTESIAN_POINT('',(0.557797393820983,2.94769042394661,50.2933524791189));
#4476=CARTESIAN_POINT('',(0.553772890026739,2.94844630038796,50.2745446797166));
#4477=CARTESIAN_POINT('',(0.5512140647901,2.94892689521724,50.2625864671725));
#4478=CARTESIAN_POINT('',(0.549911745090032,2.94916887827945,50.2502787079467));
#4479=CARTESIAN_POINT('',(0.549911745090032,2.94916887827945,50.23804035));
#4480=CARTESIAN_POINT('',(0.549911745090032,2.94916887827945,50.23804035));
#4481=CARTESIAN_POINT('',(0.549911745090032,2.94916887827945,56.01904035));
#4482=CARTESIAN_POINT('',(0.549911745090032,2.94916887827945,55.9998238216495));
#4483=CARTESIAN_POINT('',(0.553177117986485,2.94856500112045,55.9803423607282));
#4484=CARTESIAN_POINT('',(0.559428656409943,2.94737842470006,55.962209923893));
#4485=CARTESIAN_POINT('',(0.565679946198492,2.94619189547194,55.9440782082173));
#4486=CARTESIAN_POINT('',(0.575088108054684,2.94438748627145,55.9267954973416));
#4487=CARTESIAN_POINT('',(0.586856322919243,2.94204005007575,55.9117873578439));
#4488=CARTESIAN_POINT('',(0.598636681469729,2.93969019154768,55.8967637313642));
#4489=CARTESIAN_POINT('',(0.61310574712547,2.93672728908721,55.8836049583199));
#4490=CARTESIAN_POINT('',(0.629047517731436,2.93330857913652,55.8733980779199));
#4491=CARTESIAN_POINT('',(0.645000022759177,2.92988756719094,55.8631843246974));
#4492=CARTESIAN_POINT('',(0.662867332408279,2.92591172948,55.8556448810108));
#4493=CARTESIAN_POINT('',(0.681153239670511,2.92164855245911,55.8514072623909));
#4494=CARTESIAN_POINT('',(0.699418702182283,2.917390141928,55.8471743816849));
#4495=CARTESIAN_POINT('',(0.718605781475675,2.91272561711179,55.8461194292074));
#4496=CARTESIAN_POINT('',(0.737119742787379,2.90803275167132,55.8483304720829));
#4497=CARTESIAN_POINT('',(0.755612180339968,2.90334534201115,55.8505389444685));
#4498=CARTESIAN_POINT('',(0.773942903972708,2.8985014853781,55.8560661372563));
#4499=CARTESIAN_POINT('',(0.790608723930358,2.89394848704071,55.8644530352237));
#4500=CARTESIAN_POINT('',(0.80728459883368,2.88939274175472,55.8728449932363));
#4501=CARTESIAN_POINT('',(0.822753922804454,2.8850059687199,55.8843307016978));
#4502=CARTESIAN_POINT('',(0.835762333997987,2.88123260447161,55.8979618255934));
#4503=CARTESIAN_POINT('',(0.848789359205286,2.87745384083573,55.9116124545557));
#4504=CARTESIAN_POINT('',(0.859708752476865,2.87419022532581,55.9277915218116));
#4505=CARTESIAN_POINT('',(0.867636758743062,2.8717949883092,55.9451619468988));
#4506=CARTESIAN_POINT('',(0.875565000224713,2.86939968022848,55.962532887348));
#4507=CARTESIAN_POINT('',(0.880720914797248,2.86781012228515,55.981575519869));
#4508=CARTESIAN_POINT('',(0.882685930824477,2.86720518057647,56.0007096998468));
#4509=CARTESIAN_POINT('',(0.884648152348663,2.86660109917194,56.0198166685839));
#4510=CARTESIAN_POINT('',(0.883482865797054,2.86696308101371,56.0395421225617));
#4511=CARTESIAN_POINT('',(0.879284576187974,2.8682500996388,56.0582506615049));
#4512=CARTESIAN_POINT('',(0.875089029681027,2.86953627734439,56.0769469765575));
#4513=CARTESIAN_POINT('',(0.867749082386464,2.87177960336478,56.095142782183));
#4514=CARTESIAN_POINT('',(0.857857319241382,2.874731434382,56.1113368791216));
#4515=CARTESIAN_POINT('',(0.847954320113713,2.87768661836285,56.1275493708183));
#4516=CARTESIAN_POINT('',(0.835220162716808,2.88142944842001,56.1422025456767));
#4517=CARTESIAN_POINT('',(0.820684174911953,2.88556363385892,56.154087871099));
#4518=CARTESIAN_POINT('',(0.806131433061914,2.88970258432176,56.1659868954375));
#4519=CARTESIAN_POINT('',(0.789369511337315,2.89434406423068,56.1754398271439));
#4520=CARTESIAN_POINT('',(0.771767531743831,2.89902998896977,56.181661756927));
#4521=CARTESIAN_POINT('',(0.754176574605598,2.90371297935733,56.187879790504));
#4522=CARTESIAN_POINT('',(0.73525985554399,2.90856716548557,56.191042066233));
#4523=CARTESIAN_POINT('',(0.716580974543091,2.91316180582591,56.1908845915688));
#4524=CARTESIAN_POINT('',(0.6979287020849,2.91774990098383,56.1907273412312));
#4525=CARTESIAN_POINT('',(0.678999354370561,2.92220578474355,56.1872557434824));
#4526=CARTESIAN_POINT('',(0.661367273348067,2.92619092503277,56.1807587450683));
#4527=CARTESIAN_POINT('',(0.643735237657813,2.93017605507616,56.174261763358));
#4528=CARTESIAN_POINT('',(0.626915349185046,2.93380293499845,56.1645611636247));
#4529=CARTESIAN_POINT('',(0.612312378629054,2.936847553241,56.1524589214322));
#4530=CARTESIAN_POINT('',(0.59768862487543,2.93989650463634,56.1403394551214));
#4531=CARTESIAN_POINT('',(0.584885840742646,2.9424497197058,56.1254773361043));
#4532=CARTESIAN_POINT('',(0.574983306214781,2.94438350042489,56.1090995449172));
#4533=CARTESIAN_POINT('',(0.565074490708776,2.94631850770213,56.0927113656271));
#4534=CARTESIAN_POINT('',(0.557797393820983,2.94769042394661,56.0743524791189));
#4535=CARTESIAN_POINT('',(0.553772890026739,2.94844630038796,56.0555446797166));
#4536=CARTESIAN_POINT('',(0.5512140647901,2.94892689521724,56.0435864671725));
#4537=CARTESIAN_POINT('',(0.549911745090032,2.94916887827945,56.0312787079467));
#4538=CARTESIAN_POINT('',(0.549911745090032,2.94916887827945,56.01904035));
#4539=CARTESIAN_POINT('',(0.549911745090032,2.94916887827945,56.01904035));
#4540=CARTESIAN_POINT('',(1.23971461840329,2.73186889599725,50.23804035));
#4541=CARTESIAN_POINT('',(1.23971461840329,2.73186889599725,50.2188238216495));
#4542=CARTESIAN_POINT('',(1.24274058823449,2.73050111152713,50.1993423607282));
#4543=CARTESIAN_POINT('',(1.2485265019888,2.72785292379037,50.181209923893));
#4544=CARTESIAN_POINT('',(1.25431218562693,2.72520484137679,50.1630782082173));
#4545=CARTESIAN_POINT('',(1.26301514001175,2.72120134452394,50.1457954973416));
#4546=CARTESIAN_POINT('',(1.27387961368766,2.71610580240001,50.1307873578439));
#4547=CARTESIAN_POINT('',(1.28475529847397,2.71100500215801,50.1157637313642));
#4548=CARTESIAN_POINT('',(1.29809485040767,2.70466552219917,50.1026049583199));
#4549=CARTESIAN_POINT('',(1.31275523128996,2.69753103832391,50.0923980779199));
#4550=CARTESIAN_POINT('',(1.3274254837678,2.69039175043027,50.0821843246974));
#4551=CARTESIAN_POINT('',(1.34382212162812,2.68225551625971,50.0746448810108));
#4552=CARTESIAN_POINT('',(1.36055642861787,2.67374011537147,50.0704072623909));
#4553=CARTESIAN_POINT('',(1.37727202564011,2.66523423521653,50.0661743816849));
#4554=CARTESIAN_POINT('',(1.39478526942536,2.65611348438721,50.0651194292073));
#4555=CARTESIAN_POINT('',(1.4116381724588,2.6471263041376,50.0673304720829));
#4556=CARTESIAN_POINT('',(1.42847148282814,2.63814957210594,50.0695389444684));
#4557=CARTESIAN_POINT('',(1.44511033817899,2.62905963984025,50.0750661372563));
#4558=CARTESIAN_POINT('',(1.46020227587596,2.62065055158575,50.0834530352237));
#4559=CARTESIAN_POINT('',(1.47530331895232,2.61223638989798,50.0918449932363));
#4560=CARTESIAN_POINT('',(1.48927330897995,2.60427503697276,50.1033307016978));
#4561=CARTESIAN_POINT('',(1.50100069421434,2.59749820326562,50.1169618255934));
#4562=CARTESIAN_POINT('',(1.51274486041507,2.59071167244219,50.1306124545557));
#4563=CARTESIAN_POINT('',(1.52256592164963,2.58492970981321,50.1467915218116));
#4564=CARTESIAN_POINT('',(1.52969033672454,2.58070677794507,50.1641619468988));
#4565=CARTESIAN_POINT('',(1.53681496317321,2.57648372078706,50.181532887348));
#4566=CARTESIAN_POINT('',(1.54144065012363,2.57370646138773,50.200575519869));
#4567=CARTESIAN_POINT('',(1.54320379432951,2.57264883906977,50.2197096998468));
#4568=CARTESIAN_POINT('',(1.54496443111979,2.57159272082544,50.2388166685839));
#4569=CARTESIAN_POINT('',(1.54391963360247,2.57222305545795,50.2585421225617));
#4570=CARTESIAN_POINT('',(1.54015134237656,2.57447739212752,50.277250661505));
#4571=CARTESIAN_POINT('',(1.53638551329802,2.57673025584588,50.2959469765575));
#4572=CARTESIAN_POINT('',(1.52979571458881,2.58066495925183,50.314142782183));
#4573=CARTESIAN_POINT('',(1.52089780750393,2.58589826929247,50.3303368791216));
#4574=CARTESIAN_POINT('',(1.51198979335041,2.59113752381234,50.3465493708183));
#4575=CARTESIAN_POINT('',(1.50052138528551,2.59781907736694,50.3612025456767));
#4576=CARTESIAN_POINT('',(1.48739716220278,2.60531182046817,50.373087871099));
#4577=CARTESIAN_POINT('',(1.47425781226184,2.61281319963584,50.3849868954375));
#4578=CARTESIAN_POINT('',(1.45909374036669,2.62133119700641,50.3944398271439));
#4579=CARTESIAN_POINT('',(1.44312465750163,2.63009338672809,50.4006617569271));
#4580=CARTESIAN_POINT('',(1.42716557456302,2.63885008951897,50.406879790504));
#4581=CARTESIAN_POINT('',(1.40996022375546,2.64809028900881,50.410042066233));
#4582=CARTESIAN_POINT('',(1.39292368649418,2.65702156626617,50.4098845915688));
#4583=CARTESIAN_POINT('',(1.37591141821502,2.66594012069112,50.4097273412312));
#4584=CARTESIAN_POINT('',(1.35859848572452,2.67479661398982,50.4062557434824));
#4585=CARTESIAN_POINT('',(1.34243246742713,2.6828855865276,50.3997587450683));
#4586=CARTESIAN_POINT('',(1.32626649069272,2.69097453826856,50.393261763358));
#4587=CARTESIAN_POINT('',(1.31080332678796,2.69852129043499,50.3835611636247));
#4588=CARTESIAN_POINT('',(1.29735331685373,2.70497215720396,50.3714589214322));
#4589=CARTESIAN_POINT('',(1.28388416463515,2.71143220495693,50.3593394551214));
#4590=CARTESIAN_POINT('',(1.27206443050156,2.71697513502621,50.3444773361043));
#4591=CARTESIAN_POINT('',(1.26291242964733,2.72122255522078,50.3280995449172));
#4592=CARTESIAN_POINT('',(1.25375462386335,2.7254726694684,50.3117113656271));
#4593=CARTESIAN_POINT('',(1.24701730723292,2.72854624359595,50.2933524791189));
#4594=CARTESIAN_POINT('',(1.24329064127738,2.73024328244062,50.2745446797166));
#4595=CARTESIAN_POINT('',(1.24092118472246,2.7313222790189,50.2625864671725));
#4596=CARTESIAN_POINT('',(1.23971461840329,2.73186889599725,50.2502787079467));
#4597=CARTESIAN_POINT('',(1.23971461840329,2.73186889599725,50.23804035));
#4598=CARTESIAN_POINT('',(1.23971461840329,2.73186889599725,50.23804035));
#4599=CARTESIAN_POINT('',(1.23971461840329,2.73186889599725,56.01904035));
#4600=CARTESIAN_POINT('',(1.23971461840329,2.73186889599725,55.9998238216495));
#4601=CARTESIAN_POINT('',(1.24274058823449,2.73050111152713,55.9803423607282));
#4602=CARTESIAN_POINT('',(1.2485265019888,2.72785292379037,55.962209923893));
#4603=CARTESIAN_POINT('',(1.25431218562693,2.72520484137679,55.9440782082173));
#4604=CARTESIAN_POINT('',(1.26301514001175,2.72120134452394,55.9267954973416));
#4605=CARTESIAN_POINT('',(1.27387961368766,2.71610580240001,55.9117873578439));
#4606=CARTESIAN_POINT('',(1.28475529847397,2.71100500215801,55.8967637313642));
#4607=CARTESIAN_POINT('',(1.29809485040767,2.70466552219917,55.8836049583199));
#4608=CARTESIAN_POINT('',(1.31275523128996,2.69753103832391,55.8733980779199));
#4609=CARTESIAN_POINT('',(1.3274254837678,2.69039175043027,55.8631843246974));
#4610=CARTESIAN_POINT('',(1.34382212162812,2.68225551625971,55.8556448810108));
#4611=CARTESIAN_POINT('',(1.36055642861787,2.67374011537147,55.8514072623909));
#4612=CARTESIAN_POINT('',(1.37727202564011,2.66523423521653,55.8471743816849));
#4613=CARTESIAN_POINT('',(1.39478526942536,2.65611348438721,55.8461194292073));
#4614=CARTESIAN_POINT('',(1.4116381724588,2.6471263041376,55.8483304720829));
#4615=CARTESIAN_POINT('',(1.42847148282814,2.63814957210594,55.8505389444684));
#4616=CARTESIAN_POINT('',(1.44511033817899,2.62905963984025,55.8560661372563));
#4617=CARTESIAN_POINT('',(1.46020227587596,2.62065055158575,55.8644530352237));
#4618=CARTESIAN_POINT('',(1.47530331895232,2.61223638989798,55.8728449932363));
#4619=CARTESIAN_POINT('',(1.48927330897995,2.60427503697276,55.8843307016978));
#4620=CARTESIAN_POINT('',(1.50100069421434,2.59749820326562,55.8979618255934));
#4621=CARTESIAN_POINT('',(1.51274486041507,2.59071167244219,55.9116124545557));
#4622=CARTESIAN_POINT('',(1.52256592164963,2.58492970981321,55.9277915218116));
#4623=CARTESIAN_POINT('',(1.52969033672454,2.58070677794507,55.9451619468988));
#4624=CARTESIAN_POINT('',(1.53681496317321,2.57648372078706,55.962532887348));
#4625=CARTESIAN_POINT('',(1.54144065012363,2.57370646138773,55.981575519869));
#4626=CARTESIAN_POINT('',(1.54320379432951,2.57264883906977,56.0007096998468));
#4627=CARTESIAN_POINT('',(1.54496443111979,2.57159272082544,56.0198166685839));
#4628=CARTESIAN_POINT('',(1.54391963360247,2.57222305545795,56.0395421225617));
#4629=CARTESIAN_POINT('',(1.54015134237656,2.57447739212752,56.0582506615049));
#4630=CARTESIAN_POINT('',(1.53638551329802,2.57673025584588,56.0769469765575));
#4631=CARTESIAN_POINT('',(1.52979571458881,2.58066495925183,56.095142782183));
#4632=CARTESIAN_POINT('',(1.52089780750393,2.58589826929247,56.1113368791216));
#4633=CARTESIAN_POINT('',(1.51198979335041,2.59113752381234,56.1275493708183));
#4634=CARTESIAN_POINT('',(1.50052138528551,2.59781907736694,56.1422025456767));
#4635=CARTESIAN_POINT('',(1.48739716220278,2.60531182046817,56.154087871099));
#4636=CARTESIAN_POINT('',(1.47425781226184,2.61281319963584,56.1659868954375));
#4637=CARTESIAN_POINT('',(1.45909374036669,2.62133119700641,56.1754398271439));
#4638=CARTESIAN_POINT('',(1.44312465750163,2.63009338672809,56.181661756927));
#4639=CARTESIAN_POINT('',(1.42716557456302,2.63885008951897,56.187879790504));
#4640=CARTESIAN_POINT('',(1.40996022375546,2.64809028900881,56.191042066233));
#4641=CARTESIAN_POINT('',(1.39292368649418,2.65702156626617,56.1908845915688));
#4642=CARTESIAN_POINT('',(1.37591141821502,2.66594012069112,56.1907273412312));
#4643=CARTESIAN_POINT('',(1.35859848572452,2.67479661398982,56.1872557434824));
#4644=CARTESIAN_POINT('',(1.34243246742713,2.6828855865276,56.1807587450683));
#4645=CARTESIAN_POINT('',(1.32626649069272,2.69097453826856,56.174261763358));
#4646=CARTESIAN_POINT('',(1.31080332678796,2.69852129043499,56.1645611636247));
#4647=CARTESIAN_POINT('',(1.29735331685373,2.70497215720396,56.1524589214322));
#4648=CARTESIAN_POINT('',(1.28388416463515,2.71143220495693,56.1403394551214));
#4649=CARTESIAN_POINT('',(1.27206443050156,2.71697513502621,56.1254773361043));
#4650=CARTESIAN_POINT('',(1.26291242964733,2.72122255522078,56.1090995449172));
#4651=CARTESIAN_POINT('',(1.25375462386335,2.7254726694684,56.0927113656271));
#4652=CARTESIAN_POINT('',(1.24701730723292,2.72854624359595,56.0743524791189));
#4653=CARTESIAN_POINT('',(1.24329064127738,2.73024328244062,56.0555446797166));
#4654=CARTESIAN_POINT('',(1.24092118472246,2.7313222790189,56.0435864671725));
#4655=CARTESIAN_POINT('',(1.23971461840329,2.73186889599725,56.0312787079467));
#4656=CARTESIAN_POINT('',(1.23971461840329,2.73186889599725,56.01904035));
#4657=CARTESIAN_POINT('',(1.23971461840329,2.73186889599725,56.01904035));
#4658=CARTESIAN_POINT('',(1.85746978427423,2.3558026234191,50.23804035));
#4659=CARTESIAN_POINT('',(1.85746978427423,2.3558026234191,50.2188238216495));
#4660=CARTESIAN_POINT('',(1.86008049267255,2.35375042229956,50.1993423607282));
#4661=CARTESIAN_POINT('',(1.86506452548124,2.34979452629192,50.181209923893));
#4662=CARTESIAN_POINT('',(1.870048360066,2.34583878761737,50.1630782082173));
#4663=CARTESIAN_POINT('',(1.87754032290457,2.33986887179714,50.1457954973416));
#4664=CARTESIAN_POINT('',(1.88686965167254,2.33232135813168,50.1307873578439));
#4665=CARTESIAN_POINT('',(1.8962086074264,2.32476605614517,50.1157637313642));
#4666=CARTESIAN_POINT('',(1.90764339936697,2.31541842622008,50.1026049583199));
#4667=CARTESIAN_POINT('',(1.92017038247703,2.30498279869028,50.0923980779199));
#4668=CARTESIAN_POINT('',(1.93270580065515,2.2945401443107,50.0821843246974));
#4669=CARTESIAN_POINT('',(1.9466788537336,2.28271636203651,50.0746448810108));
#4670=CARTESIAN_POINT('',(1.96088902335534,2.27044362142833,50.0704072623909));
#4671=CARTESIAN_POINT('',(1.97508330514785,2.25818460248654,50.0661743816849));
#4672=CARTESIAN_POINT('',(1.98990490735421,2.24513769052974,50.0651194292074));
#4673=CARTESIAN_POINT('',(2.0041173226429,2.23237849772003,50.067330472083));
#4674=CARTESIAN_POINT('',(2.01831321501691,2.21963413835346,50.0695389444685));
#4675=CARTESIAN_POINT('',(2.03229321229266,2.20682640427786,50.0750661372563));
#4676=CARTESIAN_POINT('',(2.04493417916696,2.1950499317498,50.0834530352237));
#4677=CARTESIAN_POINT('',(2.05758277268281,2.1832663541533,50.0918449932363));
#4678=CARTESIAN_POINT('',(2.06924154372574,2.17219310623138,50.1033307016978));
#4679=CARTESIAN_POINT('',(2.07900634999849,2.16280664800764,50.1169618255934));
#4680=CARTESIAN_POINT('',(2.08878512894135,2.15340675850009,50.1306124545557));
#4681=CARTESIAN_POINT('',(2.09693709375805,2.14544247540346,50.1467915218116));
#4682=CARTESIAN_POINT('',(2.10284387253372,2.13963727013423,50.1641619468988));
#4683=CARTESIAN_POINT('',(2.10875082655718,2.13383189263078,50.181532887348));
#4684=CARTESIAN_POINT('',(2.11257745777362,2.1300283359968,50.200575519869));
#4685=CARTESIAN_POINT('',(2.11403626262567,2.12857949823438,50.2197096998468));
#4686=CARTESIAN_POINT('',(2.11549299287144,2.12713272090378,50.2388166685839));
#4687=CARTESIAN_POINT('',(2.11462940422244,2.12799477556936,50.2585421225617));
#4688=CARTESIAN_POINT('',(2.11151011076857,2.13108541643036,50.277250661505));
#4689=CARTESIAN_POINT('',(2.10839285541624,2.13417403791101,50.2959469765575));
#4690=CARTESIAN_POINT('',(2.10293618044041,2.13957144804262,50.314142782183));
#4691=CARTESIAN_POINT('',(2.09554924343293,2.14678209614943,50.3303368791216));
#4692=CARTESIAN_POINT('',(2.08815391565685,2.15400093477954,50.3465493708183));
#4693=CARTESIAN_POINT('',(2.07861775911473,2.16323290422544,50.3612025456767));
#4694=CARTESIAN_POINT('',(2.06766803289509,2.17364875399496,50.373087871099));
#4695=CARTESIAN_POINT('',(2.05670568612222,2.18407660897664,50.3849868954375));
#4696=CARTESIAN_POINT('',(2.04402074479589,2.19597608876335,50.3944398271439));
#4697=CARTESIAN_POINT('',(2.03061262371012,2.20830531685026,50.4006617569271));
#4698=CARTESIAN_POINT('',(2.01721289886263,2.22062682430757,50.406879790504));
#4699=CARTESIAN_POINT('',(2.00271882875914,2.23371603035143,50.410042066233));
#4700=CARTESIAN_POINT('',(1.9883147368578,2.24646489115547,50.4098845915688));
#4701=CARTESIAN_POINT('',(1.973931163953,2.25919559088191,50.4097273412312));
#4702=CARTESIAN_POINT('',(1.95924081139273,2.27193798652109,50.4062557434824));
#4703=CARTESIAN_POINT('',(1.9454803660428,2.28366068962576,50.3997587450683));
#4704=CARTESIAN_POINT('',(1.93171995607111,2.29538336259126,50.393261763358));
#4705=CARTESIAN_POINT('',(1.91851217961418,2.30641139719725,50.3835611636247));
#4706=CARTESIAN_POINT('',(1.90699679599029,2.31589361156398,50.3714589214322));
#4707=CARTESIAN_POINT('',(1.89546502347532,2.32538932118048,50.3593394551214));
#4708=CARTESIAN_POINT('',(1.8853152593258,2.33359983130169,50.3444773361043));
#4709=CARTESIAN_POINT('',(1.87744567316868,2.33991404634877,50.3280995449172));
#4710=CARTESIAN_POINT('',(1.8695710954916,2.34623226637523,50.3117113656271));
#4711=CARTESIAN_POINT('',(1.86376510747196,2.35082887342956,50.2933524791189));
#4712=CARTESIAN_POINT('',(1.86055285963458,2.35336844894837,50.2745446797166));
#4713=CARTESIAN_POINT('',(1.85851047596373,2.35498313991652,50.2625864671725));
#4714=CARTESIAN_POINT('',(1.85746978427423,2.3558026234191,50.2502787079467));
#4715=CARTESIAN_POINT('',(1.85746978427423,2.3558026234191,50.23804035));
#4716=CARTESIAN_POINT('',(1.85746978427423,2.3558026234191,50.23804035));
#4717=CARTESIAN_POINT('',(1.85746978427423,2.3558026234191,56.01904035));
#4718=CARTESIAN_POINT('',(1.85746978427423,2.3558026234191,55.9998238216495));
#4719=CARTESIAN_POINT('',(1.86008049267255,2.35375042229956,55.9803423607282));
#4720=CARTESIAN_POINT('',(1.86506452548124,2.34979452629192,55.962209923893));
#4721=CARTESIAN_POINT('',(1.870048360066,2.34583878761737,55.9440782082173));
#4722=CARTESIAN_POINT('',(1.87754032290457,2.33986887179714,55.9267954973416));
#4723=CARTESIAN_POINT('',(1.88686965167254,2.33232135813168,55.9117873578439));
#4724=CARTESIAN_POINT('',(1.8962086074264,2.32476605614517,55.8967637313642));
#4725=CARTESIAN_POINT('',(1.90764339936697,2.31541842622008,55.8836049583199));
#4726=CARTESIAN_POINT('',(1.92017038247703,2.30498279869028,55.8733980779199));
#4727=CARTESIAN_POINT('',(1.93270580065515,2.2945401443107,55.8631843246974));
#4728=CARTESIAN_POINT('',(1.9466788537336,2.28271636203651,55.8556448810108));
#4729=CARTESIAN_POINT('',(1.96088902335534,2.27044362142833,55.8514072623909));
#4730=CARTESIAN_POINT('',(1.97508330514785,2.25818460248654,55.8471743816849));
#4731=CARTESIAN_POINT('',(1.98990490735421,2.24513769052974,55.8461194292074));
#4732=CARTESIAN_POINT('',(2.0041173226429,2.23237849772003,55.8483304720829));
#4733=CARTESIAN_POINT('',(2.01831321501691,2.21963413835346,55.8505389444685));
#4734=CARTESIAN_POINT('',(2.03229321229266,2.20682640427786,55.8560661372563));
#4735=CARTESIAN_POINT('',(2.04493417916696,2.1950499317498,55.8644530352237));
#4736=CARTESIAN_POINT('',(2.05758277268281,2.1832663541533,55.8728449932363));
#4737=CARTESIAN_POINT('',(2.06924154372574,2.17219310623138,55.8843307016978));
#4738=CARTESIAN_POINT('',(2.07900634999849,2.16280664800764,55.8979618255934));
#4739=CARTESIAN_POINT('',(2.08878512894135,2.15340675850009,55.9116124545557));
#4740=CARTESIAN_POINT('',(2.09693709375805,2.14544247540346,55.9277915218116));
#4741=CARTESIAN_POINT('',(2.10284387253372,2.13963727013423,55.9451619468988));
#4742=CARTESIAN_POINT('',(2.10875082655718,2.13383189263078,55.962532887348));
#4743=CARTESIAN_POINT('',(2.11257745777362,2.1300283359968,55.981575519869));
#4744=CARTESIAN_POINT('',(2.11403626262567,2.12857949823438,56.0007096998468));
#4745=CARTESIAN_POINT('',(2.11549299287144,2.12713272090378,56.0198166685839));
#4746=CARTESIAN_POINT('',(2.11462940422244,2.12799477556936,56.0395421225617));
#4747=CARTESIAN_POINT('',(2.11151011076857,2.13108541643036,56.0582506615049));
#4748=CARTESIAN_POINT('',(2.10839285541624,2.13417403791101,56.0769469765575));
#4749=CARTESIAN_POINT('',(2.10293618044041,2.13957144804262,56.095142782183));
#4750=CARTESIAN_POINT('',(2.09554924343293,2.14678209614943,56.1113368791216));
#4751=CARTESIAN_POINT('',(2.08815391565685,2.15400093477954,56.1275493708183));
#4752=CARTESIAN_POINT('',(2.07861775911473,2.16323290422544,56.1422025456767));
#4753=CARTESIAN_POINT('',(2.06766803289509,2.17364875399496,56.154087871099));
#4754=CARTESIAN_POINT('',(2.05670568612222,2.18407660897664,56.1659868954375));
#4755=CARTESIAN_POINT('',(2.04402074479589,2.19597608876335,56.1754398271439));
#4756=CARTESIAN_POINT('',(2.03061262371012,2.20830531685026,56.181661756927));
#4757=CARTESIAN_POINT('',(2.01721289886263,2.22062682430757,56.187879790504));
#4758=CARTESIAN_POINT('',(2.00271882875914,2.23371603035143,56.191042066233));
#4759=CARTESIAN_POINT('',(1.9883147368578,2.24646489115547,56.1908845915688));
#4760=CARTESIAN_POINT('',(1.973931163953,2.25919559088191,56.1907273412312));
#4761=CARTESIAN_POINT('',(1.95924081139273,2.27193798652109,56.1872557434824));
#4762=CARTESIAN_POINT('',(1.9454803660428,2.28366068962576,56.1807587450683));
#4763=CARTESIAN_POINT('',(1.93171995607111,2.29538336259126,56.174261763358));
#4764=CARTESIAN_POINT('',(1.91851217961418,2.30641139719725,56.1645611636247));
#4765=CARTESIAN_POINT('',(1.90699679599029,2.31589361156398,56.1524589214322));
#4766=CARTESIAN_POINT('',(1.89546502347532,2.32538932118048,56.1403394551214));
#4767=CARTESIAN_POINT('',(1.8853152593258,2.33359983130169,56.1254773361043));
#4768=CARTESIAN_POINT('',(1.87744567316868,2.33991404634877,56.1090995449172));
#4769=CARTESIAN_POINT('',(1.8695710954916,2.34623226637523,56.0927113656271));
#4770=CARTESIAN_POINT('',(1.86376510747196,2.35082887342956,56.0743524791189));
#4771=CARTESIAN_POINT('',(1.86055285963458,2.35336844894837,56.0555446797166));
#4772=CARTESIAN_POINT('',(1.85851047596373,2.35498313991652,56.0435864671725));
#4773=CARTESIAN_POINT('',(1.85746978427423,2.3558026234191,56.0312787079467));
#4774=CARTESIAN_POINT('',(1.85746978427423,2.3558026234191,56.01904035));
#4775=CARTESIAN_POINT('',(1.85746978427423,2.3558026234191,56.01904035));
#4776=CARTESIAN_POINT('',(2.36727555791112,1.84282566536194,50.23804035));
#4777=CARTESIAN_POINT('',(2.36727555791112,1.84282566536194,50.2188238216495));
#4778=CARTESIAN_POINT('',(2.36931927999397,1.84020831406261,50.1993423607282));
#4779=CARTESIAN_POINT('',(2.37321177798644,1.83517461208096,50.181209923893));
#4780=CARTESIAN_POINT('',(2.37710412116727,1.83014111029868,50.1630782082173));
#4781=CARTESIAN_POINT('',(2.38294968681158,1.82255172531878,50.1457954973416));
#4782=CARTESIAN_POINT('',(2.39020168399435,1.81299087417192,50.1307873578439));
#4783=CARTESIAN_POINT('',(2.39746116455307,1.80342015712994,50.1157637313642));
#4784=CARTESIAN_POINT('',(2.40632664795669,1.79160762751261,50.1026049583199));
#4785=CARTESIAN_POINT('',(2.41599221056988,1.77847733706834,50.0923980779199));
#4786=CARTESIAN_POINT('',(2.42566428150818,1.76533820531786,50.0821843246974));
#4787=CARTESIAN_POINT('',(2.43640168674982,1.75051403018812,50.0746448810108));
#4788=CARTESIAN_POINT('',(2.44726187559701,1.73519719693454,50.0704072623909));
#4789=CARTESIAN_POINT('',(2.45810992209612,1.71989748882708,50.0661743816849));
#4790=CARTESIAN_POINT('',(2.46937850507768,1.70368265484213,50.0651194292073));
#4791=CARTESIAN_POINT('',(2.48012445870506,1.68789296738063,50.0673304720829));
#4792=CARTESIAN_POINT('',(2.49085791941894,1.67212163652169,50.0695389444684));
#4793=CARTESIAN_POINT('',(2.50136659199315,1.65634043958643,50.0750661372563));
#4794=CARTESIAN_POINT('',(2.51082194099809,1.64188098856241,50.0834530352237));
#4795=CARTESIAN_POINT('',(2.52028299467406,1.62741281375553,50.0918449932363));
#4796=CARTESIAN_POINT('',(2.52895298133718,1.61387120775649,50.1033307016978));
#4797=CARTESIAN_POINT('',(2.53618771360133,1.60242063184974,50.1169618255934));
#4798=CARTESIAN_POINT('',(2.5434327981986,1.59095367106905,50.1306124545557));
#4799=CARTESIAN_POINT('',(2.54944190403347,1.58126992268935,50.1467915218116));
#4800=CARTESIAN_POINT('',(2.55378776599772,1.57421982144822,50.1641619468988));
#4801=CARTESIAN_POINT('',(2.55813375689904,1.56716951103813,50.181532887348));
#4802=CARTESIAN_POINT('',(2.56093894248442,1.5625607060557,50.200575519869));
#4803=CARTESIAN_POINT('',(2.56200862754719,1.56080485403328,50.2197096998468));
#4804=CARTESIAN_POINT('',(2.56307679138157,1.55905149905604,50.2388166685839));
#4805=CARTESIAN_POINT('',(2.56244460023414,1.56009517427096,50.2585421225617));
#4806=CARTESIAN_POINT('',(2.56015558654968,1.56384250251057,50.277250661505));
#4807=CARTESIAN_POINT('',(2.55786806847389,1.56758738229973,50.2959469765575));
#4808=CARTESIAN_POINT('',(2.55386163934683,1.57413382129896,50.314142782183));
#4809=CARTESIAN_POINT('',(2.5484149743452,1.58290275081359,50.3303368791216));
#4810=CARTESIAN_POINT('',(2.54296212251598,1.59168164089217,50.3465493708183));
#4811=CARTESIAN_POINT('',(2.53591242425234,1.60292749772203,50.3612025456767));
#4812=CARTESIAN_POINT('',(2.52777355318303,1.6156611228313,50.373087871099));
#4813=CARTESIAN_POINT('',(2.51962530132616,1.62840942459917,50.3849868954375));
#4814=CARTESIAN_POINT('',(2.51015669325068,1.64299883228966,50.3944398271439));
#4815=CARTESIAN_POINT('',(2.50008876520516,1.65817856882032,50.4006617569271));
#4816=CARTESIAN_POINT('',(2.49002714175089,1.67334879971749,50.406879790504));
#4817=CARTESIAN_POINT('',(2.4790866950221,1.68952631523743,50.410042066233));
#4818=CARTESIAN_POINT('',(2.46815216194527,1.70535184213844,50.4098845915688));
#4819=CARTESIAN_POINT('',(2.45723320538988,1.72115482517248,50.4097273412312));
#4820=CARTESIAN_POINT('',(2.44601918265339,1.73704258143433,50.4062557434824));
#4821=CARTESIAN_POINT('',(2.43546401731748,1.75171773421173,50.3997587450683));
#4822=CARTESIAN_POINT('',(2.42490887911899,1.76639284925919,50.393261763358));
#4823=CARTESIAN_POINT('',(2.41472407806927,1.78026125701872,50.3835611636247));
#4824=CARTESIAN_POINT('',(2.40581255299522,1.79222374715065,50.3714589214322));
#4825=CARTESIAN_POINT('',(2.39688834488615,1.80420326250328,50.3593394551214));
#4826=CARTESIAN_POINT('',(2.38899841812016,1.81460418767217,50.3444773361043));
#4827=CARTESIAN_POINT('',(2.38286859840282,1.82261823834446,50.3280995449172));
#4828=CARTESIAN_POINT('',(2.37673489066433,1.83063737216762,50.3117113656271));
#4829=CARTESIAN_POINT('',(2.37219765417525,1.83648987405471,50.2933524791189));
#4830=CARTESIAN_POINT('',(2.3696865086243,1.83972439534949,50.2745446797166));
#4831=CARTESIAN_POINT('',(2.36808989375271,1.84178094073761,50.2625864671725));
#4832=CARTESIAN_POINT('',(2.36727555791112,1.84282566536194,50.2502787079467));
#4833=CARTESIAN_POINT('',(2.36727555791112,1.84282566536194,50.23804035));
#4834=CARTESIAN_POINT('',(2.36727555791112,1.84282566536194,50.23804035));
#4835=CARTESIAN_POINT('',(2.36727555791112,1.84282566536194,56.01904035));
#4836=CARTESIAN_POINT('',(2.36727555791112,1.84282566536194,55.9998238216495));
#4837=CARTESIAN_POINT('',(2.36931927999397,1.84020831406261,55.9803423607282));
#4838=CARTESIAN_POINT('',(2.37321177798644,1.83517461208096,55.962209923893));
#4839=CARTESIAN_POINT('',(2.37710412116727,1.83014111029868,55.9440782082173));
#4840=CARTESIAN_POINT('',(2.38294968681158,1.82255172531878,55.9267954973416));
#4841=CARTESIAN_POINT('',(2.39020168399435,1.81299087417192,55.9117873578439));
#4842=CARTESIAN_POINT('',(2.39746116455307,1.80342015712994,55.8967637313642));
#4843=CARTESIAN_POINT('',(2.40632664795669,1.79160762751261,55.8836049583199));
#4844=CARTESIAN_POINT('',(2.41599221056988,1.77847733706834,55.8733980779199));
#4845=CARTESIAN_POINT('',(2.42566428150818,1.76533820531786,55.8631843246974));
#4846=CARTESIAN_POINT('',(2.43640168674982,1.75051403018812,55.8556448810108));
#4847=CARTESIAN_POINT('',(2.44726187559701,1.73519719693454,55.8514072623909));
#4848=CARTESIAN_POINT('',(2.45810992209612,1.71989748882708,55.8471743816849));
#4849=CARTESIAN_POINT('',(2.46937850507768,1.70368265484213,55.8461194292073));
#4850=CARTESIAN_POINT('',(2.48012445870506,1.68789296738063,55.8483304720829));
#4851=CARTESIAN_POINT('',(2.49085791941894,1.67212163652169,55.8505389444684));
#4852=CARTESIAN_POINT('',(2.50136659199315,1.65634043958643,55.8560661372563));
#4853=CARTESIAN_POINT('',(2.51082194099809,1.64188098856241,55.8644530352237));
#4854=CARTESIAN_POINT('',(2.52028299467406,1.62741281375553,55.8728449932363));
#4855=CARTESIAN_POINT('',(2.52895298133718,1.61387120775649,55.8843307016978));
#4856=CARTESIAN_POINT('',(2.53618771360133,1.60242063184974,55.8979618255934));
#4857=CARTESIAN_POINT('',(2.5434327981986,1.59095367106905,55.9116124545557));
#4858=CARTESIAN_POINT('',(2.54944190403347,1.58126992268935,55.9277915218116));
#4859=CARTESIAN_POINT('',(2.55378776599772,1.57421982144822,55.9451619468988));
#4860=CARTESIAN_POINT('',(2.55813375689904,1.56716951103813,55.962532887348));
#4861=CARTESIAN_POINT('',(2.56093894248442,1.5625607060557,55.981575519869));
#4862=CARTESIAN_POINT('',(2.56200862754719,1.56080485403328,56.0007096998468));
#4863=CARTESIAN_POINT('',(2.56307679138157,1.55905149905604,56.0198166685839));
#4864=CARTESIAN_POINT('',(2.56244460023414,1.56009517427096,56.0395421225617));
#4865=CARTESIAN_POINT('',(2.56015558654968,1.56384250251057,56.0582506615049));
#4866=CARTESIAN_POINT('',(2.55786806847389,1.56758738229973,56.0769469765575));
#4867=CARTESIAN_POINT('',(2.55386163934683,1.57413382129896,56.095142782183));
#4868=CARTESIAN_POINT('',(2.5484149743452,1.58290275081359,56.1113368791216));
#4869=CARTESIAN_POINT('',(2.54296212251598,1.59168164089217,56.1275493708183));
#4870=CARTESIAN_POINT('',(2.53591242425234,1.60292749772203,56.1422025456767));
#4871=CARTESIAN_POINT('',(2.52777355318303,1.6156611228313,56.154087871099));
#4872=CARTESIAN_POINT('',(2.51962530132616,1.62840942459917,56.1659868954375));
#4873=CARTESIAN_POINT('',(2.51015669325068,1.64299883228966,56.1754398271439));
#4874=CARTESIAN_POINT('',(2.50008876520516,1.65817856882032,56.181661756927));
#4875=CARTESIAN_POINT('',(2.49002714175089,1.67334879971749,56.187879790504));
#4876=CARTESIAN_POINT('',(2.4790866950221,1.68952631523743,56.191042066233));
#4877=CARTESIAN_POINT('',(2.46815216194527,1.70535184213844,56.1908845915688));
#4878=CARTESIAN_POINT('',(2.45723320538988,1.72115482517248,56.1907273412312));
#4879=CARTESIAN_POINT('',(2.44601918265339,1.73704258143433,56.1872557434824));
#4880=CARTESIAN_POINT('',(2.43546401731748,1.75171773421173,56.1807587450683));
#4881=CARTESIAN_POINT('',(2.42490887911899,1.76639284925919,56.174261763358));
#4882=CARTESIAN_POINT('',(2.41472407806927,1.78026125701872,56.1645611636247));
#4883=CARTESIAN_POINT('',(2.40581255299522,1.79222374715065,56.1524589214322));
#4884=CARTESIAN_POINT('',(2.39688834488615,1.80420326250328,56.1403394551214));
#4885=CARTESIAN_POINT('',(2.38899841812016,1.81460418767217,56.1254773361043));
#4886=CARTESIAN_POINT('',(2.38286859840282,1.82261823834446,56.1090995449172));
#4887=CARTESIAN_POINT('',(2.37673489066433,1.83063737216762,56.0927113656271));
#4888=CARTESIAN_POINT('',(2.37219765417525,1.83648987405471,56.0743524791189));
#4889=CARTESIAN_POINT('',(2.3696865086243,1.83972439534949,56.0555446797166));
#4890=CARTESIAN_POINT('',(2.36808989375271,1.84178094073761,56.0435864671725));
#4891=CARTESIAN_POINT('',(2.36727555791112,1.84282566536194,56.0312787079467));
#4892=CARTESIAN_POINT('',(2.36727555791112,1.84282566536194,56.01904035));
#4893=CARTESIAN_POINT('',(2.36727555791112,1.84282566536194,56.01904035));
#4894=CARTESIAN_POINT('',(2.73950388081874,1.22275037803271,50.23804035));
#4895=CARTESIAN_POINT('',(2.73950388081874,1.22275037803271,50.2188238216495));
#4896=CARTESIAN_POINT('',(2.74086184288731,1.21971998749742,50.1993423607282));
#4897=CARTESIAN_POINT('',(2.74343658822888,1.21390102000417,50.181209923893));
#4898=CARTESIAN_POINT('',(2.7460112311682,1.20808228394171,50.1630782082173));
#4899=CARTESIAN_POINT('',(2.74987067659077,1.19931449727087,50.1457954973416));
#4900=CARTESIAN_POINT('',(2.75462388247201,1.18829595055899,50.1307873578439));
#4901=CARTESIAN_POINT('',(2.75938199321266,1.17726603374789,50.1157637313642));
#4902=CARTESIAN_POINT('',(2.76516293840864,1.16367510572287,50.1026049583199));
#4903=CARTESIAN_POINT('',(2.77140535315879,1.1486132371181,50.0923980779199));
#4904=CARTESIAN_POINT('',(2.77765197125085,1.13354122657525,50.0821843246974));
#4905=CARTESIAN_POINT('',(2.78452970969192,1.1165781857648,50.0746448810108));
#4906=CARTESIAN_POINT('',(2.79140876306394,1.09910741854011,50.0704072623909));
#4907=CARTESIAN_POINT('',(2.79828012523817,1.08165618469001,50.0661743816849));
#4908=CARTESIAN_POINT('',(2.80534079991168,1.06321577588958,50.0651194292074));
#4909=CARTESIAN_POINT('',(2.81199577611289,1.04531323301839,50.067330472083));
#4910=CARTESIAN_POINT('',(2.81864301544449,1.02743150309013,50.0695389444685));
#4911=CARTESIAN_POINT('',(2.82506963746461,1.00959398909877,50.0750661372563));
#4912=CARTESIAN_POINT('',(2.83078985808481,0.993291890314346,50.0834530352237));
#4913=CARTESIAN_POINT('',(2.8365135298708,0.976979956027193,50.0918449932363));
#4914=CARTESIAN_POINT('',(2.84169086404336,0.961756980869969,50.1033307016978));
#4915=CARTESIAN_POINT('',(2.84597506595691,0.948907753130754,50.1169618255934));
#4916=CARTESIAN_POINT('',(2.85026539822659,0.93604013915678,50.1306124545557));
#4917=CARTESIAN_POINT('',(2.85378241769073,0.925199709750854,50.1467915218116));
#4918=CARTESIAN_POINT('',(2.85631479714276,0.917314438795872,50.1641619468988));
#4919=CARTESIAN_POINT('',(2.85884725172778,0.909428933893346,50.181532887348));
#4920=CARTESIAN_POINT('',(2.86046796449233,0.904282727555731,50.200575519869));
#4921=CARTESIAN_POINT('',(2.86108636355811,0.90232190501057,50.2197096998468));
#4922=CARTESIAN_POINT('',(2.86170388318166,0.900363871004786,50.2388166685839));
#4923=CARTESIAN_POINT('',(2.86133983018738,0.901528512159171,50.2585421225617));
#4924=CARTESIAN_POINT('',(2.86001412542744,0.905714746681088,50.277250661505));
#4925=CARTESIAN_POINT('',(2.85868928686395,0.909898245977494,50.2959469765575));
#4926=CARTESIAN_POINT('',(2.85636594268376,0.917213258605033,50.314142782183));
#4927=CARTESIAN_POINT('',(2.85317609006005,0.927030851217872,50.3303368791216));
#4928=CARTESIAN_POINT('',(2.84998261410569,0.936859595563525,50.3465493708183));
#4929=CARTESIAN_POINT('',(2.84582907695901,0.949465771455407,50.3612025456767));
#4930=CARTESIAN_POINT('',(2.840974062643,0.963777139897926,50.373087871099));
#4931=CARTESIAN_POINT('',(2.83611345248236,0.978105003491427,50.3849868954375));
#4932=CARTESIAN_POINT('',(2.83041145874206,0.994536455741064,50.3944398271439));
#4933=CARTESIAN_POINT('',(2.82426883511938,1.0116845096044,50.4006617569271));
#4934=CARTESIAN_POINT('',(2.81813005804099,1.02882182526325,50.406879790504));
#4935=CARTESIAN_POINT('',(2.81137905368386,1.04714747186012,50.410042066233));
#4936=CARTESIAN_POINT('',(2.80454955474855,1.06512994275806,50.4098845915688));
#4937=CARTESIAN_POINT('',(2.79772978460878,1.08308679716727,50.4097273412312));
#4938=CARTESIAN_POINT('',(2.79064380993619,1.10119657540749,50.4062557434824));
#4939=CARTESIAN_POINT('',(2.78390735245716,1.11797131132022,50.3997587450683));
#4940=CARTESIAN_POINT('',(2.77717091229762,1.13474600410495,50.393261763358));
#4941=CARTESIAN_POINT('',(2.77060099027186,1.15064880356864,50.3835611636247));
#4942=CARTESIAN_POINT('',(2.76481122919288,1.16439635302119,50.3714589214322));
#4943=CARTESIAN_POINT('',(2.75901322802683,1.17816346822142,50.3593394551214));
#4944=CARTESIAN_POINT('',(2.7538416725093,1.190150344473,50.3444773361043));
#4945=CARTESIAN_POINT('',(2.74980786207272,1.19939848327531,50.3280995449172));
#4946=CARTESIAN_POINT('',(2.74577149307146,1.20865248798574,50.3117113656271));
#4947=CARTESIAN_POINT('',(2.74276669580551,1.21542075856889,50.2933524791189));
#4948=CARTESIAN_POINT('',(2.74110259119276,1.219162247019,50.2745446797166));
#4949=CARTESIAN_POINT('',(2.74004453457331,1.22154112788437,50.2625864671725));
#4950=CARTESIAN_POINT('',(2.73950388081874,1.22275037803271,50.2502787079467));
#4951=CARTESIAN_POINT('',(2.73950388081874,1.22275037803271,50.23804035));
#4952=CARTESIAN_POINT('',(2.73950388081874,1.22275037803271,50.23804035));
#4953=CARTESIAN_POINT('',(2.73950388081874,1.22275037803271,56.01904035));
#4954=CARTESIAN_POINT('',(2.73950388081874,1.22275037803271,55.9998238216495));
#4955=CARTESIAN_POINT('',(2.74086184288731,1.21971998749742,55.9803423607282));
#4956=CARTESIAN_POINT('',(2.74343658822888,1.21390102000417,55.962209923893));
#4957=CARTESIAN_POINT('',(2.7460112311682,1.20808228394171,55.9440782082173));
#4958=CARTESIAN_POINT('',(2.74987067659077,1.19931449727087,55.9267954973416));
#4959=CARTESIAN_POINT('',(2.75462388247201,1.18829595055899,55.9117873578439));
#4960=CARTESIAN_POINT('',(2.75938199321266,1.17726603374789,55.8967637313642));
#4961=CARTESIAN_POINT('',(2.76516293840864,1.16367510572287,55.8836049583199));
#4962=CARTESIAN_POINT('',(2.77140535315879,1.1486132371181,55.8733980779199));
#4963=CARTESIAN_POINT('',(2.77765197125085,1.13354122657525,55.8631843246974));
#4964=CARTESIAN_POINT('',(2.78452970969192,1.1165781857648,55.8556448810108));
#4965=CARTESIAN_POINT('',(2.79140876306394,1.09910741854011,55.8514072623909));
#4966=CARTESIAN_POINT('',(2.79828012523817,1.08165618469001,55.8471743816849));
#4967=CARTESIAN_POINT('',(2.80534079991168,1.06321577588958,55.8461194292074));
#4968=CARTESIAN_POINT('',(2.81199577611289,1.04531323301839,55.8483304720829));
#4969=CARTESIAN_POINT('',(2.81864301544449,1.02743150309013,55.8505389444685));
#4970=CARTESIAN_POINT('',(2.82506963746461,1.00959398909877,55.8560661372563));
#4971=CARTESIAN_POINT('',(2.83078985808481,0.993291890314346,55.8644530352237));
#4972=CARTESIAN_POINT('',(2.8365135298708,0.976979956027193,55.8728449932363));
#4973=CARTESIAN_POINT('',(2.84169086404336,0.961756980869969,55.8843307016978));
#4974=CARTESIAN_POINT('',(2.84597506595691,0.948907753130754,55.8979618255934));
#4975=CARTESIAN_POINT('',(2.85026539822659,0.93604013915678,55.9116124545557));
#4976=CARTESIAN_POINT('',(2.85378241769073,0.925199709750854,55.9277915218116));
#4977=CARTESIAN_POINT('',(2.85631479714276,0.917314438795872,55.9451619468988));
#4978=CARTESIAN_POINT('',(2.85884725172778,0.909428933893346,55.962532887348));
#4979=CARTESIAN_POINT('',(2.86046796449233,0.904282727555731,55.981575519869));
#4980=CARTESIAN_POINT('',(2.86108636355811,0.90232190501057,56.0007096998468));
#4981=CARTESIAN_POINT('',(2.86170388318166,0.900363871004786,56.0198166685839));
#4982=CARTESIAN_POINT('',(2.86133983018738,0.901528512159171,56.0395421225617));
#4983=CARTESIAN_POINT('',(2.86001412542744,0.905714746681088,56.0582506615049));
#4984=CARTESIAN_POINT('',(2.85868928686395,0.909898245977494,56.0769469765575));
#4985=CARTESIAN_POINT('',(2.85636594268376,0.917213258605033,56.095142782183));
#4986=CARTESIAN_POINT('',(2.85317609006005,0.927030851217872,56.1113368791216));
#4987=CARTESIAN_POINT('',(2.84998261410569,0.936859595563525,56.1275493708183));
#4988=CARTESIAN_POINT('',(2.84582907695901,0.949465771455407,56.1422025456767));
#4989=CARTESIAN_POINT('',(2.840974062643,0.963777139897926,56.154087871099));
#4990=CARTESIAN_POINT('',(2.83611345248236,0.978105003491427,56.1659868954375));
#4991=CARTESIAN_POINT('',(2.83041145874206,0.994536455741064,56.1754398271439));
#4992=CARTESIAN_POINT('',(2.82426883511938,1.0116845096044,56.181661756927));
#4993=CARTESIAN_POINT('',(2.81813005804099,1.02882182526325,56.187879790504));
#4994=CARTESIAN_POINT('',(2.81137905368386,1.04714747186012,56.191042066233));
#4995=CARTESIAN_POINT('',(2.80454955474855,1.06512994275806,56.1908845915688));
#4996=CARTESIAN_POINT('',(2.79772978460878,1.08308679716727,56.1907273412312));
#4997=CARTESIAN_POINT('',(2.79064380993619,1.10119657540749,56.1872557434824));
#4998=CARTESIAN_POINT('',(2.78390735245716,1.11797131132022,56.1807587450683));
#4999=CARTESIAN_POINT('',(2.77717091229762,1.13474600410495,56.174261763358));
#5000=CARTESIAN_POINT('',(2.77060099027186,1.15064880356864,56.1645611636247));
#5001=CARTESIAN_POINT('',(2.76481122919288,1.16439635302119,56.1524589214322));
#5002=CARTESIAN_POINT('',(2.75901322802683,1.17816346822142,56.1403394551214));
#5003=CARTESIAN_POINT('',(2.7538416725093,1.190150344473,56.1254773361043));
#5004=CARTESIAN_POINT('',(2.74980786207272,1.19939848327531,56.1090995449172));
#5005=CARTESIAN_POINT('',(2.74577149307146,1.20865248798574,56.0927113656271));
#5006=CARTESIAN_POINT('',(2.74276669580551,1.21542075856889,56.0743524791189));
#5007=CARTESIAN_POINT('',(2.74110259119276,1.219162247019,56.0555446797166));
#5008=CARTESIAN_POINT('',(2.74004453457331,1.22154112788437,56.0435864671725));
#5009=CARTESIAN_POINT('',(2.73950388081874,1.22275037803271,56.0312787079467));
#5010=CARTESIAN_POINT('',(2.73950388081874,1.22275037803271,56.01904035));
#5011=CARTESIAN_POINT('',(2.73950388081874,1.22275037803271,56.01904035));
#5012=CARTESIAN_POINT('',(2.95252219586463,0.531613283248986,50.23804035));
#5013=CARTESIAN_POINT('',(2.95252219586463,0.531613283248986,50.2188238216495));
#5014=CARTESIAN_POINT('',(2.95311547809948,0.528345968760623,50.1993423607282));
#5015=CARTESIAN_POINT('',(2.95422283594972,0.522079912995397,50.181209923893));
#5016=CARTESIAN_POINT('',(2.95533014975834,0.51581410644246,50.1630782082173));
#5017=CARTESIAN_POINT('',(2.95697917801973,0.506377469972389,50.1457954973416));
#5018=CARTESIAN_POINT('',(2.95895735355082,0.4945415855796,50.1307873578439));
#5019=CARTESIAN_POINT('',(2.96093757037218,0.482693487672324,50.1157637313642));
#5020=CARTESIAN_POINT('',(2.96329800983862,0.468114016575413,50.1026049583199));
#5021=CARTESIAN_POINT('',(2.96575449027068,0.451995910865775,50.0923980779199));
#5022=CARTESIAN_POINT('',(2.96821262477855,0.435866951998783,50.0821843246974));
#5023=CARTESIAN_POINT('',(2.97083098726041,0.417750875781395,50.0746448810108));
#5024=CARTESIAN_POINT('',(2.97332911957962,0.399141512073032,50.0704072623909));
#5025=CARTESIAN_POINT('',(2.97582445883579,0.380552954759001,50.0661743816849));
#5026=CARTESIAN_POINT('',(2.97826688445373,0.360958660674425,50.0651194292074));
#5027=CARTESIAN_POINT('',(2.9804441202018,0.341983693112111,50.067330472083));
#5028=CARTESIAN_POINT('',(2.9826188247629,0.323030785260528,50.0695389444685));
#5029=CARTESIAN_POINT('',(2.98458990431695,0.304173605689523,50.0750661372563));
#5030=CARTESIAN_POINT('',(2.98624255812213,0.286976277870317,50.0834530352237));
#5031=CARTESIAN_POINT('',(2.98789620901862,0.269768574432187,50.0918449932363));
#5032=CARTESIAN_POINT('',(2.98928000285736,0.253748934099656,50.1033307016978));
#5033=CARTESIAN_POINT('',(2.99036469217753,0.240247804939138,50.1169618255934));
#5034=CARTESIAN_POINT('',(2.99145093360284,0.226727356724177,50.1306124545557));
#5035=CARTESIAN_POINT('',(2.99227147030883,0.215360252645736,50.1467915218116));
#5036=CARTESIAN_POINT('',(2.99284319455972,0.207098075263018,50.1641619468988));
#5037=CARTESIAN_POINT('',(2.99341493577306,0.198835652750345,50.181532887348));
#5038=CARTESIAN_POINT('',(2.99375698578195,0.193451123864184,50.200575519869));
#5039=CARTESIAN_POINT('',(2.99388815974483,0.191399286675314,50.2197096998468));
#5040=CARTESIAN_POINT('',(2.99401914716162,0.189350367460234,50.2388166685839));
#5041=CARTESIAN_POINT('',(2.99394438975723,0.190568289843485,50.2585421225617));
#5042=CARTESIAN_POINT('',(2.99365903906372,0.194950141913641,50.277250661505));
#5043=CARTESIAN_POINT('',(2.99337387481426,0.199329130944589,50.2959469765575));
#5044=CARTESIAN_POINT('',(2.99286863989967,0.206987595255518,50.314142782183));
#5045=CARTESIAN_POINT('',(2.99212098229373,0.217283288169399,50.3303368791216));
#5046=CARTESIAN_POINT('',(2.99137247542889,0.227590675886786,50.3465493708183));
#5047=CARTESIAN_POINT('',(2.99035648788064,0.240824545719444,50.3612025456767));
#5048=CARTESIAN_POINT('',(2.9890674861027,0.25588193278104,50.373087871099));
#5049=CARTESIAN_POINT('',(2.98777699863323,0.270956674847783,50.3849868954375));
#5050=CARTESIAN_POINT('',(2.98617299837841,0.288275235377718,50.3944398271439));
#5051=CARTESIAN_POINT('',(2.98431266613598,0.306395024013837,50.4006617569271));
#5052=CARTESIAN_POINT('',(2.98245349884371,0.324503465939868,50.406879790504));
#5053=CARTESIAN_POINT('',(2.98028428069258,0.343912223644477,50.410042066233));
#5054=CARTESIAN_POINT('',(2.9779567215527,0.363006562694395,50.4098845915688));
#5055=CARTESIAN_POINT('',(2.97563247808021,0.38207370137101,50.4097273412312));
#5056=CARTESIAN_POINT('',(2.97308636256304,0.40135302710465,50.4062557434824));
#5057=CARTESIAN_POINT('',(2.97056011136353,0.419252459475134,50.3997587450683));
#5058=CARTESIAN_POINT('',(2.96803386665904,0.437151845826016,50.393261763358));
#5059=CARTESIAN_POINT('',(2.9654606436447,0.45416482409337,50.3835611636247));
#5060=CARTESIAN_POINT('',(2.96312912642977,0.468898475262666,50.3714589214322));
#5061=CARTESIAN_POINT('',(2.96079429095963,0.483653095616481,50.3593394551214));
#5062=CARTESIAN_POINT('',(2.9586416586994,0.496529289273529,50.3444773361043));
#5063=CARTESIAN_POINT('',(2.95693828794386,0.506474047994294,50.3280995449172));
#5064=CARTESIAN_POINT('',(2.95523383677456,0.516425114475155,50.3117113656271));
#5065=CARTESIAN_POINT('',(2.95393610662685,0.52371580646974,50.2933524791189));
#5066=CARTESIAN_POINT('',(2.95321575466362,0.527746820366211,50.2745446797166));
#5067=CARTESIAN_POINT('',(2.95275774670115,0.530309784799811,50.2625864671725));
#5068=CARTESIAN_POINT('',(2.95252219586463,0.531613283248986,50.2502787079467));
#5069=CARTESIAN_POINT('',(2.95252219586463,0.531613283248986,50.23804035));
#5070=CARTESIAN_POINT('',(2.95252219586463,0.531613283248986,50.23804035));
#5071=CARTESIAN_POINT('',(2.95252219586463,0.531613283248986,56.01904035));
#5072=CARTESIAN_POINT('',(2.95252219586463,0.531613283248986,55.9998238216495));
#5073=CARTESIAN_POINT('',(2.95311547809948,0.528345968760623,55.9803423607282));
#5074=CARTESIAN_POINT('',(2.95422283594972,0.522079912995397,55.962209923893));
#5075=CARTESIAN_POINT('',(2.95533014975834,0.51581410644246,55.9440782082173));
#5076=CARTESIAN_POINT('',(2.95697917801973,0.506377469972389,55.9267954973416));
#5077=CARTESIAN_POINT('',(2.95895735355082,0.4945415855796,55.9117873578439));
#5078=CARTESIAN_POINT('',(2.96093757037218,0.482693487672324,55.8967637313642));
#5079=CARTESIAN_POINT('',(2.96329800983862,0.468114016575413,55.8836049583199));
#5080=CARTESIAN_POINT('',(2.96575449027068,0.451995910865775,55.8733980779199));
#5081=CARTESIAN_POINT('',(2.96821262477855,0.435866951998783,55.8631843246974));
#5082=CARTESIAN_POINT('',(2.97083098726041,0.417750875781395,55.8556448810108));
#5083=CARTESIAN_POINT('',(2.97332911957962,0.399141512073032,55.8514072623909));
#5084=CARTESIAN_POINT('',(2.97582445883579,0.380552954759001,55.8471743816849));
#5085=CARTESIAN_POINT('',(2.97826688445373,0.360958660674425,55.8461194292074));
#5086=CARTESIAN_POINT('',(2.9804441202018,0.341983693112111,55.8483304720829));
#5087=CARTESIAN_POINT('',(2.9826188247629,0.323030785260528,55.8505389444685));
#5088=CARTESIAN_POINT('',(2.98458990431695,0.304173605689523,55.8560661372563));
#5089=CARTESIAN_POINT('',(2.98624255812213,0.286976277870317,55.8644530352237));
#5090=CARTESIAN_POINT('',(2.98789620901862,0.269768574432187,55.8728449932363));
#5091=CARTESIAN_POINT('',(2.98928000285736,0.253748934099656,55.8843307016978));
#5092=CARTESIAN_POINT('',(2.99036469217753,0.240247804939138,55.8979618255934));
#5093=CARTESIAN_POINT('',(2.99145093360284,0.226727356724177,55.9116124545557));
#5094=CARTESIAN_POINT('',(2.99227147030883,0.215360252645736,55.9277915218116));
#5095=CARTESIAN_POINT('',(2.99284319455972,0.207098075263018,55.9451619468988));
#5096=CARTESIAN_POINT('',(2.99341493577306,0.198835652750345,55.962532887348));
#5097=CARTESIAN_POINT('',(2.99375698578195,0.193451123864184,55.981575519869));
#5098=CARTESIAN_POINT('',(2.99388815974483,0.191399286675314,56.0007096998468));
#5099=CARTESIAN_POINT('',(2.99401914716162,0.189350367460234,56.0198166685839));
#5100=CARTESIAN_POINT('',(2.99394438975723,0.190568289843485,56.0395421225617));
#5101=CARTESIAN_POINT('',(2.99365903906372,0.194950141913641,56.0582506615049));
#5102=CARTESIAN_POINT('',(2.99337387481426,0.199329130944589,56.0769469765575));
#5103=CARTESIAN_POINT('',(2.99286863989967,0.206987595255518,56.095142782183));
#5104=CARTESIAN_POINT('',(2.99212098229373,0.217283288169399,56.1113368791216));
#5105=CARTESIAN_POINT('',(2.99137247542889,0.227590675886786,56.1275493708183));
#5106=CARTESIAN_POINT('',(2.99035648788064,0.240824545719444,56.1422025456767));
#5107=CARTESIAN_POINT('',(2.9890674861027,0.25588193278104,56.154087871099));
#5108=CARTESIAN_POINT('',(2.98777699863323,0.270956674847783,56.1659868954375));
#5109=CARTESIAN_POINT('',(2.98617299837841,0.288275235377718,56.1754398271439));
#5110=CARTESIAN_POINT('',(2.98431266613598,0.306395024013837,56.181661756927));
#5111=CARTESIAN_POINT('',(2.98245349884371,0.324503465939868,56.187879790504));
#5112=CARTESIAN_POINT('',(2.98028428069258,0.343912223644477,56.191042066233));
#5113=CARTESIAN_POINT('',(2.9779567215527,0.363006562694395,56.1908845915688));
#5114=CARTESIAN_POINT('',(2.97563247808021,0.38207370137101,56.1907273412312));
#5115=CARTESIAN_POINT('',(2.97308636256304,0.40135302710465,56.1872557434824));
#5116=CARTESIAN_POINT('',(2.97056011136353,0.419252459475134,56.1807587450683));
#5117=CARTESIAN_POINT('',(2.96803386665904,0.437151845826016,56.174261763358));
#5118=CARTESIAN_POINT('',(2.9654606436447,0.45416482409337,56.1645611636247));
#5119=CARTESIAN_POINT('',(2.96312912642977,0.468898475262666,56.1524589214322));
#5120=CARTESIAN_POINT('',(2.96079429095963,0.483653095616481,56.1403394551214));
#5121=CARTESIAN_POINT('',(2.9586416586994,0.496529289273529,56.1254773361043));
#5122=CARTESIAN_POINT('',(2.95693828794386,0.506474047994294,56.1090995449172));
#5123=CARTESIAN_POINT('',(2.95523383677456,0.516425114475155,56.0927113656271));
#5124=CARTESIAN_POINT('',(2.95393610662685,0.52371580646974,56.0743524791189));
#5125=CARTESIAN_POINT('',(2.95321575466362,0.527746820366211,56.0555446797166));
#5126=CARTESIAN_POINT('',(2.95275774670115,0.530309784799811,56.0435864671725));
#5127=CARTESIAN_POINT('',(2.95252219586463,0.531613283248986,56.0312787079467));
#5128=CARTESIAN_POINT('',(2.95252219586463,0.531613283248986,56.01904035));
#5129=CARTESIAN_POINT('',(2.95252219586463,0.531613283248986,56.01904035));
#5130=CARTESIAN_POINT('',(2.99395065286839,-0.1904192432215,50.23804035));
#5131=CARTESIAN_POINT('',(2.99395065286839,-0.1904192432215,50.2188238216495));
#5132=CARTESIAN_POINT('',(2.99374477586252,-0.193733597221076,50.1993423607282));
#5133=CARTESIAN_POINT('',(2.99332039060825,-0.200082580873391,50.181209923893));
#5134=CARTESIAN_POINT('',(2.99289602223254,-0.206431312015226,50.1630782082173));
#5135=CARTESIAN_POINT('',(2.99223879780417,-0.215988375273667,50.1457954973416));
#5136=CARTESIAN_POINT('',(2.99132697861362,-0.227953738768148,50.1307873578439));
#5137=CARTESIAN_POINT('',(2.99041421851182,-0.239931449387317,50.1157637313642));
#5138=CARTESIAN_POINT('',(2.98921697208677,-0.254652157690185,50.1026049583199));
#5139=CARTESIAN_POINT('',(2.98774475648699,-0.270889774787776,50.0923980779199));
#5140=CARTESIAN_POINT('',(2.98627154956802,-0.287138325515942,50.0821843246974));
#5141=CARTESIAN_POINT('',(2.98447836638059,-0.305354596639772,50.0746448810108));
#5142=CARTESIAN_POINT('',(2.98245039527694,-0.324021048255363,50.0704072623909));
#5143=CARTESIAN_POINT('',(2.98042469156766,-0.342666629648887,50.0661743816849));
#5144=CARTESIAN_POINT('',(2.97810692323097,-0.362276059867775,50.0651194292074));
#5145=CARTESIAN_POINT('',(2.97567988549816,-0.381220695977691,50.067330472083));
#5146=CARTESIAN_POINT('',(2.9732556693644,-0.400143307639283,50.0695389444685));
#5147=CARTESIAN_POINT('',(2.97065665447327,-0.418924242056324,50.0750661372563));
#5148=CARTESIAN_POINT('',(2.96814569523143,-0.4360173527272,50.0834530352237));
#5149=CARTESIAN_POINT('',(2.96563322105909,-0.453120776139939,50.0918449932363));
#5150=CARTESIAN_POINT('',(2.963143053496,-0.469006078380675,50.1033307016978));
#5151=CARTESIAN_POINT('',(2.96096519202219,-0.482374472410294,50.1169618255934));
#5152=CARTESIAN_POINT('',(2.95878421419981,-0.495761995560819,50.1306124545557));
#5153=CARTESIAN_POINT('',(2.95686058153683,-0.506995159540477,50.1467915218116));
#5154=CARTESIAN_POINT('',(2.95543842405125,-0.515154075633241,50.1641619468988));
#5155=CARTESIAN_POINT('',(2.95401622437178,-0.523313233792308,50.181532887348));
#5156=CARTESIAN_POINT('',(2.9530597329218,-0.528623155980118,50.200575519869));
#5157=CARTESIAN_POINT('',(2.95269605842785,-0.530646762493404,50.2197096998468));
#5158=CARTESIAN_POINT('',(2.95233290112534,-0.532667491180517,50.2388166685839));
#5159=CARTESIAN_POINT('',(2.95255178393946,-0.531467068790347,50.2585421225617));
#5160=CARTESIAN_POINT('',(2.95332337085748,-0.527144256486886,50.277250661505));
#5161=CARTESIAN_POINT('',(2.95409445363169,-0.522824268646897,50.2959469765575));
#5162=CARTESIAN_POINT('',(2.95543669039948,-0.515267434760945,50.314142782183));
#5163=CARTESIAN_POINT('',(2.95717467895374,-0.505091989794855,50.3303368791216));
#5164=CARTESIAN_POINT('',(2.9589146416767,-0.494904986614038,50.3465493708183));
#5165=CARTESIAN_POINT('',(2.96109524923021,-0.481812527252119,50.3612025456767));
#5166=CARTESIAN_POINT('',(2.96344717208836,-0.466884202176091,50.373087871099));
#5167=CARTESIAN_POINT('',(2.96580180575105,-0.451938670850569,50.3849868954375));
#5168=CARTESIAN_POINT('',(2.9683890176462,-0.434739493827929,50.3944398271439));
#5169=CARTESIAN_POINT('',(2.97091909253193,-0.416701026671808,50.4006617569271));
#5170=CARTESIAN_POINT('',(2.97344758307102,-0.398673855301822,50.406879790504));
#5171=CARTESIAN_POINT('',(2.97598621820004,-0.379309952939305,50.410042066233));
#5172=CARTESIAN_POINT('',(2.97829586813246,-0.360213439317898,50.4098845915688));
#5173=CARTESIAN_POINT('',(2.9806022279096,-0.341144129167527,50.4097273412312));
#5174=CARTESIAN_POINT('',(2.98274394252694,-0.321815700274613,50.4062557434824));
#5175=CARTESIAN_POINT('',(2.98457471414413,-0.303831821393954,50.3997587450683));
#5176=CARTESIAN_POINT('',(2.98640548105439,-0.28584798875001,50.393261763358));
#5177=CARTESIAN_POINT('',(2.98797850341976,-0.268713564136236,50.3835611636247));
#5178=CARTESIAN_POINT('',(2.9892407293747,-0.253850077501509,50.3714589214322));
#5179=CARTESIAN_POINT('',(2.99050475175121,-0.238965436898208,50.3593394551214));
#5180=CARTESIAN_POINT('',(2.99149614591075,-0.22594824340798,50.3444773361043));
#5181=CARTESIAN_POINT('',(2.99222220855305,-0.215884817997886,50.3280995449172));
#5182=CARTESIAN_POINT('',(2.99294873172226,-0.205815009559805,50.3117113656271));
#5183=CARTESIAN_POINT('',(2.99343348805191,-0.198425604671925,50.2933524791189));
#5184=CARTESIAN_POINT('',(2.99369875297594,-0.194339333204614,50.2745446797166));
#5185=CARTESIAN_POINT('',(2.99386741142843,-0.191741235379667,50.2625864671725));
#5186=CARTESIAN_POINT('',(2.99395065286839,-0.1904192432215,50.2502787079467));
#5187=CARTESIAN_POINT('',(2.99395065286839,-0.1904192432215,50.23804035));
#5188=CARTESIAN_POINT('',(2.99395065286839,-0.1904192432215,50.23804035));
#5189=CARTESIAN_POINT('',(2.99395065286839,-0.1904192432215,56.01904035));
#5190=CARTESIAN_POINT('',(2.99395065286839,-0.1904192432215,55.9998238216495));
#5191=CARTESIAN_POINT('',(2.99374477586252,-0.193733597221076,55.9803423607282));
#5192=CARTESIAN_POINT('',(2.99332039060825,-0.200082580873391,55.962209923893));
#5193=CARTESIAN_POINT('',(2.99289602223254,-0.206431312015226,55.9440782082173));
#5194=CARTESIAN_POINT('',(2.99223879780417,-0.215988375273667,55.9267954973416));
#5195=CARTESIAN_POINT('',(2.99132697861362,-0.227953738768148,55.9117873578439));
#5196=CARTESIAN_POINT('',(2.99041421851182,-0.239931449387317,55.8967637313642));
#5197=CARTESIAN_POINT('',(2.98921697208677,-0.254652157690185,55.8836049583199));
#5198=CARTESIAN_POINT('',(2.98774475648699,-0.270889774787776,55.8733980779199));
#5199=CARTESIAN_POINT('',(2.98627154956802,-0.287138325515942,55.8631843246974));
#5200=CARTESIAN_POINT('',(2.98447836638059,-0.305354596639772,55.8556448810108));
#5201=CARTESIAN_POINT('',(2.98245039527694,-0.324021048255363,55.8514072623909));
#5202=CARTESIAN_POINT('',(2.98042469156766,-0.342666629648887,55.8471743816849));
#5203=CARTESIAN_POINT('',(2.97810692323097,-0.362276059867775,55.8461194292074));
#5204=CARTESIAN_POINT('',(2.97567988549816,-0.381220695977691,55.8483304720829));
#5205=CARTESIAN_POINT('',(2.9732556693644,-0.400143307639283,55.8505389444685));
#5206=CARTESIAN_POINT('',(2.97065665447327,-0.418924242056324,55.8560661372563));
#5207=CARTESIAN_POINT('',(2.96814569523143,-0.4360173527272,55.8644530352237));
#5208=CARTESIAN_POINT('',(2.96563322105909,-0.453120776139939,55.8728449932363));
#5209=CARTESIAN_POINT('',(2.963143053496,-0.469006078380675,55.8843307016978));
#5210=CARTESIAN_POINT('',(2.96096519202219,-0.482374472410294,55.8979618255934));
#5211=CARTESIAN_POINT('',(2.95878421419981,-0.495761995560819,55.9116124545557));
#5212=CARTESIAN_POINT('',(2.95686058153683,-0.506995159540477,55.9277915218116));
#5213=CARTESIAN_POINT('',(2.95543842405125,-0.515154075633241,55.9451619468988));
#5214=CARTESIAN_POINT('',(2.95401622437178,-0.523313233792308,55.962532887348));
#5215=CARTESIAN_POINT('',(2.9530597329218,-0.528623155980118,55.981575519869));
#5216=CARTESIAN_POINT('',(2.95269605842785,-0.530646762493404,56.0007096998468));
#5217=CARTESIAN_POINT('',(2.95233290112534,-0.532667491180517,56.0198166685839));
#5218=CARTESIAN_POINT('',(2.95255178393946,-0.531467068790347,56.0395421225617));
#5219=CARTESIAN_POINT('',(2.95332337085748,-0.527144256486886,56.0582506615049));
#5220=CARTESIAN_POINT('',(2.95409445363169,-0.522824268646897,56.0769469765575));
#5221=CARTESIAN_POINT('',(2.95543669039948,-0.515267434760945,56.095142782183));
#5222=CARTESIAN_POINT('',(2.95717467895374,-0.505091989794855,56.1113368791216));
#5223=CARTESIAN_POINT('',(2.9589146416767,-0.494904986614038,56.1275493708183));
#5224=CARTESIAN_POINT('',(2.96109524923021,-0.481812527252119,56.1422025456767));
#5225=CARTESIAN_POINT('',(2.96344717208836,-0.466884202176091,56.154087871099));
#5226=CARTESIAN_POINT('',(2.96580180575105,-0.451938670850569,56.1659868954375));
#5227=CARTESIAN_POINT('',(2.9683890176462,-0.434739493827929,56.1754398271439));
#5228=CARTESIAN_POINT('',(2.97091909253193,-0.416701026671808,56.181661756927));
#5229=CARTESIAN_POINT('',(2.97344758307102,-0.398673855301822,56.187879790504));
#5230=CARTESIAN_POINT('',(2.97598621820004,-0.379309952939305,56.191042066233));
#5231=CARTESIAN_POINT('',(2.97829586813246,-0.360213439317898,56.1908845915688));
#5232=CARTESIAN_POINT('',(2.9806022279096,-0.341144129167527,56.1907273412312));
#5233=CARTESIAN_POINT('',(2.98274394252694,-0.321815700274613,56.1872557434824));
#5234=CARTESIAN_POINT('',(2.98457471414413,-0.303831821393954,56.1807587450683));
#5235=CARTESIAN_POINT('',(2.98640548105439,-0.28584798875001,56.174261763358));
#5236=CARTESIAN_POINT('',(2.98797850341976,-0.268713564136236,56.1645611636247));
#5237=CARTESIAN_POINT('',(2.9892407293747,-0.253850077501509,56.1524589214322));
#5238=CARTESIAN_POINT('',(2.99050475175121,-0.238965436898208,56.1403394551214));
#5239=CARTESIAN_POINT('',(2.99149614591075,-0.22594824340798,56.1254773361043));
#5240=CARTESIAN_POINT('',(2.99222220855305,-0.215884817997886,56.1090995449172));
#5241=CARTESIAN_POINT('',(2.99294873172226,-0.205815009559805,56.0927113656271));
#5242=CARTESIAN_POINT('',(2.99343348805191,-0.198425604671925,56.0743524791189));
#5243=CARTESIAN_POINT('',(2.99369875297594,-0.194339333204614,56.0555446797166));
#5244=CARTESIAN_POINT('',(2.99386741142843,-0.191741235379667,56.0435864671725));
#5245=CARTESIAN_POINT('',(2.99395065286839,-0.1904192432215,56.0312787079467));
#5246=CARTESIAN_POINT('',(2.99395065286839,-0.1904192432215,56.01904035));
#5247=CARTESIAN_POINT('',(2.99395065286839,-0.1904192432215,56.01904035));
#5248=CARTESIAN_POINT('',(2.86138158049526,-0.901385295421741,50.23804035));
#5249=CARTESIAN_POINT('',(2.86138158049526,-0.901385295421741,50.2188238216495));
#5250=CARTESIAN_POINT('',(2.86038850907192,-0.904554070725262,50.1993423607282));
#5251=CARTESIAN_POINT('',(2.85845704444155,-0.91061700241241,50.181209923893));
#5252=CARTESIAN_POINT('',(2.85652565662899,-0.916679692965878,50.1630782082173));
#5253=CARTESIAN_POINT('',(2.85360037500571,-0.925801761234621,50.1457954973416));
#5254=CARTESIAN_POINT('',(2.84985155271056,-0.937201220396821,50.1307873578439));
#5255=CARTESIAN_POINT('',(2.84609886198497,-0.948612442723902,50.1157637313642));
#5256=CARTESIAN_POINT('',(2.84141350927884,-0.962618874173761,50.1026049583199));
#5257=CARTESIAN_POINT('',(2.83609815746659,-0.978032331374928,50.0923980779199));
#5258=CARTESIAN_POINT('',(2.83077922655202,-0.993456167257026,50.0821843246974));
#5259=CARTESIAN_POINT('',(2.8246787109842,-1.01071396982304,50.0746448810108));
#5260=CARTESIAN_POINT('',(2.81824249476686,-1.02835268302775,50.0704072623909));
#5261=CARTESIAN_POINT('',(2.81181347462858,-1.0459716750841,50.0661743816849));
#5262=CARTESIAN_POINT('',(2.80487021260825,-1.06445661263036,50.0651194292074));
#5263=CARTESIAN_POINT('',(2.79797995200567,-1.08226992389812,50.067330472083));
#5264=CARTESIAN_POINT('',(2.79109770180707,-1.10006252596085,50.0695389444685));
#5265=CARTESIAN_POINT('',(2.7840796377692,-1.11767573558152,50.0750661372563));
#5266=CARTESIAN_POINT('',(2.7775509933045,-1.13367123964281,50.0834530352237));
#5267=CARTESIAN_POINT('',(2.77101840992977,-1.14967639422982,50.0918449932363));
#5268=CARTESIAN_POINT('',(2.76479900045221,-1.16450416235325,50.1033307016978));
#5269=CARTESIAN_POINT('',(2.75948515757707,-1.17696289878311,50.1169618255934));
#5270=CARTESIAN_POINT('',(2.75416371101052,-1.18943946268535,50.1306124545557));
#5271=CARTESIAN_POINT('',(2.74960770351682,-1.19988585590662,50.1467915218116));
#5272=CARTESIAN_POINT('',(2.7462743149185,-1.20746734416257,50.1641619468988));
#5273=CARTESIAN_POINT('',(2.7429408274221,-1.21504905735316,50.181532887348));
#5274=CARTESIAN_POINT('',(2.74074138231961,-1.21997577946585,50.200575519869));
#5275=CARTESIAN_POINT('',(2.73990399480852,-1.22185355064851,50.2197096998468));
#5276=CARTESIAN_POINT('',(2.73906779816912,-1.22372865140141,50.2388166685839));
#5277=CARTESIAN_POINT('',(2.73956760052818,-1.22261549319028,50.2585421225617));
#5278=CARTESIAN_POINT('',(2.74135128323066,-1.21860294679181,50.277250661505));
#5279=CARTESIAN_POINT('',(2.74313380050048,-1.21459302213352,50.2959469765575));
#5280=CARTESIAN_POINT('',(2.74624550302855,-1.20757699439002,50.314142782183));
#5281=CARTESIAN_POINT('',(2.75036813216557,-1.19811315724692,50.3303368791216));
#5282=CARTESIAN_POINT('',(2.75449544416736,-1.18863857019929,50.3465493708183));
#5283=CARTESIAN_POINT('',(2.75974591783782,-1.17644840745707,50.3612025456767));
#5284=CARTESIAN_POINT('',(2.76560208012443,-1.16251672435778,50.373087871099));
#5285=CARTESIAN_POINT('',(2.77146499216955,-1.14856898372932,50.3849868954375));
#5286=CARTESIAN_POINT('',(2.77809305686347,-1.13248874386606,50.3944398271439));
#5287=CARTESIAN_POINT('',(2.78486650012144,-1.11557992833389,50.4006617569271));
#5288=CARTESIAN_POINT('',(2.79163570181244,-1.09868170119387,50.406879790504));
#5289=CARTESIAN_POINT('',(2.79873465397548,-1.08048801379384,50.410042066233));
#5290=CARTESIAN_POINT('',(2.80554728452136,-1.06249914555962,50.4098845915688));
#5291=CARTESIAN_POINT('',(2.81235021030116,-1.04453590292731,50.4097273412312));
#5292=CARTESIAN_POINT('',(2.81905528638427,-1.02628166890639,50.4062557434824));
#5293=CARTESIAN_POINT('',(2.82513668302635,-1.00925850118736,50.3997587450683));
#5294=CARTESIAN_POINT('',(2.8312180640331,-0.99223537723505,50.393261763358));
#5295=CARTESIAN_POINT('',(2.83684591343602,-0.975975296752311,50.3835611636247));
#5296=CARTESIAN_POINT('',(2.84162852657632,-0.961845786468788,50.3714589214322));
#5297=CARTESIAN_POINT('',(2.84641794641351,-0.947696166824395,50.3593394551214));
#5298=CARTESIAN_POINT('',(2.85049575076783,-0.935294485471068,50.3444773361043));
#5299=CARTESIAN_POINT('',(2.85360905068633,-0.925697243077416,50.3280995449172));
#5300=CARTESIAN_POINT('',(2.85672432530825,-0.916093913346273,50.3117113656271));
#5301=CARTESIAN_POINT('',(2.85896339583941,-0.909035240917787,50.2933524791189));
#5302=CARTESIAN_POINT('',(2.8601988614175,-0.905131191124324,50.2745446797166));
#5303=CARTESIAN_POINT('',(2.86098438446874,-0.902648951909915,50.2625864671725));
#5304=CARTESIAN_POINT('',(2.86138158049526,-0.901385295421741,50.2502787079467));
#5305=CARTESIAN_POINT('',(2.86138158049526,-0.901385295421741,50.23804035));
#5306=CARTESIAN_POINT('',(2.86138158049526,-0.901385295421741,50.23804035));
#5307=CARTESIAN_POINT('',(2.86138158049526,-0.901385295421741,56.01904035));
#5308=CARTESIAN_POINT('',(2.86138158049526,-0.901385295421741,55.9998238216495));
#5309=CARTESIAN_POINT('',(2.86038850907192,-0.904554070725262,55.9803423607282));
#5310=CARTESIAN_POINT('',(2.85845704444155,-0.91061700241241,55.962209923893));
#5311=CARTESIAN_POINT('',(2.85652565662899,-0.916679692965878,55.9440782082173));
#5312=CARTESIAN_POINT('',(2.85360037500571,-0.925801761234621,55.9267954973416));
#5313=CARTESIAN_POINT('',(2.84985155271056,-0.937201220396821,55.9117873578439));
#5314=CARTESIAN_POINT('',(2.84609886198497,-0.948612442723902,55.8967637313642));
#5315=CARTESIAN_POINT('',(2.84141350927884,-0.962618874173761,55.8836049583199));
#5316=CARTESIAN_POINT('',(2.83609815746659,-0.978032331374928,55.8733980779199));
#5317=CARTESIAN_POINT('',(2.83077922655202,-0.993456167257026,55.8631843246974));
#5318=CARTESIAN_POINT('',(2.8246787109842,-1.01071396982304,55.8556448810108));
#5319=CARTESIAN_POINT('',(2.81824249476686,-1.02835268302775,55.8514072623909));
#5320=CARTESIAN_POINT('',(2.81181347462858,-1.0459716750841,55.8471743816849));
#5321=CARTESIAN_POINT('',(2.80487021260825,-1.06445661263036,55.8461194292074));
#5322=CARTESIAN_POINT('',(2.79797995200567,-1.08226992389812,55.8483304720829));
#5323=CARTESIAN_POINT('',(2.79109770180707,-1.10006252596085,55.8505389444685));
#5324=CARTESIAN_POINT('',(2.7840796377692,-1.11767573558152,55.8560661372563));
#5325=CARTESIAN_POINT('',(2.7775509933045,-1.13367123964281,55.8644530352237));
#5326=CARTESIAN_POINT('',(2.77101840992977,-1.14967639422982,55.8728449932363));
#5327=CARTESIAN_POINT('',(2.76479900045221,-1.16450416235325,55.8843307016978));
#5328=CARTESIAN_POINT('',(2.75948515757707,-1.17696289878311,55.8979618255934));
#5329=CARTESIAN_POINT('',(2.75416371101052,-1.18943946268535,55.9116124545557));
#5330=CARTESIAN_POINT('',(2.74960770351682,-1.19988585590662,55.9277915218116));
#5331=CARTESIAN_POINT('',(2.7462743149185,-1.20746734416257,55.9451619468988));
#5332=CARTESIAN_POINT('',(2.7429408274221,-1.21504905735316,55.962532887348));
#5333=CARTESIAN_POINT('',(2.74074138231961,-1.21997577946585,55.981575519869));
#5334=CARTESIAN_POINT('',(2.73990399480852,-1.22185355064851,56.0007096998468));
#5335=CARTESIAN_POINT('',(2.73906779816912,-1.22372865140141,56.0198166685839));
#5336=CARTESIAN_POINT('',(2.73956760052818,-1.22261549319028,56.0395421225617));
#5337=CARTESIAN_POINT('',(2.74135128323066,-1.21860294679181,56.0582506615049));
#5338=CARTESIAN_POINT('',(2.74313380050048,-1.21459302213352,56.0769469765575));
#5339=CARTESIAN_POINT('',(2.74624550302855,-1.20757699439002,56.095142782183));
#5340=CARTESIAN_POINT('',(2.75036813216557,-1.19811315724692,56.1113368791216));
#5341=CARTESIAN_POINT('',(2.75449544416736,-1.18863857019929,56.1275493708183));
#5342=CARTESIAN_POINT('',(2.75974591783782,-1.17644840745707,56.1422025456767));
#5343=CARTESIAN_POINT('',(2.76560208012443,-1.16251672435778,56.154087871099));
#5344=CARTESIAN_POINT('',(2.77146499216955,-1.14856898372932,56.1659868954375));
#5345=CARTESIAN_POINT('',(2.77809305686347,-1.13248874386606,56.1754398271439));
#5346=CARTESIAN_POINT('',(2.78486650012144,-1.11557992833389,56.181661756927));
#5347=CARTESIAN_POINT('',(2.79163570181244,-1.09868170119387,56.187879790504));
#5348=CARTESIAN_POINT('',(2.79873465397548,-1.08048801379384,56.191042066233));
#5349=CARTESIAN_POINT('',(2.80554728452136,-1.06249914555962,56.1908845915688));
#5350=CARTESIAN_POINT('',(2.81235021030116,-1.04453590292731,56.1907273412312));
#5351=CARTESIAN_POINT('',(2.81905528638427,-1.02628166890639,56.1872557434824));
#5352=CARTESIAN_POINT('',(2.82513668302635,-1.00925850118736,56.1807587450683));
#5353=CARTESIAN_POINT('',(2.8312180640331,-0.99223537723505,56.174261763358));
#5354=CARTESIAN_POINT('',(2.83684591343602,-0.975975296752311,56.1645611636247));
#5355=CARTESIAN_POINT('',(2.84162852657632,-0.961845786468788,56.1524589214322));
#5356=CARTESIAN_POINT('',(2.84641794641351,-0.947696166824395,56.1403394551214));
#5357=CARTESIAN_POINT('',(2.85049575076783,-0.935294485471068,56.1254773361043));
#5358=CARTESIAN_POINT('',(2.85360905068633,-0.925697243077416,56.1090995449172));
#5359=CARTESIAN_POINT('',(2.85672432530825,-0.916093913346273,56.0927113656271));
#5360=CARTESIAN_POINT('',(2.85896339583941,-0.909035240917787,56.0743524791189));
#5361=CARTESIAN_POINT('',(2.8601988614175,-0.905131191124324,56.0555446797166));
#5362=CARTESIAN_POINT('',(2.86098438446874,-0.902648951909915,56.0435864671725));
#5363=CARTESIAN_POINT('',(2.86138158049526,-0.901385295421741,56.0312787079467));
#5364=CARTESIAN_POINT('',(2.86138158049526,-0.901385295421741,56.01904035));
#5365=CARTESIAN_POINT('',(2.86138158049526,-0.901385295421741,56.01904035));
#5366=CARTESIAN_POINT('',(2.5625194113626,-1.55996611065431,50.23804035));
#5367=CARTESIAN_POINT('',(2.5625194113626,-1.55996611065431,50.2188238216495));
#5368=CARTESIAN_POINT('',(2.56079685922325,-1.56280514955917,50.1993423607282));
#5369=CARTESIAN_POINT('',(2.55747056492051,-1.56822967372935,50.181209923893));
#5370=CARTESIAN_POINT('',(2.55414440291045,-1.57365398215647,50.1630782082173));
#5371=CARTESIAN_POINT('',(2.54912107082725,-1.5818109139851,50.1457954973416));
#5372=CARTESIAN_POINT('',(2.54275311335287,-1.59198197368386,50.1307873578439));
#5373=CARTESIAN_POINT('',(2.53637858474799,-1.60216352895531,50.1157637313642));
#5374=CARTESIAN_POINT('',(2.5284774214295,-1.6146416806676,50.1026049583199));
#5375=CARTESIAN_POINT('',(2.51962784233159,-1.62833520386545,50.0923980779199));
#5376=CARTESIAN_POINT('',(2.51077230435264,-1.64203794762337,50.0821843246974));
#5377=CARTESIAN_POINT('',(2.50071899619476,-1.65733432087599,50.0746448810108));
#5378=CARTESIAN_POINT('',(2.49024858435558,-1.67292019777247,50.0704072623909));
#5379=CARTESIAN_POINT('',(2.47978987907021,-1.68848864871578,50.0661743816849));
#5380=CARTESIAN_POINT('',(2.46862464051713,-1.70477481620923,50.0651194292074));
#5381=CARTESIAN_POINT('',(2.45767159394591,-1.7204215577327,50.067330472083));
#5382=CARTESIAN_POINT('',(2.44673128104806,-1.73605010883815,50.0695389444685));
#5383=CARTESIAN_POINT('',(2.43570203223571,-1.75147197794073,50.0750661372563));
#5384=CARTESIAN_POINT('',(2.42553512363379,-1.76544027483767,50.0834530352237));
#5385=CARTESIAN_POINT('',(2.41536208105742,-1.77941699919073,50.0918449932363));
#5386=CARTESIAN_POINT('',(2.4057748791376,-1.79232549721027,50.1033307016978));
#5387=CARTESIAN_POINT('',(2.397633876094,-1.80315051956472,50.1169618255934));
#5388=CARTESIAN_POINT('',(2.38948122391504,-1.81399103167515,50.1306124545557));
#5389=CARTESIAN_POINT('',(2.38255762018575,-1.82304354773511,50.1467915218116));
#5390=CARTESIAN_POINT('',(2.37750672490365,-1.8296069996144,50.1641619468988));
#5391=CARTESIAN_POINT('',(2.37245567976689,-1.83617064622428,50.181532887348));
#5392=CARTESIAN_POINT('',(2.36914110476659,-1.84042784508056,50.200575519869));
#5393=CARTESIAN_POINT('',(2.36787867015672,-1.84205065169688,50.2197096998468));
#5394=CARTESIAN_POINT('',(2.36661803088965,-1.84367115047552,50.2388166685839));
#5395=CARTESIAN_POINT('',(2.36736970609727,-1.8427099491525,50.2585421225617));
#5396=CARTESIAN_POINT('',(2.37006182342896,-1.83924086327068,50.277250661505));
#5397=CARTESIAN_POINT('',(2.37275218176985,-1.83577404403975,50.2959469765575));
#5398=CARTESIAN_POINT('',(2.37745250921783,-1.82970656846894,50.314142782183));
#5399=CARTESIAN_POINT('',(2.38372018671732,-1.82150434296392,50.3303368791216));
#5400=CARTESIAN_POINT('',(2.38999498362658,-1.81329280060997,50.3465493708183));
#5401=CARTESIAN_POINT('',(2.39801018496895,-1.80271338243659,50.3612025456767));
#5402=CARTESIAN_POINT('',(2.4070302478182,-1.79058800009615,50.373087871099));
#5403=CARTESIAN_POINT('',(2.41606070710851,-1.77844864215211,50.3849868954375));
#5404=CARTESIAN_POINT('',(2.42634442557322,-1.7644218645398,50.3944398271439));
#5405=CARTESIAN_POINT('',(2.43696758930174,-1.74962537952927,50.4006617569271));
#5406=CARTESIAN_POINT('',(2.44758410074742,-1.73483816015804,50.406879790504));
#5407=CARTESIAN_POINT('',(2.4588308046484,-1.71887203870081,50.410042066233));
#5408=CARTESIAN_POINT('',(2.46975049048333,-1.70303626348867,50.4098845915688));
#5409=CARTESIAN_POINT('',(2.48065462094709,-1.68722304674248,50.4097273412312));
#5410=CARTESIAN_POINT('',(2.49153338384598,-1.67110387732342,50.4062557434824));
#5411=CARTESIAN_POINT('',(2.50151197684509,-1.65603074539715,50.3997587450683));
#5412=CARTESIAN_POINT('',(2.51149054418914,-1.64095765222404,50.393261763358));
#5413=CARTESIAN_POINT('',(2.5208461504787,-1.62651689264701,50.3835611636247));
#5414=CARTESIAN_POINT('',(2.52887120271276,-1.61394251449368,50.3714589214322));
#5415=CARTESIAN_POINT('',(2.53690767633851,-1.60135024027016,50.3593394551214));
#5416=CARTESIAN_POINT('',(2.54383490372075,-1.59028481169571,50.3444773361043));
#5417=CARTESIAN_POINT('',(2.54915450724058,-1.58171150916186,50.3280995449172));
#5418=CARTESIAN_POINT('',(2.55447748487775,-1.57313276875495,50.3117113656271));
#5419=CARTESIAN_POINT('',(2.55834074296983,-1.56681505317017,50.2933524791189));
#5420=CARTESIAN_POINT('',(2.56047460843332,-1.56332011423391,50.2745446797166));
#5421=CARTESIAN_POINT('',(2.56183134433884,-1.5610979923506,50.2625864671725));
#5422=CARTESIAN_POINT('',(2.5625194113626,-1.55996611065431,50.2502787079467));
#5423=CARTESIAN_POINT('',(2.5625194113626,-1.55996611065431,50.23804035));
#5424=CARTESIAN_POINT('',(2.5625194113626,-1.55996611065431,50.23804035));
#5425=CARTESIAN_POINT('',(2.5625194113626,-1.55996611065431,56.01904035));
#5426=CARTESIAN_POINT('',(2.5625194113626,-1.55996611065431,55.9998238216495));
#5427=CARTESIAN_POINT('',(2.56079685922325,-1.56280514955917,55.9803423607282));
#5428=CARTESIAN_POINT('',(2.55747056492051,-1.56822967372935,55.962209923893));
#5429=CARTESIAN_POINT('',(2.55414440291045,-1.57365398215647,55.9440782082173));
#5430=CARTESIAN_POINT('',(2.54912107082725,-1.5818109139851,55.9267954973416));
#5431=CARTESIAN_POINT('',(2.54275311335287,-1.59198197368386,55.9117873578439));
#5432=CARTESIAN_POINT('',(2.53637858474799,-1.60216352895531,55.8967637313642));
#5433=CARTESIAN_POINT('',(2.5284774214295,-1.6146416806676,55.8836049583199));
#5434=CARTESIAN_POINT('',(2.51962784233159,-1.62833520386545,55.8733980779199));
#5435=CARTESIAN_POINT('',(2.51077230435264,-1.64203794762337,55.8631843246974));
#5436=CARTESIAN_POINT('',(2.50071899619476,-1.65733432087599,55.8556448810108));
#5437=CARTESIAN_POINT('',(2.49024858435558,-1.67292019777247,55.8514072623909));
#5438=CARTESIAN_POINT('',(2.47978987907021,-1.68848864871578,55.8471743816849));
#5439=CARTESIAN_POINT('',(2.46862464051713,-1.70477481620923,55.8461194292074));
#5440=CARTESIAN_POINT('',(2.45767159394591,-1.7204215577327,55.8483304720829));
#5441=CARTESIAN_POINT('',(2.44673128104806,-1.73605010883815,55.8505389444685));
#5442=CARTESIAN_POINT('',(2.43570203223571,-1.75147197794073,55.8560661372563));
#5443=CARTESIAN_POINT('',(2.42553512363379,-1.76544027483767,55.8644530352237));
#5444=CARTESIAN_POINT('',(2.41536208105742,-1.77941699919073,55.8728449932363));
#5445=CARTESIAN_POINT('',(2.4057748791376,-1.79232549721027,55.8843307016978));
#5446=CARTESIAN_POINT('',(2.397633876094,-1.80315051956472,55.8979618255934));
#5447=CARTESIAN_POINT('',(2.38948122391504,-1.81399103167515,55.9116124545557));
#5448=CARTESIAN_POINT('',(2.38255762018575,-1.82304354773511,55.9277915218116));
#5449=CARTESIAN_POINT('',(2.37750672490365,-1.8296069996144,55.9451619468988));
#5450=CARTESIAN_POINT('',(2.37245567976689,-1.83617064622428,55.962532887348));
#5451=CARTESIAN_POINT('',(2.36914110476659,-1.84042784508056,55.981575519869));
#5452=CARTESIAN_POINT('',(2.36787867015672,-1.84205065169688,56.0007096998468));
#5453=CARTESIAN_POINT('',(2.36661803088965,-1.84367115047552,56.0198166685839));
#5454=CARTESIAN_POINT('',(2.36736970609727,-1.8427099491525,56.0395421225617));
#5455=CARTESIAN_POINT('',(2.37006182342896,-1.83924086327068,56.0582506615049));
#5456=CARTESIAN_POINT('',(2.37275218176985,-1.83577404403975,56.0769469765575));
#5457=CARTESIAN_POINT('',(2.37745250921783,-1.82970656846894,56.095142782183));
#5458=CARTESIAN_POINT('',(2.38372018671732,-1.82150434296392,56.1113368791216));
#5459=CARTESIAN_POINT('',(2.38999498362658,-1.81329280060997,56.1275493708183));
#5460=CARTESIAN_POINT('',(2.39801018496895,-1.80271338243659,56.1422025456767));
#5461=CARTESIAN_POINT('',(2.4070302478182,-1.79058800009615,56.154087871099));
#5462=CARTESIAN_POINT('',(2.41606070710851,-1.77844864215211,56.1659868954375));
#5463=CARTESIAN_POINT('',(2.42634442557322,-1.7644218645398,56.1754398271439));
#5464=CARTESIAN_POINT('',(2.43696758930174,-1.74962537952927,56.181661756927));
#5465=CARTESIAN_POINT('',(2.44758410074742,-1.73483816015804,56.187879790504));
#5466=CARTESIAN_POINT('',(2.4588308046484,-1.71887203870081,56.191042066233));
#5467=CARTESIAN_POINT('',(2.46975049048333,-1.70303626348867,56.1908845915688));
#5468=CARTESIAN_POINT('',(2.48065462094709,-1.68722304674248,56.1907273412312));
#5469=CARTESIAN_POINT('',(2.49153338384598,-1.67110387732342,56.1872557434824));
#5470=CARTESIAN_POINT('',(2.50151197684509,-1.65603074539715,56.1807587450683));
#5471=CARTESIAN_POINT('',(2.51149054418914,-1.64095765222404,56.174261763358));
#5472=CARTESIAN_POINT('',(2.5208461504787,-1.62651689264701,56.1645611636247));
#5473=CARTESIAN_POINT('',(2.52887120271276,-1.61394251449368,56.1524589214322));
#5474=CARTESIAN_POINT('',(2.53690767633851,-1.60135024027016,56.1403394551214));
#5475=CARTESIAN_POINT('',(2.54383490372075,-1.59028481169571,56.1254773361043));
#5476=CARTESIAN_POINT('',(2.54915450724058,-1.58171150916186,56.1090995449172));
#5477=CARTESIAN_POINT('',(2.55447748487775,-1.57313276875495,56.0927113656271));
#5478=CARTESIAN_POINT('',(2.55834074296983,-1.56681505317017,56.0743524791189));
#5479=CARTESIAN_POINT('',(2.56047460843332,-1.56332011423391,56.0555446797166));
#5480=CARTESIAN_POINT('',(2.56183134433884,-1.5610979923506,56.0435864671725));
#5481=CARTESIAN_POINT('',(2.5625194113626,-1.55996611065431,56.0312787079467));
#5482=CARTESIAN_POINT('',(2.5625194113626,-1.55996611065431,56.01904035));
#5483=CARTESIAN_POINT('',(2.5625194113626,-1.55996611065431,56.01904035));
#5484=CARTESIAN_POINT('',(2.11473292842063,-2.12788736578175,50.23804035));
#5485=CARTESIAN_POINT('',(2.11473292842063,-2.12788736578175,50.2188238216495));
#5486=CARTESIAN_POINT('',(2.11238100403439,-2.13023167366627,50.1993423607282));
#5487=CARTESIAN_POINT('',(2.10785319219355,-2.13470253669206,50.181209923893));
#5488=CARTESIAN_POINT('',(2.10332556043192,-2.1391732219036,50.1630782082173));
#5489=CARTESIAN_POINT('',(2.0964961156904,-2.14589096606349,50.1457954973416));
#5490=CARTESIAN_POINT('',(2.08787910557862,-2.15424252127942,50.1307873578439));
#5491=CARTESIAN_POINT('',(2.07925320352649,-2.1626026945113,50.1157637313642));
#5492=CARTESIAN_POINT('',(2.06859541648815,-2.17282738166474,50.1026049583199));
#5493=CARTESIAN_POINT('',(2.05672591547484,-2.18400515306495,50.0923980779199));
#5494=CARTESIAN_POINT('',(2.04484842211029,-2.19519045103893,50.0821843246974));
#5495=CARTESIAN_POINT('',(2.03142658309019,-2.20763642536476,50.0746448810108));
#5496=CARTESIAN_POINT('',(2.01753047790687,-2.22026367144016,50.0704072623909));
#5497=CARTESIAN_POINT('',(2.00364990940974,-2.2328767994906,50.0661743816849));
#5498=CARTESIAN_POINT('',(1.98891157740463,-2.24601770407434,50.0651194292074));
#5499=CARTESIAN_POINT('',(1.97453229611879,-2.25858854410977,50.067330472083));
#5500=CARTESIAN_POINT('',(1.96016973174088,-2.27114476967517,50.0695389444685));
#5501=CARTESIAN_POINT('',(1.94577027800535,-2.28347903528361,50.0750661372563));
#5502=CARTESIAN_POINT('',(1.93255596903893,-2.29460833837325,50.0834530352237));
#5503=CARTESIAN_POINT('',(1.91933368751796,-2.30574435607629,50.0918449932363));
#5504=CARTESIAN_POINT('',(1.9069358664834,-2.31598338900752,50.1033307016978));
#5505=CARTESIAN_POINT('',(1.89644082877689,-2.32454558633468,50.1169618255934));
#5506=CARTESIAN_POINT('',(1.88593077349649,-2.33312003549311,50.1306124545557));
#5507=CARTESIAN_POINT('',(1.87704194821407,-2.34025257506289,50.1467915218116));
#5508=CARTESIAN_POINT('',(1.87056708592272,-2.34541654659948,50.1641619468988));
#5509=CARTESIAN_POINT('',(1.86409203152915,-2.35058067134557,50.181532887348));
#5510=CARTESIAN_POINT('',(1.85985495768207,-2.3539209340222,50.200575519869));
#5511=CARTESIAN_POINT('',(1.85824084408419,-2.3551944644503,50.2197096998468));
#5512=CARTESIAN_POINT('',(1.8566290259614,-2.35646618375595,50.2388166685839));
#5513=CARTESIAN_POINT('',(1.85758888938674,-2.3557128008481,50.2585421225617));
#5514=CARTESIAN_POINT('',(1.86103298527377,-2.35298878614477,50.277250661505));
#5515=CARTESIAN_POINT('',(1.86447483083802,-2.35026655127353,50.2959469765575));
#5516=CARTESIAN_POINT('',(1.87049061725964,-2.3455002475012,50.314142782183));
#5517=CARTESIAN_POINT('',(1.8785390884874,-2.33903631716675,50.3303368791216));
#5518=CARTESIAN_POINT('',(1.88659670191572,-2.33256504450034,50.3465493708183));
#5519=CARTESIAN_POINT('',(1.89691081656205,-2.32421120822542,50.3612025456767));
#5520=CARTESIAN_POINT('',(1.90857056670774,-2.31459680979149,50.373087871099));
#5521=CARTESIAN_POINT('',(1.92024375577368,-2.3049713298908,50.3849868954375));
#5522=CARTESIAN_POINT('',(1.9335854756718,-2.293813199859,50.3944398271439));
#5523=CARTESIAN_POINT('',(1.9474409802086,-2.28198896329588,50.4006617569271));
#5524=CARTESIAN_POINT('',(1.96128780835318,-2.27017213113394,50.406879790504));
#5525=CARTESIAN_POINT('',(1.97602864644149,-2.25736146856412,50.410042066233));
#5526=CARTESIAN_POINT('',(1.99042077511618,-2.24459910406869,50.4098845915688));
#5527=CARTESIAN_POINT('',(2.00479240183625,-2.23185491988721,50.4097273412312));
#5528=CARTESIAN_POINT('',(2.01921261739393,-2.21880760260585,50.4062557434824));
#5529=CARTESIAN_POINT('',(2.03250848719567,-2.20656050211129,50.3997587450683));
#5530=CARTESIAN_POINT('',(2.0458043228136,-2.19431343310414,50.393261763358));
#5531=CARTESIAN_POINT('',(2.05834397215851,-2.1825312388894,50.3835611636247));
#5532=CARTESIAN_POINT('',(2.06914507662034,-2.17224277001855,50.3714589214322));
#5533=CARTESIAN_POINT('',(2.07996155339892,-2.1619396584227,50.3593394551214));
#5534=CARTESIAN_POINT('',(2.08933561853308,-2.15285356511468,50.3444773361043));
#5535=CARTESIAN_POINT('',(2.09655236963364,-2.14580245162122,50.3280995449172));
#5536=CARTESIAN_POINT('',(2.10377369817402,-2.13874686574853,50.3117113656271));
#5537=CARTESIAN_POINT('',(2.10903662530908,-2.13353726967328,50.2933524791189));
#5538=CARTESIAN_POINT('',(2.11194487815352,-2.13065455474161,50.2745446797166));
#5539=CARTESIAN_POINT('',(2.11379397835403,-2.12882169183619,50.2625864671725));
#5540=CARTESIAN_POINT('',(2.11473292842063,-2.12788736578175,50.2502787079467));
#5541=CARTESIAN_POINT('',(2.11473292842063,-2.12788736578175,50.23804035));
#5542=CARTESIAN_POINT('',(2.11473292842063,-2.12788736578175,50.23804035));
#5543=CARTESIAN_POINT('',(2.11473292842063,-2.12788736578175,56.01904035));
#5544=CARTESIAN_POINT('',(2.11473292842063,-2.12788736578175,55.9998238216495));
#5545=CARTESIAN_POINT('',(2.11238100403439,-2.13023167366627,55.9803423607282));
#5546=CARTESIAN_POINT('',(2.10785319219355,-2.13470253669206,55.962209923893));
#5547=CARTESIAN_POINT('',(2.10332556043192,-2.1391732219036,55.9440782082173));
#5548=CARTESIAN_POINT('',(2.0964961156904,-2.14589096606349,55.9267954973416));
#5549=CARTESIAN_POINT('',(2.08787910557862,-2.15424252127942,55.9117873578439));
#5550=CARTESIAN_POINT('',(2.07925320352649,-2.1626026945113,55.8967637313642));
#5551=CARTESIAN_POINT('',(2.06859541648815,-2.17282738166474,55.8836049583199));
#5552=CARTESIAN_POINT('',(2.05672591547484,-2.18400515306495,55.8733980779199));
#5553=CARTESIAN_POINT('',(2.04484842211029,-2.19519045103893,55.8631843246974));
#5554=CARTESIAN_POINT('',(2.03142658309019,-2.20763642536476,55.8556448810108));
#5555=CARTESIAN_POINT('',(2.01753047790687,-2.22026367144016,55.8514072623909));
#5556=CARTESIAN_POINT('',(2.00364990940974,-2.2328767994906,55.8471743816849));
#5557=CARTESIAN_POINT('',(1.98891157740463,-2.24601770407434,55.8461194292074));
#5558=CARTESIAN_POINT('',(1.97453229611879,-2.25858854410977,55.8483304720829));
#5559=CARTESIAN_POINT('',(1.96016973174088,-2.27114476967517,55.8505389444685));
#5560=CARTESIAN_POINT('',(1.94577027800535,-2.28347903528361,55.8560661372563));
#5561=CARTESIAN_POINT('',(1.93255596903893,-2.29460833837325,55.8644530352237));
#5562=CARTESIAN_POINT('',(1.91933368751796,-2.30574435607629,55.8728449932363));
#5563=CARTESIAN_POINT('',(1.9069358664834,-2.31598338900752,55.8843307016978));
#5564=CARTESIAN_POINT('',(1.89644082877689,-2.32454558633468,55.8979618255934));
#5565=CARTESIAN_POINT('',(1.88593077349649,-2.33312003549311,55.9116124545557));
#5566=CARTESIAN_POINT('',(1.87704194821407,-2.34025257506289,55.9277915218116));
#5567=CARTESIAN_POINT('',(1.87056708592272,-2.34541654659948,55.9451619468988));
#5568=CARTESIAN_POINT('',(1.86409203152915,-2.35058067134557,55.962532887348));
#5569=CARTESIAN_POINT('',(1.85985495768207,-2.3539209340222,55.981575519869));
#5570=CARTESIAN_POINT('',(1.85824084408419,-2.3551944644503,56.0007096998468));
#5571=CARTESIAN_POINT('',(1.8566290259614,-2.35646618375595,56.0198166685839));
#5572=CARTESIAN_POINT('',(1.85758888938674,-2.3557128008481,56.0395421225617));
#5573=CARTESIAN_POINT('',(1.86103298527377,-2.35298878614477,56.0582506615049));
#5574=CARTESIAN_POINT('',(1.86447483083802,-2.35026655127353,56.0769469765575));
#5575=CARTESIAN_POINT('',(1.87049061725964,-2.3455002475012,56.095142782183));
#5576=CARTESIAN_POINT('',(1.8785390884874,-2.33903631716675,56.1113368791216));
#5577=CARTESIAN_POINT('',(1.88659670191572,-2.33256504450034,56.1275493708183));
#5578=CARTESIAN_POINT('',(1.89691081656205,-2.32421120822542,56.1422025456767));
#5579=CARTESIAN_POINT('',(1.90857056670774,-2.31459680979149,56.154087871099));
#5580=CARTESIAN_POINT('',(1.92024375577368,-2.3049713298908,56.1659868954375));
#5581=CARTESIAN_POINT('',(1.9335854756718,-2.293813199859,56.1754398271439));
#5582=CARTESIAN_POINT('',(1.9474409802086,-2.28198896329588,56.181661756927));
#5583=CARTESIAN_POINT('',(1.96128780835318,-2.27017213113394,56.187879790504));
#5584=CARTESIAN_POINT('',(1.97602864644149,-2.25736146856412,56.191042066233));
#5585=CARTESIAN_POINT('',(1.99042077511618,-2.24459910406869,56.1908845915688));
#5586=CARTESIAN_POINT('',(2.00479240183625,-2.23185491988721,56.1907273412312));
#5587=CARTESIAN_POINT('',(2.01921261739393,-2.21880760260585,56.1872557434824));
#5588=CARTESIAN_POINT('',(2.03250848719567,-2.20656050211129,56.1807587450683));
#5589=CARTESIAN_POINT('',(2.0458043228136,-2.19431343310414,56.174261763358));
#5590=CARTESIAN_POINT('',(2.05834397215851,-2.1825312388894,56.1645611636247));
#5591=CARTESIAN_POINT('',(2.06914507662034,-2.17224277001855,56.1524589214322));
#5592=CARTESIAN_POINT('',(2.07996155339892,-2.1619396584227,56.1403394551214));
#5593=CARTESIAN_POINT('',(2.08933561853308,-2.15285356511468,56.1254773361043));
#5594=CARTESIAN_POINT('',(2.09655236963364,-2.14580245162122,56.1090995449172));
#5595=CARTESIAN_POINT('',(2.10377369817402,-2.13874686574853,56.0927113656271));
#5596=CARTESIAN_POINT('',(2.10903662530908,-2.13353726967328,56.0743524791189));
#5597=CARTESIAN_POINT('',(2.11194487815352,-2.13065455474161,56.0555446797166));
#5598=CARTESIAN_POINT('',(2.11379397835403,-2.12882169183619,56.0435864671725));
#5599=CARTESIAN_POINT('',(2.11473292842063,-2.12788736578175,56.0312787079467));
#5600=CARTESIAN_POINT('',(2.11473292842063,-2.12788736578175,56.01904035));
#5601=CARTESIAN_POINT('',(2.11473292842063,-2.12788736578175,56.01904035));
#5602=CARTESIAN_POINT('',(1.54404585442028,-2.57214354176582,50.23804035));
#5603=CARTESIAN_POINT('',(1.54404585442028,-2.57214354176582,50.2188238216495));
#5604=CARTESIAN_POINT('',(1.54120124308357,-2.57385687597698,50.1993423607282));
#5605=CARTESIAN_POINT('',(1.53573505367091,-2.57711424755024,50.181209923893));
#5606=CARTESIAN_POINT('',(1.53026908165842,-2.58037148957199,50.1630782082173));
#5607=CARTESIAN_POINT('',(1.52203042676294,-2.58525963519056,50.1457954973416));
#5608=CARTESIAN_POINT('',(1.51166515331989,-2.59130632389117,50.1307873578439));
#5609=CARTESIAN_POINT('',(1.50128918389392,-2.59735925220326,50.1157637313642));
#5610=CARTESIAN_POINT('',(1.48849416497891,-2.60473625314571,50.1026049583199));
#5611=CARTESIAN_POINT('',(1.47429455430521,-2.61274866130404,50.0923980779199));
#5612=CARTESIAN_POINT('',(1.46008538229647,-2.62076646463275,50.0821843246974));
#5613=CARTESIAN_POINT('',(1.4440750409116,-2.62963872524324,50.0746448810108));
#5614=CARTESIAN_POINT('',(1.42756083350711,-2.63857349085382,50.0704072623909));
#5615=CARTESIAN_POINT('',(1.41106508998547,-2.64749826685597,50.0661743816849));
#5616=CARTESIAN_POINT('',(1.39361020281279,-2.65673020692083,50.0651194292074));
#5617=CARTESIAN_POINT('',(1.37664035837411,-2.66549457393851,50.067330472083));
#5618=CARTESIAN_POINT('',(1.359690242552,-2.67424875177401,50.0695389444685));
#5619=CARTESIAN_POINT('',(1.34275742780449,-2.68277859120439,50.0750661372563));
#5620=CARTESIAN_POINT('',(1.32726368607865,-2.69042210584453,50.0834530352237));
#5621=CARTESIAN_POINT('',(1.31176059655405,-2.69807023202642,50.0918449932363));
#5622=CARTESIAN_POINT('',(1.29727267269903,-2.70504474449276,50.1033307016978));
#5623=CARTESIAN_POINT('',(1.28503353377321,-2.71084651300629,50.1169618255934));
#5624=CARTESIAN_POINT('',(1.27277688160176,-2.71665658339447,50.1306124545557));
#5625=CARTESIAN_POINT('',(1.26243942098206,-2.72145462920002,50.1467915218116));
#5626=CARTESIAN_POINT('',(1.25491688714267,-2.72491900913847,50.1641619468988));
#5627=CARTESIAN_POINT('',(1.24739413011777,-2.72838349186135,50.181532887348));
#5628=CARTESIAN_POINT('',(1.24248080075477,-2.73061269443293,50.200575519869));
#5629=CARTESIAN_POINT('',(1.24060881458412,-2.73146293571343,50.2197096998468));
#5630=CARTESIAN_POINT('',(1.2387394906162,-2.73231196784254,50.2388166685839));
#5631=CARTESIAN_POINT('',(1.23985175848593,-2.73181018722604,50.2585421225617));
#5632=CARTESIAN_POINT('',(1.24384767459413,-2.72998955353437,50.277250661505));
#5633=CARTESIAN_POINT('',(1.24784097982814,-2.72817010941861,50.2959469765575));
#5634=CARTESIAN_POINT('',(1.25482260958307,-2.7249819776952,50.314142782183));
#5635=CARTESIAN_POINT('',(1.26418412664635,-2.72063200266693,50.3303368791216));
#5636=CARTESIAN_POINT('',(1.2735562773895,-2.71627708653331,50.3465493708183));
#5637=CARTESIAN_POINT('',(1.28556988648684,-2.71063432675619,50.3612025456767));
#5638=CARTESIAN_POINT('',(1.29919170163197,-2.70408966611883,50.373087871099));
#5639=CARTESIAN_POINT('',(1.31282921715533,-2.69753746216612,50.3849868954375));
#5640=CARTESIAN_POINT('',(1.32845356622157,-2.68989644967413,50.3944398271439));
#5641=CARTESIAN_POINT('',(1.34473618000568,-2.68173164320813,50.4006617569271));
#5642=CARTESIAN_POINT('',(1.36100859752858,-2.67357194958829,50.406879790504));
#5643=CARTESIAN_POINT('',(1.37838688587528,-2.66466125504958,50.410042066233));
#5644=CARTESIAN_POINT('',(1.39541503918441,-2.65571400350603,50.4098845915688));
#5645=CARTESIAN_POINT('',(1.41241893545456,-2.64677949755065,50.4097273412312));
#5646=CARTESIAN_POINT('',(1.42954255315817,-2.63756229506231,50.4062557434824));
#5647=CARTESIAN_POINT('',(1.44538299213818,-2.62885298296381,50.3997587450683));
#5648=CARTESIAN_POINT('',(1.46122339039228,-2.62014369325703,50.393261763358));
#5649=CARTESIAN_POINT('',(1.47621832395237,-2.61170480270581,50.3835611636247));
#5650=CARTESIAN_POINT('',(1.48916775971109,-2.60430017153113,50.3714589214322));
#5651=CARTESIAN_POINT('',(1.50213562532841,-2.59688500195864,50.3593394551214));
#5652=CARTESIAN_POINT('',(1.51341174162223,-2.5903062946335,50.3444773361043));
#5653=CARTESIAN_POINT('',(1.52210622896137,-2.58518715526691,50.3280995449172));
#5654=CARTESIAN_POINT('',(1.53080623103866,-2.58006476893336,50.3117113656271));
#5655=CARTESIAN_POINT('',(1.53716296502158,-2.57626605515543,50.2933524791189));
#5656=CARTESIAN_POINT('',(1.54067658816272,-2.57416309714193,50.2745446797166));
#5657=CARTESIAN_POINT('',(1.54291058967576,-2.57282601254427,50.2625864671725));
#5658=CARTESIAN_POINT('',(1.54404585442028,-2.57214354176582,50.2502787079467));
#5659=CARTESIAN_POINT('',(1.54404585442028,-2.57214354176582,50.23804035));
#5660=CARTESIAN_POINT('',(1.54404585442028,-2.57214354176582,50.23804035));
#5661=CARTESIAN_POINT('',(1.54404585442028,-2.57214354176582,56.01904035));
#5662=CARTESIAN_POINT('',(1.54404585442028,-2.57214354176582,55.9998238216495));
#5663=CARTESIAN_POINT('',(1.54120124308357,-2.57385687597698,55.9803423607282));
#5664=CARTESIAN_POINT('',(1.53573505367091,-2.57711424755024,55.962209923893));
#5665=CARTESIAN_POINT('',(1.53026908165842,-2.58037148957199,55.9440782082173));
#5666=CARTESIAN_POINT('',(1.52203042676294,-2.58525963519056,55.9267954973416));
#5667=CARTESIAN_POINT('',(1.51166515331989,-2.59130632389117,55.9117873578439));
#5668=CARTESIAN_POINT('',(1.50128918389392,-2.59735925220326,55.8967637313642));
#5669=CARTESIAN_POINT('',(1.48849416497891,-2.60473625314571,55.8836049583199));
#5670=CARTESIAN_POINT('',(1.47429455430521,-2.61274866130404,55.8733980779199));
#5671=CARTESIAN_POINT('',(1.46008538229647,-2.62076646463275,55.8631843246974));
#5672=CARTESIAN_POINT('',(1.4440750409116,-2.62963872524324,55.8556448810108));
#5673=CARTESIAN_POINT('',(1.42756083350711,-2.63857349085382,55.8514072623909));
#5674=CARTESIAN_POINT('',(1.41106508998547,-2.64749826685597,55.8471743816849));
#5675=CARTESIAN_POINT('',(1.39361020281279,-2.65673020692083,55.8461194292074));
#5676=CARTESIAN_POINT('',(1.37664035837411,-2.66549457393851,55.8483304720829));
#5677=CARTESIAN_POINT('',(1.359690242552,-2.67424875177401,55.8505389444685));
#5678=CARTESIAN_POINT('',(1.34275742780449,-2.68277859120439,55.8560661372563));
#5679=CARTESIAN_POINT('',(1.32726368607865,-2.69042210584453,55.8644530352237));
#5680=CARTESIAN_POINT('',(1.31176059655405,-2.69807023202642,55.8728449932363));
#5681=CARTESIAN_POINT('',(1.29727267269903,-2.70504474449276,55.8843307016978));
#5682=CARTESIAN_POINT('',(1.28503353377321,-2.71084651300629,55.8979618255934));
#5683=CARTESIAN_POINT('',(1.27277688160176,-2.71665658339447,55.9116124545557));
#5684=CARTESIAN_POINT('',(1.26243942098206,-2.72145462920002,55.9277915218116));
#5685=CARTESIAN_POINT('',(1.25491688714267,-2.72491900913847,55.9451619468988));
#5686=CARTESIAN_POINT('',(1.24739413011777,-2.72838349186135,55.962532887348));
#5687=CARTESIAN_POINT('',(1.24248080075477,-2.73061269443293,55.981575519869));
#5688=CARTESIAN_POINT('',(1.24060881458412,-2.73146293571343,56.0007096998468));
#5689=CARTESIAN_POINT('',(1.2387394906162,-2.73231196784254,56.0198166685839));
#5690=CARTESIAN_POINT('',(1.23985175848593,-2.73181018722604,56.0395421225617));
#5691=CARTESIAN_POINT('',(1.24384767459413,-2.72998955353437,56.0582506615049));
#5692=CARTESIAN_POINT('',(1.24784097982814,-2.72817010941861,56.0769469765575));
#5693=CARTESIAN_POINT('',(1.25482260958307,-2.7249819776952,56.095142782183));
#5694=CARTESIAN_POINT('',(1.26418412664635,-2.72063200266693,56.1113368791216));
#5695=CARTESIAN_POINT('',(1.2735562773895,-2.71627708653331,56.1275493708183));
#5696=CARTESIAN_POINT('',(1.28556988648684,-2.71063432675619,56.1422025456767));
#5697=CARTESIAN_POINT('',(1.29919170163197,-2.70408966611883,56.154087871099));
#5698=CARTESIAN_POINT('',(1.31282921715533,-2.69753746216612,56.1659868954375));
#5699=CARTESIAN_POINT('',(1.32845356622157,-2.68989644967413,56.1754398271439));
#5700=CARTESIAN_POINT('',(1.34473618000568,-2.68173164320813,56.181661756927));
#5701=CARTESIAN_POINT('',(1.36100859752858,-2.67357194958829,56.187879790504));
#5702=CARTESIAN_POINT('',(1.37838688587528,-2.66466125504958,56.191042066233));
#5703=CARTESIAN_POINT('',(1.39541503918441,-2.65571400350603,56.1908845915688));
#5704=CARTESIAN_POINT('',(1.41241893545456,-2.64677949755065,56.1907273412312));
#5705=CARTESIAN_POINT('',(1.42954255315817,-2.63756229506231,56.1872557434824));
#5706=CARTESIAN_POINT('',(1.44538299213818,-2.62885298296381,56.1807587450683));
#5707=CARTESIAN_POINT('',(1.46122339039228,-2.62014369325703,56.174261763358));
#5708=CARTESIAN_POINT('',(1.47621832395237,-2.61170480270581,56.1645611636247));
#5709=CARTESIAN_POINT('',(1.48916775971109,-2.60430017153113,56.1524589214322));
#5710=CARTESIAN_POINT('',(1.50213562532841,-2.59688500195864,56.1403394551214));
#5711=CARTESIAN_POINT('',(1.51341174162223,-2.5903062946335,56.1254773361043));
#5712=CARTESIAN_POINT('',(1.52210622896137,-2.58518715526691,56.1090995449172));
#5713=CARTESIAN_POINT('',(1.53080623103866,-2.58006476893336,56.0927113656271));
#5714=CARTESIAN_POINT('',(1.53716296502158,-2.57626605515543,56.0743524791189));
#5715=CARTESIAN_POINT('',(1.54067658816272,-2.57416309714193,56.0555446797166));
#5716=CARTESIAN_POINT('',(1.54291058967576,-2.57282601254427,56.0435864671725));
#5717=CARTESIAN_POINT('',(1.54404585442028,-2.57214354176582,56.0312787079467));
#5718=CARTESIAN_POINT('',(1.54404585442028,-2.57214354176582,56.01904035));
#5719=CARTESIAN_POINT('',(1.54404585442028,-2.57214354176582,56.01904035));
#5720=CARTESIAN_POINT('',(0.883624447739354,-2.86691608446382,50.23804035));
#5721=CARTESIAN_POINT('',(0.883624447739354,-2.86691608446382,50.2188238216495));
#5722=CARTESIAN_POINT('',(0.880452467923331,-2.86789887224498,50.1993423607282));
#5723=CARTESIAN_POINT('',(0.874365575998719,-2.86975344576994,50.181209923893));
#5724=CARTESIAN_POINT('',(0.868278926160729,-2.87160794553519,50.1630782082173));
#5725=CARTESIAN_POINT('',(0.859109861787527,-2.87438241135678,50.1457954973416));
#5726=CARTESIAN_POINT('',(0.847598717029487,-2.87777282197362,50.1307873578439));
#5727=CARTESIAN_POINT('',(0.836075693857582,-2.88116673117389,50.1157637313642));
#5728=CARTESIAN_POINT('',(0.82188704305725,-2.8852673214249,50.1026049583199));
#5729=CARTESIAN_POINT('',(0.806182552482034,-2.8896487143031,50.0923980779199));
#5730=CARTESIAN_POINT('',(0.790467487258008,-2.89403305740059,50.0821843246974));
#5731=CARTESIAN_POINT('',(0.772799106354441,-2.89881598075844,50.0746448810108));
#5732=CARTESIAN_POINT('',(0.754626542436427,-2.90353900980346,50.0704072623909));
#5733=CARTESIAN_POINT('',(0.736474296544157,-2.90825675821631,50.0661743816849));
#5734=CARTESIAN_POINT('',(0.71731726880047,-2.91304320696246,50.0651194292074));
#5735=CARTESIAN_POINT('',(0.698743086884843,-2.91749174780849,50.067330472083));
#5736=CARTESIAN_POINT('',(0.680190498738945,-2.92193511691845,50.0695389444685));
#5737=CARTESIAN_POINT('',(0.661708396624313,-2.92616480690778,50.0750661372563));
#5738=CARTESIAN_POINT('',(0.644835662090701,-2.92987831981058,50.0834530352237));
#5739=CARTESIAN_POINT('',(0.627952747774186,-2.93359407317743,50.0918449932363));
#5740=CARTESIAN_POINT('',(0.612216706571703,-2.93689873186565,50.1033307016978));
#5741=CARTESIAN_POINT('',(0.598944760693474,-2.93960289386812,50.1169618255934));
#5742=CARTESIAN_POINT('',(0.585653823704062,-2.94231092531384,50.1306124545557));
#5743=CARTESIAN_POINT('',(0.574468503383165,-2.94449563237313,50.1467915218116));
#5744=CARTESIAN_POINT('',(0.566335480319192,-2.94605908354392,50.1641619468988));
#5745=CARTESIAN_POINT('',(0.558202215957135,-2.94762258110063,50.181532887348));
#5746=CARTESIAN_POINT('',(0.552898175921559,-2.94861117041652,50.200575519869));
#5747=CARTESIAN_POINT('',(0.550877110209985,-2.94898870961669,50.2197096998468));
#5748=CARTESIAN_POINT('',(0.548858918711241,-2.94936571190804,50.2388166685839));
#5749=CARTESIAN_POINT('',(0.550058950059707,-2.94914469524841,50.2585421225617));
#5750=CARTESIAN_POINT('',(0.554374458269432,-2.94833325118082,50.277250661505));
#5751=CARTESIAN_POINT('',(0.558687146788074,-2.94752233729914,50.2959469765575));
#5752=CARTESIAN_POINT('',(0.566228872932142,-2.94609766025203,50.314142782183));
#5753=CARTESIAN_POINT('',(0.576359378486952,-2.94411444526706,50.3303368791216));
#5754=CARTESIAN_POINT('',(0.586501391210137,-2.94212897756245,50.3465493708183));
#5755=CARTESIAN_POINT('',(0.599516307465428,-2.93952523097077,50.3612025456767));
#5756=CARTESIAN_POINT('',(0.614308537227047,-2.93643066001736,50.373087871099));
#5757=CARTESIAN_POINT('',(0.629117816375961,-2.93333252229007,50.3849868954375));
#5758=CARTESIAN_POINT('',(0.646116764234786,-2.92965269520997,50.3944398271439));
#5759=CARTESIAN_POINT('',(0.663880200937969,-2.92562182771502,50.4006617569271));
#5760=CARTESIAN_POINT('',(0.68163251408058,-2.92159348437119,50.406879790504));
#5761=CARTESIAN_POINT('',(0.700638289734478,-2.91710061504112,50.410042066233));
#5762=CARTESIAN_POINT('',(0.719312853302548,-2.91248845818722,50.4098845915688));
#5763=CARTESIAN_POINT('',(0.737960814478203,-2.90788287146847,50.4097273412312));
#5764=CARTESIAN_POINT('',(0.756792671908629,-2.9030314540786,50.4062557434824));
#5765=CARTESIAN_POINT('',(0.774257091331047,-2.89836608393826,50.3997587450683));
#5766=CARTESIAN_POINT('',(0.791721465852285,-2.89370072579263,50.393261763358));
#5767=CARTESIAN_POINT('',(0.808300232593419,-2.88909557654965,50.3835611636247));
#5768=CARTESIAN_POINT('',(0.822645425511999,-2.88500511332029,50.3714589214322));
#5769=CARTESIAN_POINT('',(0.837011034754665,-2.88090882847365,50.3593394551214));
#5770=CARTESIAN_POINT('',(0.849533875316164,-2.87721983768851,50.3444773361043));
#5771=CARTESIAN_POINT('',(0.859200806892914,-2.87433017822146,50.3280995449172));
#5772=CARTESIAN_POINT('',(0.868873870009601,-2.87143868590163,50.3117113656271));
#5773=CARTESIAN_POINT('',(0.875954980567068,-2.86927162185802,50.2933524791189));
#5774=CARTESIAN_POINT('',(0.879869774999445,-2.8680706370385,50.2745446797166));
#5775=CARTESIAN_POINT('',(0.88235884577735,-2.86730703724531,50.2625864671725));
#5776=CARTESIAN_POINT('',(0.883624447739354,-2.86691608446382,50.2502787079467));
#5777=CARTESIAN_POINT('',(0.883624447739354,-2.86691608446382,50.23804035));
#5778=CARTESIAN_POINT('',(0.883624447739354,-2.86691608446382,50.23804035));
#5779=CARTESIAN_POINT('',(0.883624447739354,-2.86691608446382,56.01904035));
#5780=CARTESIAN_POINT('',(0.883624447739354,-2.86691608446382,55.9998238216495));
#5781=CARTESIAN_POINT('',(0.880452467923331,-2.86789887224498,55.9803423607282));
#5782=CARTESIAN_POINT('',(0.874365575998719,-2.86975344576994,55.962209923893));
#5783=CARTESIAN_POINT('',(0.868278926160729,-2.87160794553519,55.9440782082173));
#5784=CARTESIAN_POINT('',(0.859109861787527,-2.87438241135678,55.9267954973416));
#5785=CARTESIAN_POINT('',(0.847598717029487,-2.87777282197362,55.9117873578439));
#5786=CARTESIAN_POINT('',(0.836075693857582,-2.88116673117389,55.8967637313642));
#5787=CARTESIAN_POINT('',(0.82188704305725,-2.8852673214249,55.8836049583199));
#5788=CARTESIAN_POINT('',(0.806182552482034,-2.8896487143031,55.8733980779199));
#5789=CARTESIAN_POINT('',(0.790467487258008,-2.89403305740059,55.8631843246974));
#5790=CARTESIAN_POINT('',(0.772799106354441,-2.89881598075844,55.8556448810108));
#5791=CARTESIAN_POINT('',(0.754626542436427,-2.90353900980346,55.8514072623909));
#5792=CARTESIAN_POINT('',(0.736474296544157,-2.90825675821631,55.8471743816849));
#5793=CARTESIAN_POINT('',(0.71731726880047,-2.91304320696246,55.8461194292074));
#5794=CARTESIAN_POINT('',(0.698743086884843,-2.91749174780849,55.8483304720829));
#5795=CARTESIAN_POINT('',(0.680190498738945,-2.92193511691845,55.8505389444685));
#5796=CARTESIAN_POINT('',(0.661708396624313,-2.92616480690778,55.8560661372563));
#5797=CARTESIAN_POINT('',(0.644835662090701,-2.92987831981058,55.8644530352237));
#5798=CARTESIAN_POINT('',(0.627952747774186,-2.93359407317743,55.8728449932363));
#5799=CARTESIAN_POINT('',(0.612216706571703,-2.93689873186565,55.8843307016978));
#5800=CARTESIAN_POINT('',(0.598944760693474,-2.93960289386812,55.8979618255934));
#5801=CARTESIAN_POINT('',(0.585653823704062,-2.94231092531384,55.9116124545557));
#5802=CARTESIAN_POINT('',(0.574468503383165,-2.94449563237313,55.9277915218116));
#5803=CARTESIAN_POINT('',(0.566335480319192,-2.94605908354392,55.9451619468988));
#5804=CARTESIAN_POINT('',(0.558202215957135,-2.94762258110063,55.962532887348));
#5805=CARTESIAN_POINT('',(0.552898175921559,-2.94861117041652,55.981575519869));
#5806=CARTESIAN_POINT('',(0.550877110209985,-2.94898870961669,56.0007096998468));
#5807=CARTESIAN_POINT('',(0.548858918711241,-2.94936571190804,56.0198166685839));
#5808=CARTESIAN_POINT('',(0.550058950059707,-2.94914469524841,56.0395421225617));
#5809=CARTESIAN_POINT('',(0.554374458269432,-2.94833325118082,56.0582506615049));
#5810=CARTESIAN_POINT('',(0.558687146788074,-2.94752233729914,56.0769469765575));
#5811=CARTESIAN_POINT('',(0.566228872932142,-2.94609766025203,56.095142782183));
#5812=CARTESIAN_POINT('',(0.576359378486952,-2.94411444526706,56.1113368791216));
#5813=CARTESIAN_POINT('',(0.586501391210137,-2.94212897756245,56.1275493708183));
#5814=CARTESIAN_POINT('',(0.599516307465428,-2.93952523097077,56.1422025456767));
#5815=CARTESIAN_POINT('',(0.614308537227047,-2.93643066001736,56.154087871099));
#5816=CARTESIAN_POINT('',(0.629117816375961,-2.93333252229007,56.1659868954375));
#5817=CARTESIAN_POINT('',(0.646116764234786,-2.92965269520997,56.1754398271439));
#5818=CARTESIAN_POINT('',(0.663880200937969,-2.92562182771502,56.181661756927));
#5819=CARTESIAN_POINT('',(0.68163251408058,-2.92159348437119,56.187879790504));
#5820=CARTESIAN_POINT('',(0.700638289734478,-2.91710061504112,56.191042066233));
#5821=CARTESIAN_POINT('',(0.719312853302548,-2.91248845818722,56.1908845915688));
#5822=CARTESIAN_POINT('',(0.737960814478203,-2.90788287146847,56.1907273412312));
#5823=CARTESIAN_POINT('',(0.756792671908629,-2.9030314540786,56.1872557434824));
#5824=CARTESIAN_POINT('',(0.774257091331047,-2.89836608393826,56.1807587450683));
#5825=CARTESIAN_POINT('',(0.791721465852285,-2.89370072579263,56.174261763358));
#5826=CARTESIAN_POINT('',(0.808300232593419,-2.88909557654965,56.1645611636247));
#5827=CARTESIAN_POINT('',(0.822645425511999,-2.88500511332029,56.1524589214322));
#5828=CARTESIAN_POINT('',(0.837011034754665,-2.88090882847365,56.1403394551214));
#5829=CARTESIAN_POINT('',(0.849533875316164,-2.87721983768851,56.1254773361043));
#5830=CARTESIAN_POINT('',(0.859200806892914,-2.87433017822146,56.1090995449172));
#5831=CARTESIAN_POINT('',(0.868873870009601,-2.87143868590163,56.0927113656271));
#5832=CARTESIAN_POINT('',(0.875954980567068,-2.86927162185802,56.0743524791189));
#5833=CARTESIAN_POINT('',(0.879869774999445,-2.8680706370385,56.0555446797166));
#5834=CARTESIAN_POINT('',(0.88235884577735,-2.86730703724531,56.0435864671725));
#5835=CARTESIAN_POINT('',(0.883624447739354,-2.86691608446382,56.0312787079467));
#5836=CARTESIAN_POINT('',(0.883624447739354,-2.86691608446382,56.01904035));
#5837=CARTESIAN_POINT('',(0.883624447739354,-2.86691608446382,56.01904035));
#5838=CARTESIAN_POINT('',(0.171849999999997,-2.99507388514875,50.23804035));
#5839=CARTESIAN_POINT('',(0.171849999999997,-2.99507388514875,50.2188238216495));
#5840=CARTESIAN_POINT('',(0.168534995641887,-2.99526901044635,50.1993423607282));
#5841=CARTESIAN_POINT('',(0.162181149239032,-2.99561300485085,50.181209923893));
#5842=CARTESIAN_POINT('',(0.155827555540057,-2.99595698557407,50.1630782082173));
#5843=CARTESIAN_POINT('',(0.146260954382306,-2.9964565297299,50.1457954973416));
#5844=CARTESIAN_POINT('',(0.134272924201305,-2.99699362392155,50.1307873578439));
#5845=CARTESIAN_POINT('',(0.122272523505736,-2.99753127234366,50.1157637313642));
#5846=CARTESIAN_POINT('',(0.107514833630947,-2.99811714050287,50.1026049583199));
#5847=CARTESIAN_POINT('',(0.0912181510629451,-2.99861288747258,50.0923980779199));
#5848=CARTESIAN_POINT('',(0.0749104950925202,-2.99910896825447,50.0821843246974));
#5849=CARTESIAN_POINT('',(0.0566108967464152,-2.99952458823932,50.0746448810108));
#5850=CARTESIAN_POINT('',(0.0378360996752091,-2.99976139543821,50.0704072623909));
#5851=CARTESIAN_POINT('',(0.0190822939628419,-2.99999793787231,50.0661743816849));
#5852=CARTESIAN_POINT('',(-0.000663537532359913,-3.00006072429667,50.0651194292074));
#5853=CARTESIAN_POINT('',(-0.0197625929863984,-2.99993490594687,50.067330472083));
#5854=CARTESIAN_POINT('',(-0.0388394444689581,-2.9998092338696,50.0695389444685));
#5855=CARTESIAN_POINT('',(-0.057796721355519,-2.99949296020999,50.0750661372563));
#5856=CARTESIAN_POINT('',(-0.0750678666957063,-2.99906065550361,50.0834530352237));
#5857=CARTESIAN_POINT('',(-0.0923494321909488,-2.99862808997597,50.0918449932363));
#5858=CARTESIAN_POINT('',(-0.108419069224392,-2.99807084013504,50.1033307016978));
#5859=CARTESIAN_POINT('',(-0.121952504802144,-2.99752023956011,50.1169618255934));
#5860=CARTESIAN_POINT('',(-0.135505305662282,-2.99696885111903,50.1306124545557));
#5861=CARTESIAN_POINT('',(-0.146888435524314,-2.99641325219886,50.1467915218116));
#5862=CARTESIAN_POINT('',(-0.155159286074735,-2.99598491250286,50.1641619468988));
#5863=CARTESIAN_POINT('',(-0.163430382012433,-2.99555656009848,50.181532887348));
#5864=CARTESIAN_POINT('',(-0.168816881193115,-2.99524708294102,50.200575519869));
#5865=CARTESIAN_POINT('',(-0.170869569452732,-2.99512997885485,50.2197096998468));
#5866=CARTESIAN_POINT('',(-0.172919338528228,-2.9950130413056,50.2388166685839));
#5867=CARTESIAN_POINT('',(-0.171701285161062,-2.99508563328774,50.2585421225617));
#5868=CARTESIAN_POINT('',(-0.167316986500729,-2.99533053702397,50.277250661505));
#5869=CARTESIAN_POINT('',(-0.162935552478171,-2.99557528074362,50.2959469765575));
#5870=CARTESIAN_POINT('',(-0.155272027655395,-2.99599685542429,50.314142782183));
#5871=CARTESIAN_POINT('',(-0.144961281769009,-2.99649565772885,50.3303368791216));
#5872=CARTESIAN_POINT('',(-0.134638823980553,-2.99699502661937,50.3465493708183));
#5873=CARTESIAN_POINT('',(-0.121378980192768,-2.9975816135008,50.3612025456767));
#5874=CARTESIAN_POINT('',(-0.106276006440838,-2.99811697744684,50.373087871099));
#5875=CARTESIAN_POINT('',(-0.0911556251409619,-2.99865295844842,50.3849868954375));
#5876=CARTESIAN_POINT('',(-0.0737699955504455,-2.99914817495447,50.3944398271439));
#5877=CARTESIAN_POINT('',(-0.0555580823019152,-2.99948550579777,50.4006617569271));
#5878=CARTESIAN_POINT('',(-0.0373575734524052,-2.99982262540267,50.406879790504));
#5879=CARTESIAN_POINT('',(-0.0178288570891342,-3.00000869051578,50.410042066233));
#5880=CARTESIAN_POINT('',(0.00140681898257586,-2.99999967014337,50.4098845915688));
#5881=CARTESIAN_POINT('',(0.0206150933427882,-2.99999066262072,50.4097273412312));
#5882=CARTESIAN_POINT('',(0.0400607513971861,-2.99978697707384,50.4062557434824));
#5883=CARTESIAN_POINT('',(0.0581341826857632,-2.99943668324628,50.3997587450683));
#5884=CARTESIAN_POINT('',(0.0762075675073849,-2.99908639031933,50.393261763358));
#5885=CARTESIAN_POINT('',(0.0934066697679306,-2.99858261691956,50.3835611636247));
#5886=CARTESIAN_POINT('',(0.108313929376602,-2.99804404449017,50.3714589214322));
#5887=CARTESIAN_POINT('',(0.123242405252294,-2.99750470555529,50.3593394551214));
#5888=CARTESIAN_POINT('',(0.136284188106709,-2.99691982204563,50.3444773361043));
#5889=CARTESIAN_POINT('',(0.146361756995694,-2.99642757898287,50.3280995449172));
#5890=CARTESIAN_POINT('',(0.156445717883589,-2.99593502370024,50.3117113656271));
#5891=CARTESIAN_POINT('',(0.163839676608801,-2.99552555127622,50.2933524791189));
#5892=CARTESIAN_POINT('',(0.167928128709704,-2.99529633652299,50.2745446797166));
#5893=CARTESIAN_POINT('',(0.170527613006263,-2.99515059917867,50.2625864671725));
#5894=CARTESIAN_POINT('',(0.171849999999997,-2.99507388514875,50.2502787079467));
#5895=CARTESIAN_POINT('',(0.171849999999997,-2.99507388514875,50.23804035));
#5896=CARTESIAN_POINT('',(0.171849999999997,-2.99507388514875,50.23804035));
#5897=CARTESIAN_POINT('',(0.171849999999997,-2.99507388514875,56.01904035));
#5898=CARTESIAN_POINT('',(0.171849999999997,-2.99507388514875,55.9998238216495));
#5899=CARTESIAN_POINT('',(0.168534995641887,-2.99526901044635,55.9803423607282));
#5900=CARTESIAN_POINT('',(0.162181149239032,-2.99561300485085,55.962209923893));
#5901=CARTESIAN_POINT('',(0.155827555540057,-2.99595698557407,55.9440782082173));
#5902=CARTESIAN_POINT('',(0.146260954382306,-2.9964565297299,55.9267954973416));
#5903=CARTESIAN_POINT('',(0.134272924201305,-2.99699362392155,55.9117873578439));
#5904=CARTESIAN_POINT('',(0.122272523505736,-2.99753127234366,55.8967637313642));
#5905=CARTESIAN_POINT('',(0.107514833630947,-2.99811714050287,55.8836049583199));
#5906=CARTESIAN_POINT('',(0.0912181510629451,-2.99861288747258,55.8733980779199));
#5907=CARTESIAN_POINT('',(0.0749104950925202,-2.99910896825447,55.8631843246974));
#5908=CARTESIAN_POINT('',(0.0566108967464152,-2.99952458823932,55.8556448810108));
#5909=CARTESIAN_POINT('',(0.0378360996752091,-2.99976139543821,55.8514072623909));
#5910=CARTESIAN_POINT('',(0.0190822939628419,-2.99999793787231,55.8471743816849));
#5911=CARTESIAN_POINT('',(-0.000663537532359913,-3.00006072429667,55.8461194292074));
#5912=CARTESIAN_POINT('',(-0.0197625929863984,-2.99993490594687,55.8483304720829));
#5913=CARTESIAN_POINT('',(-0.0388394444689581,-2.9998092338696,55.8505389444685));
#5914=CARTESIAN_POINT('',(-0.057796721355519,-2.99949296020999,55.8560661372563));
#5915=CARTESIAN_POINT('',(-0.0750678666957063,-2.99906065550361,55.8644530352237));
#5916=CARTESIAN_POINT('',(-0.0923494321909488,-2.99862808997597,55.8728449932363));
#5917=CARTESIAN_POINT('',(-0.108419069224392,-2.99807084013504,55.8843307016978));
#5918=CARTESIAN_POINT('',(-0.121952504802144,-2.99752023956011,55.8979618255934));
#5919=CARTESIAN_POINT('',(-0.135505305662282,-2.99696885111903,55.9116124545557));
#5920=CARTESIAN_POINT('',(-0.146888435524314,-2.99641325219886,55.9277915218116));
#5921=CARTESIAN_POINT('',(-0.155159286074735,-2.99598491250286,55.9451619468988));
#5922=CARTESIAN_POINT('',(-0.163430382012433,-2.99555656009848,55.962532887348));
#5923=CARTESIAN_POINT('',(-0.168816881193115,-2.99524708294102,55.981575519869));
#5924=CARTESIAN_POINT('',(-0.170869569452732,-2.99512997885485,56.0007096998468));
#5925=CARTESIAN_POINT('',(-0.172919338528228,-2.9950130413056,56.0198166685839));
#5926=CARTESIAN_POINT('',(-0.171701285161062,-2.99508563328774,56.0395421225617));
#5927=CARTESIAN_POINT('',(-0.167316986500729,-2.99533053702397,56.0582506615049));
#5928=CARTESIAN_POINT('',(-0.162935552478171,-2.99557528074362,56.0769469765575));
#5929=CARTESIAN_POINT('',(-0.155272027655395,-2.99599685542429,56.095142782183));
#5930=CARTESIAN_POINT('',(-0.144961281769009,-2.99649565772885,56.1113368791216));
#5931=CARTESIAN_POINT('',(-0.134638823980553,-2.99699502661937,56.1275493708183));
#5932=CARTESIAN_POINT('',(-0.121378980192768,-2.9975816135008,56.1422025456767));
#5933=CARTESIAN_POINT('',(-0.106276006440838,-2.99811697744684,56.154087871099));
#5934=CARTESIAN_POINT('',(-0.0911556251409619,-2.99865295844842,56.1659868954375));
#5935=CARTESIAN_POINT('',(-0.0737699955504455,-2.99914817495447,56.1754398271439));
#5936=CARTESIAN_POINT('',(-0.0555580823019152,-2.99948550579777,56.181661756927));
#5937=CARTESIAN_POINT('',(-0.0373575734524052,-2.99982262540267,56.187879790504));
#5938=CARTESIAN_POINT('',(-0.0178288570891342,-3.00000869051578,56.191042066233));
#5939=CARTESIAN_POINT('',(0.00140681898257586,-2.99999967014337,56.1908845915688));
#5940=CARTESIAN_POINT('',(0.0206150933427882,-2.99999066262072,56.1907273412312));
#5941=CARTESIAN_POINT('',(0.0400607513971861,-2.99978697707384,56.1872557434824));
#5942=CARTESIAN_POINT('',(0.0581341826857632,-2.99943668324628,56.1807587450683));
#5943=CARTESIAN_POINT('',(0.0762075675073849,-2.99908639031933,56.174261763358));
#5944=CARTESIAN_POINT('',(0.0934066697679306,-2.99858261691956,56.1645611636247));
#5945=CARTESIAN_POINT('',(0.108313929376602,-2.99804404449017,56.1524589214322));
#5946=CARTESIAN_POINT('',(0.123242405252294,-2.99750470555529,56.1403394551214));
#5947=CARTESIAN_POINT('',(0.136284188106709,-2.99691982204563,56.1254773361043));
#5948=CARTESIAN_POINT('',(0.146361756995694,-2.99642757898287,56.1090995449172));
#5949=CARTESIAN_POINT('',(0.156445717883589,-2.99593502370024,56.0927113656271));
#5950=CARTESIAN_POINT('',(0.163839676608801,-2.99552555127622,56.0743524791189));
#5951=CARTESIAN_POINT('',(0.167928128709704,-2.99529633652299,56.0555446797166));
#5952=CARTESIAN_POINT('',(0.170527613006263,-2.99515059917867,56.0435864671725));
#5953=CARTESIAN_POINT('',(0.171849999999997,-2.99507388514875,56.0312787079467));
#5954=CARTESIAN_POINT('',(0.171849999999997,-2.99507388514875,56.01904035));
#5955=CARTESIAN_POINT('',(0.171849999999997,-2.99507388514875,56.01904035));
#5956=CARTESIAN_POINT('',(-0.549911745090022,-2.94916887827944,50.23804035));
#5957=CARTESIAN_POINT('',(-0.549911745090022,-2.94916887827944,50.2188238216495));
#5958=CARTESIAN_POINT('',(-0.553177117986476,-2.94856500112045,50.1993423607282));
#5959=CARTESIAN_POINT('',(-0.559428656409933,-2.94737842470005,50.181209923893));
#5960=CARTESIAN_POINT('',(-0.565679946198483,-2.94619189547193,50.1630782082173));
#5961=CARTESIAN_POINT('',(-0.575088108054675,-2.94438748627144,50.1457954973416));
#5962=CARTESIAN_POINT('',(-0.586856322919234,-2.94204005007575,50.1307873578439));
#5963=CARTESIAN_POINT('',(-0.59863668146972,-2.93969019154767,50.1157637313642));
#5964=CARTESIAN_POINT('',(-0.613105747125463,-2.93672728908721,50.1026049583199));
#5965=CARTESIAN_POINT('',(-0.62904751773143,-2.93330857913652,50.0923980779199));
#5966=CARTESIAN_POINT('',(-0.645000022759171,-2.92988756719094,50.0821843246974));
#5967=CARTESIAN_POINT('',(-0.662867332408272,-2.92591172948,50.0746448810108));
#5968=CARTESIAN_POINT('',(-0.681153239670502,-2.9216485524591,50.0704072623909));
#5969=CARTESIAN_POINT('',(-0.699418702182274,-2.917390141928,50.0661743816849));
#5970=CARTESIAN_POINT('',(-0.718605781475666,-2.91272561711178,50.0651194292074));
#5971=CARTESIAN_POINT('',(-0.73711974278737,-2.90803275167132,50.067330472083));
#5972=CARTESIAN_POINT('',(-0.755612180339959,-2.90334534201115,50.0695389444685));
#5973=CARTESIAN_POINT('',(-0.773942903972699,-2.89850148537809,50.0750661372563));
#5974=CARTESIAN_POINT('',(-0.790608723930349,-2.89394848704071,50.0834530352237));
#5975=CARTESIAN_POINT('',(-0.807284598833671,-2.88939274175472,50.0918449932363));
#5976=CARTESIAN_POINT('',(-0.822753922804444,-2.88500596871989,50.1033307016978));
#5977=CARTESIAN_POINT('',(-0.835762333997977,-2.88123260447161,50.1169618255934));
#5978=CARTESIAN_POINT('',(-0.848789359205276,-2.87745384083572,50.1306124545557));
#5979=CARTESIAN_POINT('',(-0.859708752476856,-2.8741902253258,50.1467915218116));
#5980=CARTESIAN_POINT('',(-0.867636758743052,-2.8717949883092,50.1641619468988));
#5981=CARTESIAN_POINT('',(-0.875565000224703,-2.86939968022848,50.181532887348));
#5982=CARTESIAN_POINT('',(-0.880720914797239,-2.86781012228515,50.200575519869));
#5983=CARTESIAN_POINT('',(-0.882685930824467,-2.86720518057646,50.2197096998468));
#5984=CARTESIAN_POINT('',(-0.884648152348654,-2.86660109917193,50.2388166685839));
#5985=CARTESIAN_POINT('',(-0.883482865797044,-2.86696308101371,50.2585421225617));
#5986=CARTESIAN_POINT('',(-0.879284576187965,-2.86825009963879,50.277250661505));
#5987=CARTESIAN_POINT('',(-0.875089029681018,-2.86953627734439,50.2959469765575));
#5988=CARTESIAN_POINT('',(-0.867749082386454,-2.87177960336477,50.314142782183));
#5989=CARTESIAN_POINT('',(-0.857857319241373,-2.874731434382,50.3303368791216));
#5990=CARTESIAN_POINT('',(-0.847954320113703,-2.87768661836284,50.3465493708183));
#5991=CARTESIAN_POINT('',(-0.835220162716798,-2.88142944842,50.3612025456767));
#5992=CARTESIAN_POINT('',(-0.820684174911943,-2.88556363385892,50.373087871099));
#5993=CARTESIAN_POINT('',(-0.806131433061904,-2.88970258432175,50.3849868954375));
#5994=CARTESIAN_POINT('',(-0.789369511337306,-2.89434406423068,50.3944398271439));
#5995=CARTESIAN_POINT('',(-0.771767531743821,-2.89902998896976,50.4006617569271));
#5996=CARTESIAN_POINT('',(-0.754176574605588,-2.90371297935732,50.406879790504));
#5997=CARTESIAN_POINT('',(-0.735259855543981,-2.90856716548556,50.410042066233));
#5998=CARTESIAN_POINT('',(-0.716580974543082,-2.91316180582591,50.4098845915688));
#5999=CARTESIAN_POINT('',(-0.697928702084891,-2.91774990098382,50.4097273412312));
#6000=CARTESIAN_POINT('',(-0.678999354370551,-2.92220578474355,50.4062557434824));
#6001=CARTESIAN_POINT('',(-0.661367273348058,-2.92619092503277,50.3997587450683));
#6002=CARTESIAN_POINT('',(-0.643735237657804,-2.93017605507616,50.393261763358));
#6003=CARTESIAN_POINT('',(-0.626915349185036,-2.93380293499844,50.3835611636247));
#6004=CARTESIAN_POINT('',(-0.612312378629045,-2.936847553241,50.3714589214322));
#6005=CARTESIAN_POINT('',(-0.597688624875421,-2.93989650463634,50.3593394551214));
#6006=CARTESIAN_POINT('',(-0.584885840742636,-2.94244971970579,50.3444773361043));
#6007=CARTESIAN_POINT('',(-0.574983306214772,-2.94438350042489,50.3280995449172));
#6008=CARTESIAN_POINT('',(-0.565074490708766,-2.94631850770213,50.3117113656271));
#6009=CARTESIAN_POINT('',(-0.557797393820974,-2.9476904239466,50.2933524791189));
#6010=CARTESIAN_POINT('',(-0.55377289002673,-2.94844630038796,50.2745446797166));
#6011=CARTESIAN_POINT('',(-0.551214064790091,-2.94892689521723,50.2625864671725));
#6012=CARTESIAN_POINT('',(-0.549911745090022,-2.94916887827944,50.2502787079467));
#6013=CARTESIAN_POINT('',(-0.549911745090022,-2.94916887827944,50.23804035));
#6014=CARTESIAN_POINT('',(-0.549911745090022,-2.94916887827944,50.23804035));
#6015=CARTESIAN_POINT('',(-0.549911745090022,-2.94916887827944,56.01904035));
#6016=CARTESIAN_POINT('',(-0.549911745090022,-2.94916887827944,55.9998238216495));
#6017=CARTESIAN_POINT('',(-0.553177117986476,-2.94856500112045,55.9803423607282));
#6018=CARTESIAN_POINT('',(-0.559428656409933,-2.94737842470005,55.962209923893));
#6019=CARTESIAN_POINT('',(-0.565679946198483,-2.94619189547193,55.9440782082173));
#6020=CARTESIAN_POINT('',(-0.575088108054675,-2.94438748627144,55.9267954973416));
#6021=CARTESIAN_POINT('',(-0.586856322919233,-2.94204005007575,55.9117873578439));
#6022=CARTESIAN_POINT('',(-0.59863668146972,-2.93969019154767,55.8967637313642));
#6023=CARTESIAN_POINT('',(-0.613105747125463,-2.93672728908721,55.8836049583199));
#6024=CARTESIAN_POINT('',(-0.62904751773143,-2.93330857913652,55.8733980779199));
#6025=CARTESIAN_POINT('',(-0.645000022759171,-2.92988756719094,55.8631843246974));
#6026=CARTESIAN_POINT('',(-0.662867332408272,-2.92591172948,55.8556448810108));
#6027=CARTESIAN_POINT('',(-0.681153239670502,-2.9216485524591,55.8514072623909));
#6028=CARTESIAN_POINT('',(-0.699418702182274,-2.917390141928,55.8471743816849));
#6029=CARTESIAN_POINT('',(-0.718605781475666,-2.91272561711178,55.8461194292074));
#6030=CARTESIAN_POINT('',(-0.73711974278737,-2.90803275167132,55.8483304720829));
#6031=CARTESIAN_POINT('',(-0.755612180339958,-2.90334534201115,55.8505389444685));
#6032=CARTESIAN_POINT('',(-0.773942903972698,-2.89850148537809,55.8560661372563));
#6033=CARTESIAN_POINT('',(-0.790608723930349,-2.89394848704071,55.8644530352237));
#6034=CARTESIAN_POINT('',(-0.80728459883367,-2.88939274175472,55.8728449932363));
#6035=CARTESIAN_POINT('',(-0.822753922804444,-2.88500596871989,55.8843307016978));
#6036=CARTESIAN_POINT('',(-0.835762333997977,-2.88123260447161,55.8979618255934));
#6037=CARTESIAN_POINT('',(-0.848789359205276,-2.87745384083572,55.9116124545557));
#6038=CARTESIAN_POINT('',(-0.859708752476855,-2.8741902253258,55.9277915218116));
#6039=CARTESIAN_POINT('',(-0.867636758743052,-2.8717949883092,55.9451619468988));
#6040=CARTESIAN_POINT('',(-0.875565000224703,-2.86939968022848,55.962532887348));
#6041=CARTESIAN_POINT('',(-0.880720914797238,-2.86781012228515,55.981575519869));
#6042=CARTESIAN_POINT('',(-0.882685930824467,-2.86720518057646,56.0007096998468));
#6043=CARTESIAN_POINT('',(-0.884648152348653,-2.86660109917193,56.0198166685839));
#6044=CARTESIAN_POINT('',(-0.883482865797044,-2.86696308101371,56.0395421225617));
#6045=CARTESIAN_POINT('',(-0.879284576187965,-2.86825009963879,56.0582506615049));
#6046=CARTESIAN_POINT('',(-0.875089029681018,-2.86953627734439,56.0769469765575));
#6047=CARTESIAN_POINT('',(-0.867749082386454,-2.87177960336477,56.095142782183));
#6048=CARTESIAN_POINT('',(-0.857857319241373,-2.874731434382,56.1113368791216));
#6049=CARTESIAN_POINT('',(-0.847954320113703,-2.87768661836284,56.1275493708183));
#6050=CARTESIAN_POINT('',(-0.835220162716798,-2.88142944842,56.1422025456767));
#6051=CARTESIAN_POINT('',(-0.820684174911943,-2.88556363385892,56.154087871099));
#6052=CARTESIAN_POINT('',(-0.806131433061904,-2.88970258432175,56.1659868954375));
#6053=CARTESIAN_POINT('',(-0.789369511337305,-2.89434406423068,56.1754398271439));
#6054=CARTESIAN_POINT('',(-0.771767531743821,-2.89902998896976,56.181661756927));
#6055=CARTESIAN_POINT('',(-0.754176574605588,-2.90371297935732,56.187879790504));
#6056=CARTESIAN_POINT('',(-0.735259855543981,-2.90856716548556,56.191042066233));
#6057=CARTESIAN_POINT('',(-0.716580974543082,-2.91316180582591,56.1908845915688));
#6058=CARTESIAN_POINT('',(-0.697928702084891,-2.91774990098382,56.1907273412312));
#6059=CARTESIAN_POINT('',(-0.678999354370551,-2.92220578474355,56.1872557434824));
#6060=CARTESIAN_POINT('',(-0.661367273348058,-2.92619092503277,56.1807587450683));
#6061=CARTESIAN_POINT('',(-0.643735237657804,-2.93017605507616,56.174261763358));
#6062=CARTESIAN_POINT('',(-0.626915349185036,-2.93380293499844,56.1645611636247));
#6063=CARTESIAN_POINT('',(-0.612312378629045,-2.936847553241,56.1524589214322));
#6064=CARTESIAN_POINT('',(-0.597688624875421,-2.93989650463634,56.1403394551214));
#6065=CARTESIAN_POINT('',(-0.584885840742636,-2.94244971970579,56.1254773361043));
#6066=CARTESIAN_POINT('',(-0.574983306214772,-2.94438350042489,56.1090995449172));
#6067=CARTESIAN_POINT('',(-0.565074490708766,-2.94631850770213,56.0927113656271));
#6068=CARTESIAN_POINT('',(-0.557797393820973,-2.9476904239466,56.0743524791189));
#6069=CARTESIAN_POINT('',(-0.55377289002673,-2.94844630038796,56.0555446797166));
#6070=CARTESIAN_POINT('',(-0.551214064790091,-2.94892689521723,56.0435864671725));
#6071=CARTESIAN_POINT('',(-0.549911745090022,-2.94916887827944,56.0312787079467));
#6072=CARTESIAN_POINT('',(-0.549911745090022,-2.94916887827944,56.01904035));
#6073=CARTESIAN_POINT('',(-0.549911745090022,-2.94916887827944,56.01904035));
#6074=CARTESIAN_POINT('',(-1.23971461840327,-2.73186889599724,50.23804035));
#6075=CARTESIAN_POINT('',(-1.23971461840327,-2.73186889599724,50.2188238216495));
#6076=CARTESIAN_POINT('',(-1.24274058823448,-2.73050111152712,50.1993423607282));
#6077=CARTESIAN_POINT('',(-1.24852650198878,-2.72785292379036,50.181209923893));
#6078=CARTESIAN_POINT('',(-1.25431218562691,-2.72520484137678,50.1630782082173));
#6079=CARTESIAN_POINT('',(-1.26301514001174,-2.72120134452394,50.1457954973416));
#6080=CARTESIAN_POINT('',(-1.27387961368764,-2.71610580240001,50.1307873578439));
#6081=CARTESIAN_POINT('',(-1.28475529847396,-2.71100500215801,50.1157637313642));
#6082=CARTESIAN_POINT('',(-1.29809485040766,-2.70466552219916,50.1026049583199));
#6083=CARTESIAN_POINT('',(-1.31275523128995,-2.6975310383239,50.0923980779199));
#6084=CARTESIAN_POINT('',(-1.32742548376779,-2.69039175043026,50.0821843246974));
#6085=CARTESIAN_POINT('',(-1.34382212162811,-2.6822555162597,50.0746448810108));
#6086=CARTESIAN_POINT('',(-1.36055642861785,-2.67374011537146,50.0704072623909));
#6087=CARTESIAN_POINT('',(-1.3772720256401,-2.66523423521652,50.0661743816849));
#6088=CARTESIAN_POINT('',(-1.39478526942534,-2.6561134843872,50.0651194292074));
#6089=CARTESIAN_POINT('',(-1.41163817245879,-2.6471263041376,50.067330472083));
#6090=CARTESIAN_POINT('',(-1.42847148282812,-2.63814957210594,50.0695389444685));
#6091=CARTESIAN_POINT('',(-1.44511033817898,-2.62905963984025,50.0750661372563));
#6092=CARTESIAN_POINT('',(-1.46020227587594,-2.62065055158575,50.0834530352237));
#6093=CARTESIAN_POINT('',(-1.4753033189523,-2.61223638989797,50.0918449932363));
#6094=CARTESIAN_POINT('',(-1.48927330897993,-2.60427503697276,50.1033307016978));
#6095=CARTESIAN_POINT('',(-1.50100069421432,-2.59749820326561,50.1169618255934));
#6096=CARTESIAN_POINT('',(-1.51274486041505,-2.59071167244218,50.1306124545557));
#6097=CARTESIAN_POINT('',(-1.52256592164961,-2.5849297098132,50.1467915218116));
#6098=CARTESIAN_POINT('',(-1.52969033672452,-2.58070677794506,50.1641619468988));
#6099=CARTESIAN_POINT('',(-1.5368149631732,-2.57648372078706,50.181532887348));
#6100=CARTESIAN_POINT('',(-1.54144065012362,-2.57370646138772,50.200575519869));
#6101=CARTESIAN_POINT('',(-1.5432037943295,-2.57264883906976,50.2197096998468));
#6102=CARTESIAN_POINT('',(-1.54496443111977,-2.57159272082544,50.2388166685839));
#6103=CARTESIAN_POINT('',(-1.54391963360245,-2.57222305545794,50.2585421225617));
#6104=CARTESIAN_POINT('',(-1.54015134237655,-2.57447739212751,50.277250661505));
#6105=CARTESIAN_POINT('',(-1.536385513298,-2.57673025584588,50.2959469765575));
#6106=CARTESIAN_POINT('',(-1.52979571458879,-2.58066495925182,50.314142782183));
#6107=CARTESIAN_POINT('',(-1.52089780750391,-2.58589826929246,50.3303368791216));
#6108=CARTESIAN_POINT('',(-1.51198979335039,-2.59113752381233,50.3465493708183));
#6109=CARTESIAN_POINT('',(-1.50052138528549,-2.59781907736693,50.3612025456767));
#6110=CARTESIAN_POINT('',(-1.48739716220277,-2.60531182046816,50.373087871099));
#6111=CARTESIAN_POINT('',(-1.47425781226182,-2.61281319963583,50.3849868954375));
#6112=CARTESIAN_POINT('',(-1.45909374036667,-2.6213311970064,50.3944398271439));
#6113=CARTESIAN_POINT('',(-1.44312465750161,-2.63009338672809,50.4006617569271));
#6114=CARTESIAN_POINT('',(-1.427165574563,-2.63885008951896,50.406879790504));
#6115=CARTESIAN_POINT('',(-1.40996022375544,-2.64809028900881,50.410042066233));
#6116=CARTESIAN_POINT('',(-1.39292368649416,-2.65702156626616,50.4098845915688));
#6117=CARTESIAN_POINT('',(-1.37591141821501,-2.66594012069112,50.4097273412312));
#6118=CARTESIAN_POINT('',(-1.3585984857245,-2.67479661398981,50.4062557434824));
#6119=CARTESIAN_POINT('',(-1.34243246742711,-2.68288558652759,50.3997587450683));
#6120=CARTESIAN_POINT('',(-1.3262664906927,-2.69097453826856,50.393261763358));
#6121=CARTESIAN_POINT('',(-1.31080332678794,-2.69852129043499,50.3835611636247));
#6122=CARTESIAN_POINT('',(-1.29735331685371,-2.70497215720396,50.3714589214322));
#6123=CARTESIAN_POINT('',(-1.28388416463513,-2.71143220495692,50.3593394551214));
#6124=CARTESIAN_POINT('',(-1.27206443050155,-2.71697513502621,50.3444773361043));
#6125=CARTESIAN_POINT('',(-1.26291242964731,-2.72122255522077,50.3280995449172));
#6126=CARTESIAN_POINT('',(-1.25375462386333,-2.7254726694684,50.3117113656271));
#6127=CARTESIAN_POINT('',(-1.2470173072329,-2.72854624359595,50.2933524791189));
#6128=CARTESIAN_POINT('',(-1.24329064127736,-2.73024328244061,50.2745446797166));
#6129=CARTESIAN_POINT('',(-1.24092118472245,-2.7313222790189,50.2625864671725));
#6130=CARTESIAN_POINT('',(-1.23971461840327,-2.73186889599724,50.2502787079467));
#6131=CARTESIAN_POINT('',(-1.23971461840327,-2.73186889599724,50.23804035));
#6132=CARTESIAN_POINT('',(-1.23971461840327,-2.73186889599724,50.23804035));
#6133=CARTESIAN_POINT('',(-1.23971461840327,-2.73186889599724,56.01904035));
#6134=CARTESIAN_POINT('',(-1.23971461840327,-2.73186889599724,55.9998238216495));
#6135=CARTESIAN_POINT('',(-1.24274058823448,-2.73050111152712,55.9803423607282));
#6136=CARTESIAN_POINT('',(-1.24852650198878,-2.72785292379036,55.962209923893));
#6137=CARTESIAN_POINT('',(-1.25431218562691,-2.72520484137678,55.9440782082173));
#6138=CARTESIAN_POINT('',(-1.26301514001174,-2.72120134452394,55.9267954973416));
#6139=CARTESIAN_POINT('',(-1.27387961368764,-2.71610580240001,55.9117873578439));
#6140=CARTESIAN_POINT('',(-1.28475529847396,-2.71100500215801,55.8967637313642));
#6141=CARTESIAN_POINT('',(-1.29809485040766,-2.70466552219916,55.8836049583199));
#6142=CARTESIAN_POINT('',(-1.31275523128995,-2.6975310383239,55.8733980779199));
#6143=CARTESIAN_POINT('',(-1.32742548376779,-2.69039175043026,55.8631843246974));
#6144=CARTESIAN_POINT('',(-1.34382212162811,-2.6822555162597,55.8556448810108));
#6145=CARTESIAN_POINT('',(-1.36055642861785,-2.67374011537146,55.8514072623909));
#6146=CARTESIAN_POINT('',(-1.3772720256401,-2.66523423521652,55.8471743816849));
#6147=CARTESIAN_POINT('',(-1.39478526942534,-2.6561134843872,55.8461194292074));
#6148=CARTESIAN_POINT('',(-1.41163817245879,-2.6471263041376,55.8483304720829));
#6149=CARTESIAN_POINT('',(-1.42847148282812,-2.63814957210594,55.8505389444685));
#6150=CARTESIAN_POINT('',(-1.44511033817898,-2.62905963984025,55.8560661372563));
#6151=CARTESIAN_POINT('',(-1.46020227587594,-2.62065055158575,55.8644530352237));
#6152=CARTESIAN_POINT('',(-1.4753033189523,-2.61223638989797,55.8728449932363));
#6153=CARTESIAN_POINT('',(-1.48927330897993,-2.60427503697276,55.8843307016978));
#6154=CARTESIAN_POINT('',(-1.50100069421432,-2.59749820326561,55.8979618255934));
#6155=CARTESIAN_POINT('',(-1.51274486041505,-2.59071167244218,55.9116124545557));
#6156=CARTESIAN_POINT('',(-1.52256592164961,-2.5849297098132,55.9277915218116));
#6157=CARTESIAN_POINT('',(-1.52969033672452,-2.58070677794506,55.9451619468988));
#6158=CARTESIAN_POINT('',(-1.5368149631732,-2.57648372078706,55.962532887348));
#6159=CARTESIAN_POINT('',(-1.54144065012362,-2.57370646138772,55.981575519869));
#6160=CARTESIAN_POINT('',(-1.5432037943295,-2.57264883906976,56.0007096998468));
#6161=CARTESIAN_POINT('',(-1.54496443111977,-2.57159272082544,56.0198166685839));
#6162=CARTESIAN_POINT('',(-1.54391963360245,-2.57222305545794,56.0395421225617));
#6163=CARTESIAN_POINT('',(-1.54015134237655,-2.57447739212751,56.0582506615049));
#6164=CARTESIAN_POINT('',(-1.536385513298,-2.57673025584588,56.0769469765575));
#6165=CARTESIAN_POINT('',(-1.52979571458879,-2.58066495925182,56.095142782183));
#6166=CARTESIAN_POINT('',(-1.52089780750391,-2.58589826929246,56.1113368791216));
#6167=CARTESIAN_POINT('',(-1.51198979335039,-2.59113752381233,56.1275493708183));
#6168=CARTESIAN_POINT('',(-1.50052138528549,-2.59781907736693,56.1422025456767));
#6169=CARTESIAN_POINT('',(-1.48739716220277,-2.60531182046816,56.154087871099));
#6170=CARTESIAN_POINT('',(-1.47425781226182,-2.61281319963583,56.1659868954375));
#6171=CARTESIAN_POINT('',(-1.45909374036667,-2.6213311970064,56.1754398271439));
#6172=CARTESIAN_POINT('',(-1.44312465750161,-2.63009338672809,56.181661756927));
#6173=CARTESIAN_POINT('',(-1.427165574563,-2.63885008951896,56.187879790504));
#6174=CARTESIAN_POINT('',(-1.40996022375544,-2.64809028900881,56.191042066233));
#6175=CARTESIAN_POINT('',(-1.39292368649416,-2.65702156626616,56.1908845915688));
#6176=CARTESIAN_POINT('',(-1.37591141821501,-2.66594012069112,56.1907273412312));
#6177=CARTESIAN_POINT('',(-1.3585984857245,-2.67479661398981,56.1872557434824));
#6178=CARTESIAN_POINT('',(-1.34243246742711,-2.68288558652759,56.1807587450683));
#6179=CARTESIAN_POINT('',(-1.3262664906927,-2.69097453826856,56.174261763358));
#6180=CARTESIAN_POINT('',(-1.31080332678794,-2.69852129043499,56.1645611636247));
#6181=CARTESIAN_POINT('',(-1.29735331685371,-2.70497215720396,56.1524589214322));
#6182=CARTESIAN_POINT('',(-1.28388416463513,-2.71143220495692,56.1403394551214));
#6183=CARTESIAN_POINT('',(-1.27206443050155,-2.71697513502621,56.1254773361043));
#6184=CARTESIAN_POINT('',(-1.26291242964731,-2.72122255522077,56.1090995449172));
#6185=CARTESIAN_POINT('',(-1.25375462386333,-2.7254726694684,56.0927113656271));
#6186=CARTESIAN_POINT('',(-1.2470173072329,-2.72854624359595,56.0743524791189));
#6187=CARTESIAN_POINT('',(-1.24329064127736,-2.73024328244061,56.0555446797166));
#6188=CARTESIAN_POINT('',(-1.24092118472245,-2.7313222790189,56.0435864671725));
#6189=CARTESIAN_POINT('',(-1.23971461840327,-2.73186889599724,56.0312787079467));
#6190=CARTESIAN_POINT('',(-1.23971461840327,-2.73186889599724,56.01904035));
#6191=CARTESIAN_POINT('',(-1.23971461840327,-2.73186889599724,56.01904035));
#6192=CARTESIAN_POINT('',(-1.85746978427421,-2.35580262341909,50.23804035));
#6193=CARTESIAN_POINT('',(-1.85746978427421,-2.35580262341909,50.2188238216495));
#6194=CARTESIAN_POINT('',(-1.86008049267253,-2.35375042229955,50.1993423607282));
#6195=CARTESIAN_POINT('',(-1.86506452548122,-2.34979452629192,50.181209923893));
#6196=CARTESIAN_POINT('',(-1.87004836006598,-2.34583878761736,50.1630782082173));
#6197=CARTESIAN_POINT('',(-1.87754032290455,-2.33986887179714,50.1457954973416));
#6198=CARTESIAN_POINT('',(-1.88686965167252,-2.33232135813167,50.1307873578439));
#6199=CARTESIAN_POINT('',(-1.89620860742639,-2.32476605614516,50.1157637313642));
#6200=CARTESIAN_POINT('',(-1.90764339936695,-2.31541842622007,50.1026049583199));
#6201=CARTESIAN_POINT('',(-1.92017038247701,-2.30498279869027,50.0923980779199));
#6202=CARTESIAN_POINT('',(-1.93270580065513,-2.29454014431069,50.0821843246974));
#6203=CARTESIAN_POINT('',(-1.94667885373358,-2.2827163620365,50.0746448810108));
#6204=CARTESIAN_POINT('',(-1.96088902335532,-2.27044362142832,50.0704072623909));
#6205=CARTESIAN_POINT('',(-1.97508330514784,-2.25818460248653,50.0661743816849));
#6206=CARTESIAN_POINT('',(-1.98990490735419,-2.24513769052973,50.0651194292074));
#6207=CARTESIAN_POINT('',(-2.00411732264288,-2.23237849772002,50.067330472083));
#6208=CARTESIAN_POINT('',(-2.01831321501689,-2.21963413835345,50.0695389444685));
#6209=CARTESIAN_POINT('',(-2.03229321229265,-2.20682640427785,50.0750661372563));
#6210=CARTESIAN_POINT('',(-2.04493417916694,-2.19504993174979,50.0834530352237));
#6211=CARTESIAN_POINT('',(-2.0575827726828,-2.1832663541533,50.0918449932363));
#6212=CARTESIAN_POINT('',(-2.06924154372572,-2.17219310623137,50.1033307016978));
#6213=CARTESIAN_POINT('',(-2.07900634999847,-2.16280664800763,50.1169618255934));
#6214=CARTESIAN_POINT('',(-2.08878512894133,-2.15340675850008,50.1306124545557));
#6215=CARTESIAN_POINT('',(-2.09693709375803,-2.14544247540345,50.1467915218116));
#6216=CARTESIAN_POINT('',(-2.1028438725337,-2.13963727013422,50.1641619468988));
#6217=CARTESIAN_POINT('',(-2.10875082655716,-2.13383189263077,50.181532887348));
#6218=CARTESIAN_POINT('',(-2.1125774577736,-2.13002833599679,50.200575519869));
#6219=CARTESIAN_POINT('',(-2.11403626262565,-2.12857949823437,50.2197096998468));
#6220=CARTESIAN_POINT('',(-2.11549299287142,-2.12713272090378,50.2388166685839));
#6221=CARTESIAN_POINT('',(-2.11462940422242,-2.12799477556935,50.2585421225617));
#6222=CARTESIAN_POINT('',(-2.11151011076855,-2.13108541643035,50.277250661505));
#6223=CARTESIAN_POINT('',(-2.10839285541622,-2.134174037911,50.2959469765575));
#6224=CARTESIAN_POINT('',(-2.10293618044039,-2.13957144804262,50.314142782183));
#6225=CARTESIAN_POINT('',(-2.09554924343291,-2.14678209614942,50.3303368791216));
#6226=CARTESIAN_POINT('',(-2.08815391565683,-2.15400093477953,50.3465493708183));
#6227=CARTESIAN_POINT('',(-2.07861775911471,-2.16323290422543,50.3612025456767));
#6228=CARTESIAN_POINT('',(-2.06766803289507,-2.17364875399495,50.373087871099));
#6229=CARTESIAN_POINT('',(-2.0567056861222,-2.18407660897663,50.3849868954375));
#6230=CARTESIAN_POINT('',(-2.04402074479587,-2.19597608876334,50.3944398271439));
#6231=CARTESIAN_POINT('',(-2.03061262371011,-2.20830531685025,50.4006617569271));
#6232=CARTESIAN_POINT('',(-2.01721289886261,-2.22062682430756,50.406879790504));
#6233=CARTESIAN_POINT('',(-2.00271882875912,-2.23371603035142,50.410042066233));
#6234=CARTESIAN_POINT('',(-1.98831473685778,-2.24646489115546,50.4098845915688));
#6235=CARTESIAN_POINT('',(-1.97393116395298,-2.2591955908819,50.4097273412312));
#6236=CARTESIAN_POINT('',(-1.95924081139271,-2.27193798652109,50.4062557434824));
#6237=CARTESIAN_POINT('',(-1.94548036604278,-2.28366068962575,50.3997587450683));
#6238=CARTESIAN_POINT('',(-1.93171995607109,-2.29538336259125,50.393261763358));
#6239=CARTESIAN_POINT('',(-1.91851217961417,-2.30641139719724,50.3835611636247));
#6240=CARTESIAN_POINT('',(-1.90699679599027,-2.31589361156397,50.3714589214322));
#6241=CARTESIAN_POINT('',(-1.8954650234753,-2.32538932118047,50.3593394551214));
#6242=CARTESIAN_POINT('',(-1.88531525932578,-2.33359983130169,50.3444773361043));
#6243=CARTESIAN_POINT('',(-1.87744567316866,-2.33991404634876,50.3280995449172));
#6244=CARTESIAN_POINT('',(-1.86957109549159,-2.34623226637523,50.3117113656271));
#6245=CARTESIAN_POINT('',(-1.86376510747194,-2.35082887342955,50.2933524791189));
#6246=CARTESIAN_POINT('',(-1.86055285963456,-2.35336844894836,50.2745446797166));
#6247=CARTESIAN_POINT('',(-1.85851047596371,-2.35498313991652,50.2625864671725));
#6248=CARTESIAN_POINT('',(-1.85746978427421,-2.35580262341909,50.2502787079467));
#6249=CARTESIAN_POINT('',(-1.85746978427421,-2.35580262341909,50.23804035));
#6250=CARTESIAN_POINT('',(-1.85746978427421,-2.35580262341909,50.23804035));
#6251=CARTESIAN_POINT('',(-1.85746978427421,-2.35580262341909,56.01904035));
#6252=CARTESIAN_POINT('',(-1.85746978427421,-2.35580262341909,55.9998238216495));
#6253=CARTESIAN_POINT('',(-1.86008049267253,-2.35375042229955,55.9803423607282));
#6254=CARTESIAN_POINT('',(-1.86506452548122,-2.34979452629192,55.962209923893));
#6255=CARTESIAN_POINT('',(-1.87004836006598,-2.34583878761736,55.9440782082173));
#6256=CARTESIAN_POINT('',(-1.87754032290455,-2.33986887179714,55.9267954973416));
#6257=CARTESIAN_POINT('',(-1.88686965167252,-2.33232135813167,55.9117873578439));
#6258=CARTESIAN_POINT('',(-1.89620860742639,-2.32476605614516,55.8967637313642));
#6259=CARTESIAN_POINT('',(-1.90764339936695,-2.31541842622007,55.8836049583199));
#6260=CARTESIAN_POINT('',(-1.920170382477,-2.30498279869028,55.8733980779199));
#6261=CARTESIAN_POINT('',(-1.93270580065513,-2.29454014431069,55.8631843246974));
#6262=CARTESIAN_POINT('',(-1.94667885373358,-2.2827163620365,55.8556448810108));
#6263=CARTESIAN_POINT('',(-1.96088902335532,-2.27044362142832,55.8514072623909));
#6264=CARTESIAN_POINT('',(-1.97508330514784,-2.25818460248653,55.8471743816849));
#6265=CARTESIAN_POINT('',(-1.98990490735419,-2.24513769052973,55.8461194292074));
#6266=CARTESIAN_POINT('',(-2.00411732264288,-2.23237849772002,55.8483304720829));
#6267=CARTESIAN_POINT('',(-2.01831321501689,-2.21963413835345,55.8505389444685));
#6268=CARTESIAN_POINT('',(-2.03229321229265,-2.20682640427785,55.8560661372563));
#6269=CARTESIAN_POINT('',(-2.04493417916694,-2.19504993174979,55.8644530352237));
#6270=CARTESIAN_POINT('',(-2.0575827726828,-2.1832663541533,55.8728449932363));
#6271=CARTESIAN_POINT('',(-2.06924154372572,-2.17219310623137,55.8843307016978));
#6272=CARTESIAN_POINT('',(-2.07900634999847,-2.16280664800763,55.8979618255934));
#6273=CARTESIAN_POINT('',(-2.08878512894133,-2.15340675850008,55.9116124545557));
#6274=CARTESIAN_POINT('',(-2.09693709375803,-2.14544247540345,55.9277915218116));
#6275=CARTESIAN_POINT('',(-2.1028438725337,-2.13963727013422,55.9451619468988));
#6276=CARTESIAN_POINT('',(-2.10875082655716,-2.13383189263077,55.962532887348));
#6277=CARTESIAN_POINT('',(-2.1125774577736,-2.13002833599679,55.981575519869));
#6278=CARTESIAN_POINT('',(-2.11403626262565,-2.12857949823437,56.0007096998468));
#6279=CARTESIAN_POINT('',(-2.11549299287142,-2.12713272090377,56.0198166685839));
#6280=CARTESIAN_POINT('',(-2.11462940422242,-2.12799477556935,56.0395421225617));
#6281=CARTESIAN_POINT('',(-2.11151011076855,-2.13108541643035,56.0582506615049));
#6282=CARTESIAN_POINT('',(-2.10839285541622,-2.134174037911,56.0769469765575));
#6283=CARTESIAN_POINT('',(-2.10293618044039,-2.13957144804262,56.095142782183));
#6284=CARTESIAN_POINT('',(-2.09554924343291,-2.14678209614942,56.1113368791216));
#6285=CARTESIAN_POINT('',(-2.08815391565683,-2.15400093477953,56.1275493708183));
#6286=CARTESIAN_POINT('',(-2.07861775911471,-2.16323290422543,56.1422025456767));
#6287=CARTESIAN_POINT('',(-2.06766803289507,-2.17364875399495,56.154087871099));
#6288=CARTESIAN_POINT('',(-2.0567056861222,-2.18407660897663,56.1659868954375));
#6289=CARTESIAN_POINT('',(-2.04402074479587,-2.19597608876334,56.1754398271439));
#6290=CARTESIAN_POINT('',(-2.03061262371011,-2.20830531685025,56.181661756927));
#6291=CARTESIAN_POINT('',(-2.01721289886261,-2.22062682430756,56.187879790504));
#6292=CARTESIAN_POINT('',(-2.00271882875912,-2.23371603035142,56.191042066233));
#6293=CARTESIAN_POINT('',(-1.98831473685778,-2.24646489115546,56.1908845915688));
#6294=CARTESIAN_POINT('',(-1.97393116395298,-2.2591955908819,56.1907273412312));
#6295=CARTESIAN_POINT('',(-1.95924081139271,-2.27193798652109,56.1872557434824));
#6296=CARTESIAN_POINT('',(-1.94548036604278,-2.28366068962575,56.1807587450683));
#6297=CARTESIAN_POINT('',(-1.93171995607109,-2.29538336259125,56.174261763358));
#6298=CARTESIAN_POINT('',(-1.91851217961417,-2.30641139719724,56.1645611636247));
#6299=CARTESIAN_POINT('',(-1.90699679599027,-2.31589361156397,56.1524589214322));
#6300=CARTESIAN_POINT('',(-1.8954650234753,-2.32538932118047,56.1403394551214));
#6301=CARTESIAN_POINT('',(-1.88531525932578,-2.33359983130169,56.1254773361043));
#6302=CARTESIAN_POINT('',(-1.87744567316866,-2.33991404634876,56.1090995449172));
#6303=CARTESIAN_POINT('',(-1.86957109549159,-2.34623226637523,56.0927113656271));
#6304=CARTESIAN_POINT('',(-1.86376510747194,-2.35082887342955,56.0743524791189));
#6305=CARTESIAN_POINT('',(-1.86055285963456,-2.35336844894836,56.0555446797166));
#6306=CARTESIAN_POINT('',(-1.85851047596371,-2.35498313991652,56.0435864671725));
#6307=CARTESIAN_POINT('',(-1.85746978427421,-2.35580262341909,56.0312787079467));
#6308=CARTESIAN_POINT('',(-1.85746978427421,-2.35580262341909,56.01904035));
#6309=CARTESIAN_POINT('',(-1.85746978427421,-2.35580262341909,56.01904035));
#6310=CARTESIAN_POINT('',(-2.36727555791109,-1.84282566536194,50.23804035));
#6311=CARTESIAN_POINT('',(-2.36727555791109,-1.84282566536194,50.2188238216495));
#6312=CARTESIAN_POINT('',(-2.36931927999395,-1.84020831406261,50.1993423607282));
#6313=CARTESIAN_POINT('',(-2.37321177798641,-1.83517461208096,50.181209923893));
#6314=CARTESIAN_POINT('',(-2.37710412116724,-1.83014111029868,50.1630782082173));
#6315=CARTESIAN_POINT('',(-2.38294968681155,-1.82255172531877,50.1457954973416));
#6316=CARTESIAN_POINT('',(-2.39020168399432,-1.81299087417191,50.1307873578439));
#6317=CARTESIAN_POINT('',(-2.39746116455304,-1.80342015712994,50.1157637313642));
#6318=CARTESIAN_POINT('',(-2.40632664795667,-1.7916076275126,50.1026049583199));
#6319=CARTESIAN_POINT('',(-2.41599221056986,-1.77847733706834,50.0923980779199));
#6320=CARTESIAN_POINT('',(-2.42566428150815,-1.76533820531786,50.0821843246974));
#6321=CARTESIAN_POINT('',(-2.43640168674979,-1.75051403018811,50.0746448810108));
#6322=CARTESIAN_POINT('',(-2.44726187559698,-1.73519719693454,50.0704072623909));
#6323=CARTESIAN_POINT('',(-2.45810992209609,-1.71989748882708,50.0661743816849));
#6324=CARTESIAN_POINT('',(-2.46937850507765,-1.70368265484212,50.0651194292073));
#6325=CARTESIAN_POINT('',(-2.48012445870504,-1.68789296738063,50.0673304720829));
#6326=CARTESIAN_POINT('',(-2.49085791941892,-1.67212163652168,50.0695389444684));
#6327=CARTESIAN_POINT('',(-2.50136659199313,-1.65634043958642,50.0750661372563));
#6328=CARTESIAN_POINT('',(-2.51082194099806,-1.6418809885624,50.0834530352237));
#6329=CARTESIAN_POINT('',(-2.52028299467404,-1.62741281375553,50.0918449932363));
#6330=CARTESIAN_POINT('',(-2.52895298133715,-1.61387120775649,50.1033307016978));
#6331=CARTESIAN_POINT('',(-2.53618771360131,-1.60242063184973,50.1169618255934));
#6332=CARTESIAN_POINT('',(-2.54343279819857,-1.59095367106904,50.1306124545557));
#6333=CARTESIAN_POINT('',(-2.54944190403345,-1.58126992268934,50.1467915218116));
#6334=CARTESIAN_POINT('',(-2.55378776599769,-1.57421982144821,50.1641619468988));
#6335=CARTESIAN_POINT('',(-2.55813375689901,-1.56716951103812,50.181532887348));
#6336=CARTESIAN_POINT('',(-2.5609389424844,-1.5625607060557,50.200575519869));
#6337=CARTESIAN_POINT('',(-2.56200862754717,-1.56080485403327,50.2197096998468));
#6338=CARTESIAN_POINT('',(-2.56307679138155,-1.55905149905603,50.2388166685839));
#6339=CARTESIAN_POINT('',(-2.56244460023412,-1.56009517427096,50.2585421225617));
#6340=CARTESIAN_POINT('',(-2.56015558654966,-1.56384250251056,50.277250661505));
#6341=CARTESIAN_POINT('',(-2.55786806847386,-1.56758738229972,50.2959469765575));
#6342=CARTESIAN_POINT('',(-2.55386163934681,-1.57413382129895,50.314142782183));
#6343=CARTESIAN_POINT('',(-2.54841497434517,-1.58290275081358,50.3303368791216));
#6344=CARTESIAN_POINT('',(-2.54296212251595,-1.59168164089216,50.3465493708183));
#6345=CARTESIAN_POINT('',(-2.53591242425231,-1.60292749772202,50.3612025456767));
#6346=CARTESIAN_POINT('',(-2.52777355318301,-1.61566112283129,50.373087871099));
#6347=CARTESIAN_POINT('',(-2.51962530132614,-1.62840942459916,50.3849868954375));
#6348=CARTESIAN_POINT('',(-2.51015669325065,-1.64299883228965,50.3944398271439));
#6349=CARTESIAN_POINT('',(-2.50008876520514,-1.65817856882031,50.4006617569271));
#6350=CARTESIAN_POINT('',(-2.49002714175087,-1.67334879971748,50.406879790504));
#6351=CARTESIAN_POINT('',(-2.47908669502208,-1.68952631523742,50.410042066233));
#6352=CARTESIAN_POINT('',(-2.46815216194524,-1.70535184213843,50.4098845915688));
#6353=CARTESIAN_POINT('',(-2.45723320538985,-1.72115482517247,50.4097273412312));
#6354=CARTESIAN_POINT('',(-2.44601918265336,-1.73704258143432,50.4062557434824));
#6355=CARTESIAN_POINT('',(-2.43546401731745,-1.75171773421173,50.3997587450683));
#6356=CARTESIAN_POINT('',(-2.42490887911897,-1.76639284925918,50.393261763358));
#6357=CARTESIAN_POINT('',(-2.41472407806925,-1.78026125701871,50.3835611636247));
#6358=CARTESIAN_POINT('',(-2.40581255299519,-1.79222374715064,50.3714589214322));
#6359=CARTESIAN_POINT('',(-2.39688834488612,-1.80420326250327,50.3593394551214));
#6360=CARTESIAN_POINT('',(-2.38899841812014,-1.81460418767216,50.3444773361043));
#6361=CARTESIAN_POINT('',(-2.3828685984028,-1.82261823834445,50.3280995449172));
#6362=CARTESIAN_POINT('',(-2.37673489066431,-1.83063737216762,50.3117113656271));
#6363=CARTESIAN_POINT('',(-2.37219765417523,-1.8364898740547,50.2933524791189));
#6364=CARTESIAN_POINT('',(-2.36968650862427,-1.83972439534948,50.2745446797166));
#6365=CARTESIAN_POINT('',(-2.36808989375269,-1.84178094073761,50.2625864671725));
#6366=CARTESIAN_POINT('',(-2.36727555791109,-1.84282566536194,50.2502787079467));
#6367=CARTESIAN_POINT('',(-2.36727555791109,-1.84282566536194,50.23804035));
#6368=CARTESIAN_POINT('',(-2.36727555791109,-1.84282566536194,50.23804035));
#6369=CARTESIAN_POINT('',(-2.36727555791109,-1.84282566536194,56.01904035));
#6370=CARTESIAN_POINT('',(-2.36727555791109,-1.84282566536194,55.9998238216495));
#6371=CARTESIAN_POINT('',(-2.36931927999395,-1.84020831406261,55.9803423607282));
#6372=CARTESIAN_POINT('',(-2.37321177798641,-1.83517461208096,55.962209923893));
#6373=CARTESIAN_POINT('',(-2.37710412116724,-1.83014111029868,55.9440782082173));
#6374=CARTESIAN_POINT('',(-2.38294968681155,-1.82255172531877,55.9267954973416));
#6375=CARTESIAN_POINT('',(-2.39020168399432,-1.81299087417191,55.9117873578439));
#6376=CARTESIAN_POINT('',(-2.39746116455304,-1.80342015712994,55.8967637313642));
#6377=CARTESIAN_POINT('',(-2.40632664795667,-1.7916076275126,55.8836049583199));
#6378=CARTESIAN_POINT('',(-2.41599221056986,-1.77847733706834,55.8733980779199));
#6379=CARTESIAN_POINT('',(-2.42566428150815,-1.76533820531786,55.8631843246974));
#6380=CARTESIAN_POINT('',(-2.43640168674979,-1.75051403018811,55.8556448810108));
#6381=CARTESIAN_POINT('',(-2.44726187559698,-1.73519719693454,55.8514072623909));
#6382=CARTESIAN_POINT('',(-2.45810992209609,-1.71989748882708,55.8471743816849));
#6383=CARTESIAN_POINT('',(-2.46937850507765,-1.70368265484212,55.8461194292073));
#6384=CARTESIAN_POINT('',(-2.48012445870504,-1.68789296738063,55.8483304720829));
#6385=CARTESIAN_POINT('',(-2.49085791941892,-1.67212163652168,55.8505389444684));
#6386=CARTESIAN_POINT('',(-2.50136659199313,-1.65634043958642,55.8560661372563));
#6387=CARTESIAN_POINT('',(-2.51082194099806,-1.6418809885624,55.8644530352237));
#6388=CARTESIAN_POINT('',(-2.52028299467404,-1.62741281375553,55.8728449932363));
#6389=CARTESIAN_POINT('',(-2.52895298133715,-1.61387120775649,55.8843307016978));
#6390=CARTESIAN_POINT('',(-2.53618771360131,-1.60242063184973,55.8979618255934));
#6391=CARTESIAN_POINT('',(-2.54343279819857,-1.59095367106904,55.9116124545557));
#6392=CARTESIAN_POINT('',(-2.54944190403345,-1.58126992268934,55.9277915218116));
#6393=CARTESIAN_POINT('',(-2.55378776599769,-1.57421982144821,55.9451619468988));
#6394=CARTESIAN_POINT('',(-2.55813375689901,-1.56716951103812,55.962532887348));
#6395=CARTESIAN_POINT('',(-2.5609389424844,-1.5625607060557,55.981575519869));
#6396=CARTESIAN_POINT('',(-2.56200862754717,-1.56080485403327,56.0007096998468));
#6397=CARTESIAN_POINT('',(-2.56307679138155,-1.55905149905603,56.0198166685839));
#6398=CARTESIAN_POINT('',(-2.56244460023412,-1.56009517427096,56.0395421225617));
#6399=CARTESIAN_POINT('',(-2.56015558654966,-1.56384250251056,56.0582506615049));
#6400=CARTESIAN_POINT('',(-2.55786806847386,-1.56758738229972,56.0769469765575));
#6401=CARTESIAN_POINT('',(-2.55386163934681,-1.57413382129895,56.095142782183));
#6402=CARTESIAN_POINT('',(-2.54841497434517,-1.58290275081358,56.1113368791216));
#6403=CARTESIAN_POINT('',(-2.54296212251595,-1.59168164089216,56.1275493708183));
#6404=CARTESIAN_POINT('',(-2.53591242425231,-1.60292749772202,56.1422025456767));
#6405=CARTESIAN_POINT('',(-2.52777355318301,-1.61566112283129,56.154087871099));
#6406=CARTESIAN_POINT('',(-2.51962530132614,-1.62840942459916,56.1659868954375));
#6407=CARTESIAN_POINT('',(-2.51015669325065,-1.64299883228965,56.1754398271439));
#6408=CARTESIAN_POINT('',(-2.50008876520514,-1.65817856882031,56.181661756927));
#6409=CARTESIAN_POINT('',(-2.49002714175087,-1.67334879971748,56.187879790504));
#6410=CARTESIAN_POINT('',(-2.47908669502208,-1.68952631523742,56.191042066233));
#6411=CARTESIAN_POINT('',(-2.46815216194524,-1.70535184213843,56.1908845915688));
#6412=CARTESIAN_POINT('',(-2.45723320538985,-1.72115482517247,56.1907273412312));
#6413=CARTESIAN_POINT('',(-2.44601918265336,-1.73704258143432,56.1872557434824));
#6414=CARTESIAN_POINT('',(-2.43546401731745,-1.75171773421173,56.1807587450683));
#6415=CARTESIAN_POINT('',(-2.42490887911897,-1.76639284925918,56.174261763358));
#6416=CARTESIAN_POINT('',(-2.41472407806925,-1.78026125701871,56.1645611636247));
#6417=CARTESIAN_POINT('',(-2.40581255299519,-1.79222374715064,56.1524589214322));
#6418=CARTESIAN_POINT('',(-2.39688834488612,-1.80420326250327,56.1403394551214));
#6419=CARTESIAN_POINT('',(-2.38899841812014,-1.81460418767216,56.1254773361043));
#6420=CARTESIAN_POINT('',(-2.3828685984028,-1.82261823834445,56.1090995449172));
#6421=CARTESIAN_POINT('',(-2.37673489066431,-1.83063737216762,56.0927113656271));
#6422=CARTESIAN_POINT('',(-2.37219765417523,-1.8364898740547,56.0743524791189));
#6423=CARTESIAN_POINT('',(-2.36968650862427,-1.83972439534948,56.0555446797166));
#6424=CARTESIAN_POINT('',(-2.36808989375269,-1.84178094073761,56.0435864671725));
#6425=CARTESIAN_POINT('',(-2.36727555791109,-1.84282566536194,56.0312787079467));
#6426=CARTESIAN_POINT('',(-2.36727555791109,-1.84282566536194,56.01904035));
#6427=CARTESIAN_POINT('',(-2.36727555791109,-1.84282566536194,56.01904035));
#6428=CARTESIAN_POINT('',(-2.73950388081872,-1.2227503780327,50.23804035));
#6429=CARTESIAN_POINT('',(-2.73950388081872,-1.2227503780327,50.2188238216495));
#6430=CARTESIAN_POINT('',(-2.74086184288729,-1.21971998749741,50.1993423607282));
#6431=CARTESIAN_POINT('',(-2.74343658822886,-1.21390102000416,50.181209923893));
#6432=CARTESIAN_POINT('',(-2.74601123116818,-1.2080822839417,50.1630782082173));
#6433=CARTESIAN_POINT('',(-2.74987067659075,-1.19931449727086,50.1457954973416));
#6434=CARTESIAN_POINT('',(-2.75462388247199,-1.18829595055898,50.1307873578439));
#6435=CARTESIAN_POINT('',(-2.75938199321263,-1.17726603374788,50.1157637313642));
#6436=CARTESIAN_POINT('',(-2.76516293840862,-1.16367510572286,50.1026049583199));
#6437=CARTESIAN_POINT('',(-2.77140535315876,-1.14861323711808,50.0923980779199));
#6438=CARTESIAN_POINT('',(-2.77765197125083,-1.13354122657524,50.0821843246974));
#6439=CARTESIAN_POINT('',(-2.7845297096919,-1.11657818576479,50.0746448810108));
#6440=CARTESIAN_POINT('',(-2.79140876306392,-1.0991074185401,50.0704072623909));
#6441=CARTESIAN_POINT('',(-2.79828012523815,-1.08165618469,50.0661743816849));
#6442=CARTESIAN_POINT('',(-2.80534079991165,-1.06321577588957,50.0651194292074));
#6443=CARTESIAN_POINT('',(-2.81199577611286,-1.04531323301838,50.067330472083));
#6444=CARTESIAN_POINT('',(-2.81864301544446,-1.02743150309012,50.0695389444685));
#6445=CARTESIAN_POINT('',(-2.82506963746459,-1.00959398909876,50.0750661372563));
#6446=CARTESIAN_POINT('',(-2.83078985808479,-0.993291890314334,50.0834530352237));
#6447=CARTESIAN_POINT('',(-2.83651352987077,-0.976979956027181,50.0918449932363));
#6448=CARTESIAN_POINT('',(-2.84169086404333,-0.961756980869958,50.1033307016978));
#6449=CARTESIAN_POINT('',(-2.84597506595688,-0.948907753130742,50.1169618255934));
#6450=CARTESIAN_POINT('',(-2.85026539822657,-0.936040139156769,50.1306124545557));
#6451=CARTESIAN_POINT('',(-2.8537824176907,-0.925199709750842,50.1467915218116));
#6452=CARTESIAN_POINT('',(-2.85631479714274,-0.91731443879586,50.1641619468988));
#6453=CARTESIAN_POINT('',(-2.85884725172776,-0.909428933893334,50.181532887348));
#6454=CARTESIAN_POINT('',(-2.86046796449231,-0.904282727555719,50.200575519869));
#6455=CARTESIAN_POINT('',(-2.86108636355809,-0.902321905010558,50.2197096998468));
#6456=CARTESIAN_POINT('',(-2.86170388318164,-0.900363871004774,50.2388166685839));
#6457=CARTESIAN_POINT('',(-2.86133983018735,-0.901528512159159,50.2585421225617));
#6458=CARTESIAN_POINT('',(-2.86001412542742,-0.905714746681076,50.277250661505));
#6459=CARTESIAN_POINT('',(-2.85868928686393,-0.909898245977482,50.2959469765575));
#6460=CARTESIAN_POINT('',(-2.85636594268373,-0.917213258605021,50.314142782183));
#6461=CARTESIAN_POINT('',(-2.85317609006002,-0.92703085121786,50.3303368791216));
#6462=CARTESIAN_POINT('',(-2.84998261410567,-0.936859595563513,50.3465493708183));
#6463=CARTESIAN_POINT('',(-2.84582907695899,-0.949465771455396,50.3612025456767));
#6464=CARTESIAN_POINT('',(-2.84097406264297,-0.963777139897914,50.373087871099));
#6465=CARTESIAN_POINT('',(-2.83611345248233,-0.978105003491415,50.3849868954375));
#6466=CARTESIAN_POINT('',(-2.83041145874203,-0.994536455741052,50.3944398271439));
#6467=CARTESIAN_POINT('',(-2.82426883511935,-1.01168450960439,50.4006617569271));
#6468=CARTESIAN_POINT('',(-2.81813005804096,-1.02882182526323,50.406879790504));
#6469=CARTESIAN_POINT('',(-2.81137905368383,-1.04714747186011,50.410042066233));
#6470=CARTESIAN_POINT('',(-2.80454955474852,-1.06512994275805,50.4098845915688));
#6471=CARTESIAN_POINT('',(-2.79772978460875,-1.08308679716726,50.4097273412312));
#6472=CARTESIAN_POINT('',(-2.79064380993617,-1.10119657540748,50.4062557434824));
#6473=CARTESIAN_POINT('',(-2.78390735245713,-1.11797131132021,50.3997587450683));
#6474=CARTESIAN_POINT('',(-2.77717091229759,-1.13474600410493,50.393261763358));
#6475=CARTESIAN_POINT('',(-2.77060099027184,-1.15064880356863,50.3835611636247));
#6476=CARTESIAN_POINT('',(-2.76481122919285,-1.16439635302118,50.3714589214322));
#6477=CARTESIAN_POINT('',(-2.7590132280268,-1.17816346822141,50.3593394551214));
#6478=CARTESIAN_POINT('',(-2.75384167250928,-1.19015034447299,50.3444773361043));
#6479=CARTESIAN_POINT('',(-2.7498078620727,-1.1993984832753,50.3280995449172));
#6480=CARTESIAN_POINT('',(-2.74577149307143,-1.20865248798573,50.3117113656271));
#6481=CARTESIAN_POINT('',(-2.74276669580549,-1.21542075856888,50.2933524791189));
#6482=CARTESIAN_POINT('',(-2.74110259119274,-1.21916224701899,50.2745446797166));
#6483=CARTESIAN_POINT('',(-2.74004453457328,-1.22154112788436,50.2625864671725));
#6484=CARTESIAN_POINT('',(-2.73950388081872,-1.2227503780327,50.2502787079467));
#6485=CARTESIAN_POINT('',(-2.73950388081872,-1.2227503780327,50.23804035));
#6486=CARTESIAN_POINT('',(-2.73950388081872,-1.2227503780327,50.23804035));
#6487=CARTESIAN_POINT('',(-2.73950388081872,-1.2227503780327,56.01904035));
#6488=CARTESIAN_POINT('',(-2.73950388081872,-1.2227503780327,55.9998238216495));
#6489=CARTESIAN_POINT('',(-2.74086184288729,-1.21971998749741,55.9803423607282));
#6490=CARTESIAN_POINT('',(-2.74343658822886,-1.21390102000416,55.962209923893));
#6491=CARTESIAN_POINT('',(-2.74601123116818,-1.2080822839417,55.9440782082173));
#6492=CARTESIAN_POINT('',(-2.74987067659075,-1.19931449727086,55.9267954973416));
#6493=CARTESIAN_POINT('',(-2.75462388247199,-1.18829595055898,55.9117873578439));
#6494=CARTESIAN_POINT('',(-2.75938199321263,-1.17726603374788,55.8967637313642));
#6495=CARTESIAN_POINT('',(-2.76516293840862,-1.16367510572286,55.8836049583199));
#6496=CARTESIAN_POINT('',(-2.77140535315876,-1.14861323711808,55.8733980779199));
#6497=CARTESIAN_POINT('',(-2.77765197125083,-1.13354122657524,55.8631843246974));
#6498=CARTESIAN_POINT('',(-2.7845297096919,-1.11657818576479,55.8556448810108));
#6499=CARTESIAN_POINT('',(-2.79140876306392,-1.0991074185401,55.8514072623909));
#6500=CARTESIAN_POINT('',(-2.79828012523815,-1.08165618469,55.8471743816849));
#6501=CARTESIAN_POINT('',(-2.80534079991165,-1.06321577588957,55.8461194292074));
#6502=CARTESIAN_POINT('',(-2.81199577611286,-1.04531323301838,55.8483304720829));
#6503=CARTESIAN_POINT('',(-2.81864301544446,-1.02743150309012,55.8505389444685));
#6504=CARTESIAN_POINT('',(-2.82506963746459,-1.00959398909876,55.8560661372563));
#6505=CARTESIAN_POINT('',(-2.83078985808479,-0.993291890314334,55.8644530352237));
#6506=CARTESIAN_POINT('',(-2.83651352987077,-0.976979956027181,55.8728449932363));
#6507=CARTESIAN_POINT('',(-2.84169086404333,-0.961756980869958,55.8843307016978));
#6508=CARTESIAN_POINT('',(-2.84597506595688,-0.948907753130742,55.8979618255934));
#6509=CARTESIAN_POINT('',(-2.85026539822657,-0.936040139156769,55.9116124545557));
#6510=CARTESIAN_POINT('',(-2.8537824176907,-0.925199709750842,55.9277915218116));
#6511=CARTESIAN_POINT('',(-2.85631479714274,-0.91731443879586,55.9451619468988));
#6512=CARTESIAN_POINT('',(-2.85884725172776,-0.909428933893334,55.962532887348));
#6513=CARTESIAN_POINT('',(-2.86046796449231,-0.904282727555719,55.981575519869));
#6514=CARTESIAN_POINT('',(-2.86108636355809,-0.902321905010558,56.0007096998468));
#6515=CARTESIAN_POINT('',(-2.86170388318164,-0.900363871004774,56.0198166685839));
#6516=CARTESIAN_POINT('',(-2.86133983018735,-0.901528512159159,56.0395421225617));
#6517=CARTESIAN_POINT('',(-2.86001412542742,-0.905714746681076,56.0582506615049));
#6518=CARTESIAN_POINT('',(-2.85868928686393,-0.909898245977482,56.0769469765575));
#6519=CARTESIAN_POINT('',(-2.85636594268373,-0.917213258605021,56.095142782183));
#6520=CARTESIAN_POINT('',(-2.85317609006002,-0.92703085121786,56.1113368791216));
#6521=CARTESIAN_POINT('',(-2.84998261410567,-0.936859595563513,56.1275493708183));
#6522=CARTESIAN_POINT('',(-2.84582907695899,-0.949465771455396,56.1422025456767));
#6523=CARTESIAN_POINT('',(-2.84097406264297,-0.963777139897914,56.154087871099));
#6524=CARTESIAN_POINT('',(-2.83611345248233,-0.978105003491415,56.1659868954375));
#6525=CARTESIAN_POINT('',(-2.83041145874203,-0.994536455741052,56.1754398271439));
#6526=CARTESIAN_POINT('',(-2.82426883511935,-1.01168450960439,56.181661756927));
#6527=CARTESIAN_POINT('',(-2.81813005804096,-1.02882182526323,56.187879790504));
#6528=CARTESIAN_POINT('',(-2.81137905368383,-1.04714747186011,56.191042066233));
#6529=CARTESIAN_POINT('',(-2.80454955474852,-1.06512994275805,56.1908845915688));
#6530=CARTESIAN_POINT('',(-2.79772978460875,-1.08308679716726,56.1907273412312));
#6531=CARTESIAN_POINT('',(-2.79064380993617,-1.10119657540748,56.1872557434824));
#6532=CARTESIAN_POINT('',(-2.78390735245713,-1.11797131132021,56.1807587450683));
#6533=CARTESIAN_POINT('',(-2.77717091229759,-1.13474600410493,56.174261763358));
#6534=CARTESIAN_POINT('',(-2.77060099027184,-1.15064880356863,56.1645611636247));
#6535=CARTESIAN_POINT('',(-2.76481122919285,-1.16439635302118,56.1524589214322));
#6536=CARTESIAN_POINT('',(-2.7590132280268,-1.17816346822141,56.1403394551214));
#6537=CARTESIAN_POINT('',(-2.75384167250928,-1.19015034447299,56.1254773361043));
#6538=CARTESIAN_POINT('',(-2.7498078620727,-1.1993984832753,56.1090995449172));
#6539=CARTESIAN_POINT('',(-2.74577149307143,-1.20865248798573,56.0927113656271));
#6540=CARTESIAN_POINT('',(-2.74276669580549,-1.21542075856888,56.0743524791189));
#6541=CARTESIAN_POINT('',(-2.74110259119274,-1.21916224701899,56.0555446797166));
#6542=CARTESIAN_POINT('',(-2.74004453457328,-1.22154112788436,56.0435864671725));
#6543=CARTESIAN_POINT('',(-2.73950388081872,-1.2227503780327,56.0312787079467));
#6544=CARTESIAN_POINT('',(-2.73950388081872,-1.2227503780327,56.01904035));
#6545=CARTESIAN_POINT('',(-2.73950388081872,-1.2227503780327,56.01904035));
#6546=CARTESIAN_POINT('',(-2.9525221958646,-0.531613283248991,50.23804035));
#6547=CARTESIAN_POINT('',(-2.9525221958646,-0.531613283248991,50.2188238216495));
#6548=CARTESIAN_POINT('',(-2.95311547809945,-0.528345968760629,50.1993423607282));
#6549=CARTESIAN_POINT('',(-2.95422283594969,-0.522079912995403,50.181209923893));
#6550=CARTESIAN_POINT('',(-2.95533014975831,-0.515814106442465,50.1630782082173));
#6551=CARTESIAN_POINT('',(-2.9569791780197,-0.506377469972395,50.1457954973416));
#6552=CARTESIAN_POINT('',(-2.95895735355079,-0.494541585579606,50.1307873578439));
#6553=CARTESIAN_POINT('',(-2.96093757037215,-0.482693487672329,50.1157637313642));
#6554=CARTESIAN_POINT('',(-2.96329800983859,-0.468114016575416,50.1026049583199));
#6555=CARTESIAN_POINT('',(-2.96575449027065,-0.451995910865777,50.0923980779199));
#6556=CARTESIAN_POINT('',(-2.96821262477852,-0.435866951998785,50.0821843246974));
#6557=CARTESIAN_POINT('',(-2.97083098726038,-0.417750875781399,50.0746448810108));
#6558=CARTESIAN_POINT('',(-2.97332911957959,-0.399141512073036,50.0704072623909));
#6559=CARTESIAN_POINT('',(-2.97582445883576,-0.380552954759006,50.0661743816849));
#6560=CARTESIAN_POINT('',(-2.9782668844537,-0.36095866067443,50.0651194292074));
#6561=CARTESIAN_POINT('',(-2.98044412020177,-0.341983693112116,50.067330472083));
#6562=CARTESIAN_POINT('',(-2.98261882476287,-0.323030785260533,50.0695389444685));
#6563=CARTESIAN_POINT('',(-2.98458990431692,-0.304173605689529,50.0750661372563));
#6564=CARTESIAN_POINT('',(-2.9862425581221,-0.286976277870322,50.0834530352237));
#6565=CARTESIAN_POINT('',(-2.98789620901859,-0.269768574432193,50.0918449932363));
#6566=CARTESIAN_POINT('',(-2.98928000285733,-0.253748934099662,50.1033307016978));
#6567=CARTESIAN_POINT('',(-2.9903646921775,-0.240247804939143,50.1169618255934));
#6568=CARTESIAN_POINT('',(-2.99145093360281,-0.226727356724183,50.1306124545557));
#6569=CARTESIAN_POINT('',(-2.9922714703088,-0.215360252645742,50.1467915218116));
#6570=CARTESIAN_POINT('',(-2.99284319455969,-0.207098075263023,50.1641619468988));
#6571=CARTESIAN_POINT('',(-2.99341493577303,-0.19883565275035,50.181532887348));
#6572=CARTESIAN_POINT('',(-2.99375698578192,-0.19345112386419,50.200575519869));
#6573=CARTESIAN_POINT('',(-2.9938881597448,-0.19139928667532,50.2197096998468));
#6574=CARTESIAN_POINT('',(-2.99401914716159,-0.18935036746024,50.2388166685839));
#6575=CARTESIAN_POINT('',(-2.9939443897572,-0.190568289843491,50.2585421225617));
#6576=CARTESIAN_POINT('',(-2.99365903906369,-0.194950141913647,50.277250661505));
#6577=CARTESIAN_POINT('',(-2.99337387481423,-0.199329130944595,50.2959469765575));
#6578=CARTESIAN_POINT('',(-2.99286863989964,-0.206987595255524,50.314142782183));
#6579=CARTESIAN_POINT('',(-2.9921209822937,-0.217283288169404,50.3303368791216));
#6580=CARTESIAN_POINT('',(-2.99137247542886,-0.227590675886792,50.3465493708183));
#6581=CARTESIAN_POINT('',(-2.99035648788061,-0.24082454571945,50.3612025456767));
#6582=CARTESIAN_POINT('',(-2.98906748610267,-0.255881932781045,50.373087871099));
#6583=CARTESIAN_POINT('',(-2.9877769986332,-0.270956674847788,50.3849868954375));
#6584=CARTESIAN_POINT('',(-2.98617299837838,-0.288275235377723,50.3944398271439));
#6585=CARTESIAN_POINT('',(-2.98431266613595,-0.306395024013842,50.4006617569271));
#6586=CARTESIAN_POINT('',(-2.98245349884368,-0.324503465939874,50.406879790504));
#6587=CARTESIAN_POINT('',(-2.98028428069255,-0.343912223644483,50.410042066233));
#6588=CARTESIAN_POINT('',(-2.97795672155267,-0.3630065626944,50.4098845915688));
#6589=CARTESIAN_POINT('',(-2.97563247808018,-0.382073701371015,50.4097273412312));
#6590=CARTESIAN_POINT('',(-2.97308636256301,-0.401353027104655,50.4062557434824));
#6591=CARTESIAN_POINT('',(-2.9705601113635,-0.41925245947514,50.3997587450683));
#6592=CARTESIAN_POINT('',(-2.96803386665901,-0.437151845826021,50.393261763358));
#6593=CARTESIAN_POINT('',(-2.96546064364467,-0.454164824093375,50.3835611636247));
#6594=CARTESIAN_POINT('',(-2.96312912642974,-0.468898475262672,50.3714589214322));
#6595=CARTESIAN_POINT('',(-2.9607942909596,-0.483653095616486,50.3593394551214));
#6596=CARTESIAN_POINT('',(-2.95864165869937,-0.496529289273534,50.3444773361043));
#6597=CARTESIAN_POINT('',(-2.95693828794383,-0.506474047994299,50.3280995449172));
#6598=CARTESIAN_POINT('',(-2.95523383677453,-0.516425114475161,50.3117113656271));
#6599=CARTESIAN_POINT('',(-2.95393610662682,-0.523715806469745,50.2933524791189));
#6600=CARTESIAN_POINT('',(-2.95321575466359,-0.527746820366217,50.2745446797166));
#6601=CARTESIAN_POINT('',(-2.95275774670112,-0.530309784799816,50.2625864671725));
#6602=CARTESIAN_POINT('',(-2.9525221958646,-0.531613283248991,50.2502787079467));
#6603=CARTESIAN_POINT('',(-2.9525221958646,-0.531613283248991,50.23804035));
#6604=CARTESIAN_POINT('',(-2.9525221958646,-0.531613283248991,50.23804035));
#6605=CARTESIAN_POINT('',(-2.9525221958646,-0.531613283248991,56.01904035));
#6606=CARTESIAN_POINT('',(-2.9525221958646,-0.531613283248991,55.9998238216495));
#6607=CARTESIAN_POINT('',(-2.95311547809945,-0.528345968760629,55.9803423607282));
#6608=CARTESIAN_POINT('',(-2.95422283594969,-0.522079912995403,55.962209923893));
#6609=CARTESIAN_POINT('',(-2.95533014975831,-0.515814106442465,55.9440782082173));
#6610=CARTESIAN_POINT('',(-2.9569791780197,-0.506377469972395,55.9267954973416));
#6611=CARTESIAN_POINT('',(-2.95895735355079,-0.494541585579606,55.9117873578439));
#6612=CARTESIAN_POINT('',(-2.96093757037215,-0.482693487672329,55.8967637313642));
#6613=CARTESIAN_POINT('',(-2.96329800983859,-0.468114016575416,55.8836049583199));
#6614=CARTESIAN_POINT('',(-2.96575449027065,-0.451995910865777,55.8733980779199));
#6615=CARTESIAN_POINT('',(-2.96821262477852,-0.435866951998785,55.8631843246974));
#6616=CARTESIAN_POINT('',(-2.97083098726038,-0.417750875781399,55.8556448810108));
#6617=CARTESIAN_POINT('',(-2.97332911957959,-0.399141512073036,55.8514072623909));
#6618=CARTESIAN_POINT('',(-2.97582445883576,-0.380552954759006,55.8471743816849));
#6619=CARTESIAN_POINT('',(-2.9782668844537,-0.36095866067443,55.8461194292074));
#6620=CARTESIAN_POINT('',(-2.98044412020177,-0.341983693112116,55.8483304720829));
#6621=CARTESIAN_POINT('',(-2.98261882476287,-0.323030785260533,55.8505389444685));
#6622=CARTESIAN_POINT('',(-2.98458990431692,-0.304173605689529,55.8560661372563));
#6623=CARTESIAN_POINT('',(-2.9862425581221,-0.286976277870322,55.8644530352237));
#6624=CARTESIAN_POINT('',(-2.98789620901859,-0.269768574432193,55.8728449932363));
#6625=CARTESIAN_POINT('',(-2.98928000285733,-0.253748934099662,55.8843307016978));
#6626=CARTESIAN_POINT('',(-2.9903646921775,-0.240247804939143,55.8979618255934));
#6627=CARTESIAN_POINT('',(-2.99145093360281,-0.226727356724183,55.9116124545557));
#6628=CARTESIAN_POINT('',(-2.9922714703088,-0.215360252645742,55.9277915218116));
#6629=CARTESIAN_POINT('',(-2.99284319455969,-0.207098075263023,55.9451619468988));
#6630=CARTESIAN_POINT('',(-2.99341493577303,-0.19883565275035,55.962532887348));
#6631=CARTESIAN_POINT('',(-2.99375698578192,-0.19345112386419,55.981575519869));
#6632=CARTESIAN_POINT('',(-2.9938881597448,-0.19139928667532,56.0007096998468));
#6633=CARTESIAN_POINT('',(-2.99401914716159,-0.18935036746024,56.0198166685839));
#6634=CARTESIAN_POINT('',(-2.9939443897572,-0.190568289843491,56.0395421225617));
#6635=CARTESIAN_POINT('',(-2.99365903906369,-0.194950141913647,56.0582506615049));
#6636=CARTESIAN_POINT('',(-2.99337387481423,-0.199329130944595,56.0769469765575));
#6637=CARTESIAN_POINT('',(-2.99286863989964,-0.206987595255524,56.095142782183));
#6638=CARTESIAN_POINT('',(-2.9921209822937,-0.217283288169404,56.1113368791216));
#6639=CARTESIAN_POINT('',(-2.99137247542886,-0.227590675886792,56.1275493708183));
#6640=CARTESIAN_POINT('',(-2.99035648788061,-0.24082454571945,56.1422025456767));
#6641=CARTESIAN_POINT('',(-2.98906748610267,-0.255881932781045,56.154087871099));
#6642=CARTESIAN_POINT('',(-2.9877769986332,-0.270956674847788,56.1659868954375));
#6643=CARTESIAN_POINT('',(-2.98617299837838,-0.288275235377723,56.1754398271439));
#6644=CARTESIAN_POINT('',(-2.98431266613595,-0.306395024013842,56.181661756927));
#6645=CARTESIAN_POINT('',(-2.98245349884368,-0.324503465939874,56.187879790504));
#6646=CARTESIAN_POINT('',(-2.98028428069255,-0.343912223644483,56.191042066233));
#6647=CARTESIAN_POINT('',(-2.97795672155267,-0.3630065626944,56.1908845915688));
#6648=CARTESIAN_POINT('',(-2.97563247808018,-0.382073701371015,56.1907273412312));
#6649=CARTESIAN_POINT('',(-2.97308636256301,-0.401353027104655,56.1872557434824));
#6650=CARTESIAN_POINT('',(-2.9705601113635,-0.41925245947514,56.1807587450683));
#6651=CARTESIAN_POINT('',(-2.96803386665901,-0.437151845826021,56.174261763358));
#6652=CARTESIAN_POINT('',(-2.96546064364467,-0.454164824093375,56.1645611636247));
#6653=CARTESIAN_POINT('',(-2.96312912642974,-0.468898475262672,56.1524589214322));
#6654=CARTESIAN_POINT('',(-2.9607942909596,-0.483653095616486,56.1403394551214));
#6655=CARTESIAN_POINT('',(-2.95864165869937,-0.496529289273534,56.1254773361043));
#6656=CARTESIAN_POINT('',(-2.95693828794383,-0.506474047994299,56.1090995449172));
#6657=CARTESIAN_POINT('',(-2.95523383677453,-0.516425114475161,56.0927113656271));
#6658=CARTESIAN_POINT('',(-2.95393610662682,-0.523715806469745,56.0743524791189));
#6659=CARTESIAN_POINT('',(-2.95321575466359,-0.527746820366217,56.0555446797166));
#6660=CARTESIAN_POINT('',(-2.95275774670112,-0.530309784799816,56.0435864671725));
#6661=CARTESIAN_POINT('',(-2.9525221958646,-0.531613283248991,56.0312787079467));
#6662=CARTESIAN_POINT('',(-2.9525221958646,-0.531613283248991,56.01904035));
#6663=CARTESIAN_POINT('',(-2.9525221958646,-0.531613283248991,56.01904035));
#6664=CARTESIAN_POINT('',(-2.99395065286836,0.190419243221491,50.23804035));
#6665=CARTESIAN_POINT('',(-2.99395065286836,0.190419243221491,50.2188238216495));
#6666=CARTESIAN_POINT('',(-2.99374477586249,0.193733597221067,50.1993423607282));
#6667=CARTESIAN_POINT('',(-2.99332039060822,0.200082580873382,50.181209923893));
#6668=CARTESIAN_POINT('',(-2.99289602223252,0.206431312015217,50.1630782082173));
#6669=CARTESIAN_POINT('',(-2.99223879780414,0.215988375273658,50.1457954973416));
#6670=CARTESIAN_POINT('',(-2.99132697861359,0.227953738768139,50.1307873578439));
#6671=CARTESIAN_POINT('',(-2.99041421851179,0.239931449387307,50.1157637313642));
#6672=CARTESIAN_POINT('',(-2.98921697208674,0.254652157690173,50.1026049583199));
#6673=CARTESIAN_POINT('',(-2.98774475648696,0.270889774787763,50.0923980779199));
#6674=CARTESIAN_POINT('',(-2.98627154956799,0.28713832551593,50.0821843246974));
#6675=CARTESIAN_POINT('',(-2.98447836638056,0.305354596639762,50.0746448810108));
#6676=CARTESIAN_POINT('',(-2.98245039527691,0.324021048255353,50.0704072623909));
#6677=CARTESIAN_POINT('',(-2.98042469156763,0.342666629648878,50.0661743816849));
#6678=CARTESIAN_POINT('',(-2.97810692323095,0.362276059867766,50.0651194292074));
#6679=CARTESIAN_POINT('',(-2.97567988549814,0.381220695977682,50.067330472083));
#6680=CARTESIAN_POINT('',(-2.97325566936437,0.400143307639274,50.0695389444685));
#6681=CARTESIAN_POINT('',(-2.97065665447325,0.418924242056315,50.0750661372563));
#6682=CARTESIAN_POINT('',(-2.9681456952314,0.436017352727191,50.0834530352237));
#6683=CARTESIAN_POINT('',(-2.96563322105906,0.45312077613993,50.0918449932363));
#6684=CARTESIAN_POINT('',(-2.96314305349597,0.469006078380666,50.1033307016978));
#6685=CARTESIAN_POINT('',(-2.96096519202216,0.482374472410285,50.1169618255934));
#6686=CARTESIAN_POINT('',(-2.95878421419979,0.49576199556081,50.1306124545557));
#6687=CARTESIAN_POINT('',(-2.9568605815368,0.506995159540468,50.1467915218116));
#6688=CARTESIAN_POINT('',(-2.95543842405122,0.515154075633232,50.1641619468988));
#6689=CARTESIAN_POINT('',(-2.95401622437175,0.523313233792299,50.181532887348));
#6690=CARTESIAN_POINT('',(-2.95305973292177,0.528623155980109,50.200575519869));
#6691=CARTESIAN_POINT('',(-2.95269605842782,0.530646762493395,50.2197096998468));
#6692=CARTESIAN_POINT('',(-2.95233290112532,0.532667491180508,50.2388166685839));
#6693=CARTESIAN_POINT('',(-2.95255178393943,0.531467068790338,50.2585421225617));
#6694=CARTESIAN_POINT('',(-2.95332337085745,0.527144256486877,50.277250661505));
#6695=CARTESIAN_POINT('',(-2.95409445363166,0.522824268646889,50.2959469765575));
#6696=CARTESIAN_POINT('',(-2.95543669039945,0.515267434760936,50.314142782183));
#6697=CARTESIAN_POINT('',(-2.95717467895371,0.505091989794846,50.3303368791216));
#6698=CARTESIAN_POINT('',(-2.95891464167667,0.494904986614029,50.3465493708183));
#6699=CARTESIAN_POINT('',(-2.96109524923018,0.48181252725211,50.3612025456767));
#6700=CARTESIAN_POINT('',(-2.96344717208833,0.466884202176082,50.373087871099));
#6701=CARTESIAN_POINT('',(-2.96580180575102,0.45193867085056,50.3849868954375));
#6702=CARTESIAN_POINT('',(-2.96838901764617,0.43473949382792,50.3944398271439));
#6703=CARTESIAN_POINT('',(-2.9709190925319,0.416701026671799,50.4006617569271));
#6704=CARTESIAN_POINT('',(-2.97344758307099,0.398673855301813,50.406879790504));
#6705=CARTESIAN_POINT('',(-2.97598621820001,0.379309952939296,50.410042066233));
#6706=CARTESIAN_POINT('',(-2.97829586813243,0.360213439317889,50.4098845915688));
#6707=CARTESIAN_POINT('',(-2.98060222790957,0.341144129167518,50.4097273412312));
#6708=CARTESIAN_POINT('',(-2.98274394252691,0.321815700274604,50.4062557434824));
#6709=CARTESIAN_POINT('',(-2.9845747141441,0.303831821393945,50.3997587450683));
#6710=CARTESIAN_POINT('',(-2.98640548105436,0.285847988750001,50.393261763358));
#6711=CARTESIAN_POINT('',(-2.98797850341973,0.268713564136227,50.3835611636247));
#6712=CARTESIAN_POINT('',(-2.98924072937467,0.2538500775015,50.3714589214322));
#6713=CARTESIAN_POINT('',(-2.99050475175119,0.238965436898199,50.3593394551214));
#6714=CARTESIAN_POINT('',(-2.99149614591072,0.225948243407971,50.3444773361043));
#6715=CARTESIAN_POINT('',(-2.99222220855302,0.215884817997877,50.3280995449172));
#6716=CARTESIAN_POINT('',(-2.99294873172223,0.205815009559796,50.3117113656271));
#6717=CARTESIAN_POINT('',(-2.99343348805189,0.198425604671916,50.2933524791189));
#6718=CARTESIAN_POINT('',(-2.99369875297591,0.194339333204605,50.2745446797166));
#6719=CARTESIAN_POINT('',(-2.9938674114284,0.191741235379658,50.2625864671725));
#6720=CARTESIAN_POINT('',(-2.99395065286836,0.190419243221491,50.2502787079467));
#6721=CARTESIAN_POINT('',(-2.99395065286836,0.190419243221491,50.23804035));
#6722=CARTESIAN_POINT('',(-2.99395065286836,0.190419243221491,50.23804035));
#6723=CARTESIAN_POINT('',(-2.99395065286836,0.190419243221491,56.01904035));
#6724=CARTESIAN_POINT('',(-2.99395065286836,0.190419243221491,55.9998238216495));
#6725=CARTESIAN_POINT('',(-2.99374477586249,0.193733597221067,55.9803423607282));
#6726=CARTESIAN_POINT('',(-2.99332039060822,0.200082580873382,55.962209923893));
#6727=CARTESIAN_POINT('',(-2.99289602223252,0.206431312015217,55.9440782082173));
#6728=CARTESIAN_POINT('',(-2.99223879780414,0.215988375273658,55.9267954973416));
#6729=CARTESIAN_POINT('',(-2.99132697861359,0.227953738768139,55.9117873578439));
#6730=CARTESIAN_POINT('',(-2.99041421851179,0.239931449387307,55.8967637313642));
#6731=CARTESIAN_POINT('',(-2.98921697208674,0.254652157690173,55.8836049583199));
#6732=CARTESIAN_POINT('',(-2.98774475648696,0.270889774787763,55.8733980779199));
#6733=CARTESIAN_POINT('',(-2.98627154956799,0.28713832551593,55.8631843246974));
#6734=CARTESIAN_POINT('',(-2.98447836638056,0.305354596639762,55.8556448810108));
#6735=CARTESIAN_POINT('',(-2.98245039527691,0.324021048255353,55.8514072623909));
#6736=CARTESIAN_POINT('',(-2.98042469156763,0.342666629648878,55.8471743816849));
#6737=CARTESIAN_POINT('',(-2.97810692323095,0.362276059867766,55.8461194292074));
#6738=CARTESIAN_POINT('',(-2.97567988549814,0.381220695977682,55.8483304720829));
#6739=CARTESIAN_POINT('',(-2.97325566936437,0.400143307639274,55.8505389444685));
#6740=CARTESIAN_POINT('',(-2.97065665447325,0.418924242056315,55.8560661372563));
#6741=CARTESIAN_POINT('',(-2.9681456952314,0.436017352727191,55.8644530352237));
#6742=CARTESIAN_POINT('',(-2.96563322105906,0.45312077613993,55.8728449932363));
#6743=CARTESIAN_POINT('',(-2.96314305349597,0.469006078380666,55.8843307016978));
#6744=CARTESIAN_POINT('',(-2.96096519202216,0.482374472410285,55.8979618255934));
#6745=CARTESIAN_POINT('',(-2.95878421419979,0.49576199556081,55.9116124545557));
#6746=CARTESIAN_POINT('',(-2.9568605815368,0.506995159540468,55.9277915218116));
#6747=CARTESIAN_POINT('',(-2.95543842405122,0.515154075633232,55.9451619468988));
#6748=CARTESIAN_POINT('',(-2.95401622437175,0.523313233792299,55.962532887348));
#6749=CARTESIAN_POINT('',(-2.95305973292177,0.528623155980109,55.981575519869));
#6750=CARTESIAN_POINT('',(-2.95269605842782,0.530646762493395,56.0007096998468));
#6751=CARTESIAN_POINT('',(-2.95233290112532,0.532667491180508,56.0198166685839));
#6752=CARTESIAN_POINT('',(-2.95255178393943,0.531467068790338,56.0395421225617));
#6753=CARTESIAN_POINT('',(-2.95332337085745,0.527144256486877,56.0582506615049));
#6754=CARTESIAN_POINT('',(-2.95409445363166,0.522824268646889,56.0769469765575));
#6755=CARTESIAN_POINT('',(-2.95543669039945,0.515267434760936,56.095142782183));
#6756=CARTESIAN_POINT('',(-2.95717467895371,0.505091989794846,56.1113368791216));
#6757=CARTESIAN_POINT('',(-2.95891464167667,0.494904986614029,56.1275493708183));
#6758=CARTESIAN_POINT('',(-2.96109524923018,0.48181252725211,56.1422025456767));
#6759=CARTESIAN_POINT('',(-2.96344717208833,0.466884202176082,56.154087871099));
#6760=CARTESIAN_POINT('',(-2.96580180575102,0.45193867085056,56.1659868954375));
#6761=CARTESIAN_POINT('',(-2.96838901764617,0.43473949382792,56.1754398271439));
#6762=CARTESIAN_POINT('',(-2.9709190925319,0.416701026671799,56.181661756927));
#6763=CARTESIAN_POINT('',(-2.97344758307099,0.398673855301813,56.187879790504));
#6764=CARTESIAN_POINT('',(-2.97598621820001,0.379309952939296,56.191042066233));
#6765=CARTESIAN_POINT('',(-2.97829586813243,0.360213439317889,56.1908845915688));
#6766=CARTESIAN_POINT('',(-2.98060222790957,0.341144129167518,56.1907273412312));
#6767=CARTESIAN_POINT('',(-2.98274394252691,0.321815700274604,56.1872557434824));
#6768=CARTESIAN_POINT('',(-2.9845747141441,0.303831821393945,56.1807587450683));
#6769=CARTESIAN_POINT('',(-2.98640548105436,0.285847988750001,56.174261763358));
#6770=CARTESIAN_POINT('',(-2.98797850341973,0.268713564136227,56.1645611636247));
#6771=CARTESIAN_POINT('',(-2.98924072937467,0.2538500775015,56.1524589214322));
#6772=CARTESIAN_POINT('',(-2.99050475175119,0.238965436898199,56.1403394551214));
#6773=CARTESIAN_POINT('',(-2.99149614591072,0.225948243407971,56.1254773361043));
#6774=CARTESIAN_POINT('',(-2.99222220855302,0.215884817997877,56.1090995449172));
#6775=CARTESIAN_POINT('',(-2.99294873172223,0.205815009559796,56.0927113656271));
#6776=CARTESIAN_POINT('',(-2.99343348805189,0.198425604671916,56.0743524791189));
#6777=CARTESIAN_POINT('',(-2.99369875297591,0.194339333204605,56.0555446797166));
#6778=CARTESIAN_POINT('',(-2.9938674114284,0.191741235379658,56.0435864671725));
#6779=CARTESIAN_POINT('',(-2.99395065286836,0.190419243221491,56.0312787079467));
#6780=CARTESIAN_POINT('',(-2.99395065286836,0.190419243221491,56.01904035));
#6781=CARTESIAN_POINT('',(-2.99395065286836,0.190419243221491,56.01904035));
#6782=CARTESIAN_POINT('',(-2.86138158049524,0.90138529542172,50.23804035));
#6783=CARTESIAN_POINT('',(-2.86138158049524,0.90138529542172,50.2188238216495));
#6784=CARTESIAN_POINT('',(-2.8603885090719,0.904554070725241,50.1993423607282));
#6785=CARTESIAN_POINT('',(-2.85845704444153,0.910617002412388,50.181209923893));
#6786=CARTESIAN_POINT('',(-2.85652565662897,0.916679692965856,50.1630782082173));
#6787=CARTESIAN_POINT('',(-2.85360037500569,0.9258017612346,50.1457954973416));
#6788=CARTESIAN_POINT('',(-2.84985155271054,0.937201220396799,50.1307873578439));
#6789=CARTESIAN_POINT('',(-2.84609886198495,0.948612442723881,50.1157637313642));
#6790=CARTESIAN_POINT('',(-2.84141350927882,0.962618874173739,50.1026049583199));
#6791=CARTESIAN_POINT('',(-2.83609815746657,0.978032331374907,50.0923980779199));
#6792=CARTESIAN_POINT('',(-2.830779226552,0.993456167257005,50.0821843246974));
#6793=CARTESIAN_POINT('',(-2.82467871098418,1.01071396982301,50.0746448810108));
#6794=CARTESIAN_POINT('',(-2.81824249476683,1.02835268302772,50.0704072623909));
#6795=CARTESIAN_POINT('',(-2.81181347462856,1.04597167508408,50.0661743816849));
#6796=CARTESIAN_POINT('',(-2.80487021260823,1.06445661263034,50.0651194292074));
#6797=CARTESIAN_POINT('',(-2.79797995200565,1.0822699238981,50.067330472083));
#6798=CARTESIAN_POINT('',(-2.79109770180704,1.10006252596082,50.0695389444685));
#6799=CARTESIAN_POINT('',(-2.78407963776918,1.1176757355815,50.0750661372563));
#6800=CARTESIAN_POINT('',(-2.77755099330448,1.13367123964279,50.0834530352237));
#6801=CARTESIAN_POINT('',(-2.77101840992975,1.1496763942298,50.0918449932363));
#6802=CARTESIAN_POINT('',(-2.76479900045219,1.16450416235323,50.1033307016978));
#6803=CARTESIAN_POINT('',(-2.75948515757705,1.17696289878309,50.1169618255934));
#6804=CARTESIAN_POINT('',(-2.7541637110105,1.18943946268533,50.1306124545557));
#6805=CARTESIAN_POINT('',(-2.7496077035168,1.1998858559066,50.1467915218116));
#6806=CARTESIAN_POINT('',(-2.74627431491848,1.20746734416255,50.1641619468988));
#6807=CARTESIAN_POINT('',(-2.74294082742208,1.21504905735314,50.181532887348));
#6808=CARTESIAN_POINT('',(-2.74074138231959,1.21997577946583,50.200575519869));
#6809=CARTESIAN_POINT('',(-2.7399039948085,1.22185355064849,50.2197096998468));
#6810=CARTESIAN_POINT('',(-2.7390677981691,1.22372865140139,50.2388166685839));
#6811=CARTESIAN_POINT('',(-2.73956760052816,1.22261549319026,50.2585421225617));
#6812=CARTESIAN_POINT('',(-2.74135128323064,1.21860294679179,50.277250661505));
#6813=CARTESIAN_POINT('',(-2.74313380050046,1.2145930221335,50.2959469765575));
#6814=CARTESIAN_POINT('',(-2.74624550302852,1.20757699439,50.314142782183));
#6815=CARTESIAN_POINT('',(-2.75036813216555,1.1981131572469,50.3303368791216));
#6816=CARTESIAN_POINT('',(-2.75449544416734,1.18863857019927,50.3465493708183));
#6817=CARTESIAN_POINT('',(-2.7597459178378,1.17644840745705,50.3612025456767));
#6818=CARTESIAN_POINT('',(-2.7656020801244,1.16251672435775,50.373087871099));
#6819=CARTESIAN_POINT('',(-2.77146499216953,1.14856898372929,50.3849868954375));
#6820=CARTESIAN_POINT('',(-2.77809305686345,1.13248874386604,50.3944398271439));
#6821=CARTESIAN_POINT('',(-2.78486650012142,1.11557992833387,50.4006617569271));
#6822=CARTESIAN_POINT('',(-2.79163570181242,1.09868170119385,50.406879790504));
#6823=CARTESIAN_POINT('',(-2.79873465397546,1.08048801379382,50.410042066233));
#6824=CARTESIAN_POINT('',(-2.80554728452134,1.06249914555959,50.4098845915688));
#6825=CARTESIAN_POINT('',(-2.81235021030113,1.04453590292728,50.4097273412312));
#6826=CARTESIAN_POINT('',(-2.81905528638425,1.02628166890637,50.4062557434824));
#6827=CARTESIAN_POINT('',(-2.82513668302633,1.00925850118734,50.3997587450683));
#6828=CARTESIAN_POINT('',(-2.83121806403308,0.992235377235029,50.393261763358));
#6829=CARTESIAN_POINT('',(-2.83684591343599,0.97597529675229,50.3835611636247));
#6830=CARTESIAN_POINT('',(-2.8416285265763,0.961845786468767,50.3714589214322));
#6831=CARTESIAN_POINT('',(-2.84641794641348,0.947696166824374,50.3593394551214));
#6832=CARTESIAN_POINT('',(-2.8504957507678,0.935294485471047,50.3444773361043));
#6833=CARTESIAN_POINT('',(-2.85360905068631,0.925697243077395,50.3280995449172));
#6834=CARTESIAN_POINT('',(-2.85672432530823,0.916093913346251,50.3117113656271));
#6835=CARTESIAN_POINT('',(-2.85896339583939,0.909035240917765,50.2933524791189));
#6836=CARTESIAN_POINT('',(-2.86019886141747,0.905131191124302,50.2745446797166));
#6837=CARTESIAN_POINT('',(-2.86098438446872,0.902648951909893,50.2625864671725));
#6838=CARTESIAN_POINT('',(-2.86138158049524,0.90138529542172,50.2502787079467));
#6839=CARTESIAN_POINT('',(-2.86138158049524,0.90138529542172,50.23804035));
#6840=CARTESIAN_POINT('',(-2.86138158049524,0.90138529542172,50.23804035));
#6841=CARTESIAN_POINT('',(-2.86138158049524,0.90138529542172,56.01904035));
#6842=CARTESIAN_POINT('',(-2.86138158049524,0.90138529542172,55.9998238216495));
#6843=CARTESIAN_POINT('',(-2.8603885090719,0.904554070725241,55.9803423607282));
#6844=CARTESIAN_POINT('',(-2.85845704444153,0.910617002412388,55.962209923893));
#6845=CARTESIAN_POINT('',(-2.85652565662897,0.916679692965856,55.9440782082173));
#6846=CARTESIAN_POINT('',(-2.85360037500569,0.9258017612346,55.9267954973416));
#6847=CARTESIAN_POINT('',(-2.84985155271054,0.937201220396799,55.9117873578439));
#6848=CARTESIAN_POINT('',(-2.84609886198495,0.948612442723881,55.8967637313642));
#6849=CARTESIAN_POINT('',(-2.84141350927882,0.962618874173739,55.8836049583199));
#6850=CARTESIAN_POINT('',(-2.83609815746657,0.978032331374907,55.8733980779199));
#6851=CARTESIAN_POINT('',(-2.830779226552,0.993456167257005,55.8631843246974));
#6852=CARTESIAN_POINT('',(-2.82467871098418,1.01071396982301,55.8556448810108));
#6853=CARTESIAN_POINT('',(-2.81824249476683,1.02835268302772,55.8514072623909));
#6854=CARTESIAN_POINT('',(-2.81181347462856,1.04597167508408,55.8471743816849));
#6855=CARTESIAN_POINT('',(-2.80487021260823,1.06445661263034,55.8461194292074));
#6856=CARTESIAN_POINT('',(-2.79797995200565,1.0822699238981,55.8483304720829));
#6857=CARTESIAN_POINT('',(-2.79109770180704,1.10006252596082,55.8505389444685));
#6858=CARTESIAN_POINT('',(-2.78407963776918,1.1176757355815,55.8560661372563));
#6859=CARTESIAN_POINT('',(-2.77755099330448,1.13367123964279,55.8644530352237));
#6860=CARTESIAN_POINT('',(-2.77101840992975,1.1496763942298,55.8728449932363));
#6861=CARTESIAN_POINT('',(-2.76479900045219,1.16450416235323,55.8843307016978));
#6862=CARTESIAN_POINT('',(-2.75948515757705,1.17696289878309,55.8979618255934));
#6863=CARTESIAN_POINT('',(-2.7541637110105,1.18943946268533,55.9116124545557));
#6864=CARTESIAN_POINT('',(-2.7496077035168,1.1998858559066,55.9277915218116));
#6865=CARTESIAN_POINT('',(-2.74627431491848,1.20746734416255,55.9451619468988));
#6866=CARTESIAN_POINT('',(-2.74294082742208,1.21504905735314,55.962532887348));
#6867=CARTESIAN_POINT('',(-2.74074138231959,1.21997577946583,55.981575519869));
#6868=CARTESIAN_POINT('',(-2.7399039948085,1.22185355064849,56.0007096998468));
#6869=CARTESIAN_POINT('',(-2.7390677981691,1.22372865140139,56.0198166685839));
#6870=CARTESIAN_POINT('',(-2.73956760052816,1.22261549319026,56.0395421225617));
#6871=CARTESIAN_POINT('',(-2.74135128323064,1.21860294679179,56.0582506615049));
#6872=CARTESIAN_POINT('',(-2.74313380050046,1.2145930221335,56.0769469765575));
#6873=CARTESIAN_POINT('',(-2.74624550302852,1.20757699439,56.095142782183));
#6874=CARTESIAN_POINT('',(-2.75036813216555,1.1981131572469,56.1113368791216));
#6875=CARTESIAN_POINT('',(-2.75449544416734,1.18863857019927,56.1275493708183));
#6876=CARTESIAN_POINT('',(-2.7597459178378,1.17644840745705,56.1422025456767));
#6877=CARTESIAN_POINT('',(-2.7656020801244,1.16251672435775,56.154087871099));
#6878=CARTESIAN_POINT('',(-2.77146499216953,1.14856898372929,56.1659868954375));
#6879=CARTESIAN_POINT('',(-2.77809305686345,1.13248874386604,56.1754398271439));
#6880=CARTESIAN_POINT('',(-2.78486650012142,1.11557992833387,56.181661756927));
#6881=CARTESIAN_POINT('',(-2.79163570181242,1.09868170119385,56.187879790504));
#6882=CARTESIAN_POINT('',(-2.79873465397546,1.08048801379382,56.191042066233));
#6883=CARTESIAN_POINT('',(-2.80554728452134,1.06249914555959,56.1908845915688));
#6884=CARTESIAN_POINT('',(-2.81235021030113,1.04453590292728,56.1907273412312));
#6885=CARTESIAN_POINT('',(-2.81905528638425,1.02628166890637,56.1872557434824));
#6886=CARTESIAN_POINT('',(-2.82513668302633,1.00925850118734,56.1807587450683));
#6887=CARTESIAN_POINT('',(-2.83121806403308,0.992235377235029,56.174261763358));
#6888=CARTESIAN_POINT('',(-2.83684591343599,0.97597529675229,56.1645611636247));
#6889=CARTESIAN_POINT('',(-2.8416285265763,0.961845786468767,56.1524589214322));
#6890=CARTESIAN_POINT('',(-2.84641794641348,0.947696166824374,56.1403394551214));
#6891=CARTESIAN_POINT('',(-2.8504957507678,0.935294485471047,56.1254773361043));
#6892=CARTESIAN_POINT('',(-2.85360905068631,0.925697243077395,56.1090995449172));
#6893=CARTESIAN_POINT('',(-2.85672432530823,0.916093913346251,56.0927113656271));
#6894=CARTESIAN_POINT('',(-2.85896339583939,0.909035240917765,56.0743524791189));
#6895=CARTESIAN_POINT('',(-2.86019886141747,0.905131191124302,56.0555446797166));
#6896=CARTESIAN_POINT('',(-2.86098438446872,0.902648951909893,56.0435864671725));
#6897=CARTESIAN_POINT('',(-2.86138158049524,0.90138529542172,56.0312787079467));
#6898=CARTESIAN_POINT('',(-2.86138158049524,0.90138529542172,56.01904035));
#6899=CARTESIAN_POINT('',(-2.86138158049524,0.90138529542172,56.01904035));
#6900=CARTESIAN_POINT('',(-2.56251941136259,1.55996611065429,50.23804035));
#6901=CARTESIAN_POINT('',(-2.56251941136259,1.55996611065429,50.2188238216495));
#6902=CARTESIAN_POINT('',(-2.56079685922324,1.56280514955914,50.1993423607282));
#6903=CARTESIAN_POINT('',(-2.55747056492049,1.56822967372932,50.181209923893));
#6904=CARTESIAN_POINT('',(-2.55414440291044,1.57365398215644,50.1630782082173));
#6905=CARTESIAN_POINT('',(-2.54912107082724,1.58181091398508,50.1457954973416));
#6906=CARTESIAN_POINT('',(-2.54275311335286,1.59198197368384,50.1307873578439));
#6907=CARTESIAN_POINT('',(-2.53637858474798,1.60216352895528,50.1157637313642));
#6908=CARTESIAN_POINT('',(-2.52847742142949,1.61464168066757,50.1026049583199));
#6909=CARTESIAN_POINT('',(-2.51962784233158,1.62833520386542,50.0923980779199));
#6910=CARTESIAN_POINT('',(-2.51077230435263,1.64203794762335,50.0821843246974));
#6911=CARTESIAN_POINT('',(-2.50071899619475,1.65733432087596,50.0746448810108));
#6912=CARTESIAN_POINT('',(-2.49024858435557,1.67292019777245,50.0704072623909));
#6913=CARTESIAN_POINT('',(-2.4797898790702,1.68848864871575,50.0661743816849));
#6914=CARTESIAN_POINT('',(-2.46862464051712,1.70477481620921,50.0651194292073));
#6915=CARTESIAN_POINT('',(-2.4576715939459,1.72042155773268,50.0673304720829));
#6916=CARTESIAN_POINT('',(-2.44673128104804,1.73605010883813,50.0695389444684));
#6917=CARTESIAN_POINT('',(-2.4357020322357,1.7514719779407,50.0750661372563));
#6918=CARTESIAN_POINT('',(-2.42553512363378,1.76544027483764,50.0834530352237));
#6919=CARTESIAN_POINT('',(-2.41536208105741,1.77941699919071,50.0918449932363));
#6920=CARTESIAN_POINT('',(-2.40577487913759,1.79232549721025,50.1033307016978));
#6921=CARTESIAN_POINT('',(-2.39763387609399,1.8031505195647,50.1169618255934));
#6922=CARTESIAN_POINT('',(-2.38948122391503,1.81399103167513,50.1306124545557));
#6923=CARTESIAN_POINT('',(-2.38255762018574,1.82304354773508,50.1467915218116));
#6924=CARTESIAN_POINT('',(-2.37750672490364,1.82960699961437,50.1641619468988));
#6925=CARTESIAN_POINT('',(-2.37245567976688,1.83617064622426,50.181532887348));
#6926=CARTESIAN_POINT('',(-2.36914110476658,1.84042784508053,50.200575519869));
#6927=CARTESIAN_POINT('',(-2.36787867015671,1.84205065169685,50.2197096998468));
#6928=CARTESIAN_POINT('',(-2.36661803088964,1.8436711504755,50.2388166685839));
#6929=CARTESIAN_POINT('',(-2.36736970609726,1.84270994915247,50.2585421225617));
#6930=CARTESIAN_POINT('',(-2.37006182342895,1.83924086327065,50.277250661505));
#6931=CARTESIAN_POINT('',(-2.37275218176984,1.83577404403973,50.2959469765575));
#6932=CARTESIAN_POINT('',(-2.37745250921782,1.82970656846891,50.314142782183));
#6933=CARTESIAN_POINT('',(-2.38372018671731,1.8215043429639,50.3303368791216));
#6934=CARTESIAN_POINT('',(-2.38999498362657,1.81329280060994,50.3465493708183));
#6935=CARTESIAN_POINT('',(-2.39801018496894,1.80271338243656,50.3612025456767));
#6936=CARTESIAN_POINT('',(-2.40703024781819,1.79058800009613,50.373087871099));
#6937=CARTESIAN_POINT('',(-2.4160607071085,1.77844864215208,50.3849868954375));
#6938=CARTESIAN_POINT('',(-2.42634442557321,1.76442186453977,50.3944398271439));
#6939=CARTESIAN_POINT('',(-2.43696758930173,1.74962537952924,50.4006617569271));
#6940=CARTESIAN_POINT('',(-2.44758410074741,1.73483816015801,50.406879790504));
#6941=CARTESIAN_POINT('',(-2.45883080464839,1.71887203870078,50.410042066233));
#6942=CARTESIAN_POINT('',(-2.46975049048331,1.70303626348864,50.4098845915688));
#6943=CARTESIAN_POINT('',(-2.48065462094707,1.68722304674245,50.4097273412312));
#6944=CARTESIAN_POINT('',(-2.49153338384597,1.6711038773234,50.4062557434824));
#6945=CARTESIAN_POINT('',(-2.50151197684508,1.65603074539713,50.3997587450683));
#6946=CARTESIAN_POINT('',(-2.51149054418913,1.64095765222402,50.393261763358));
#6947=CARTESIAN_POINT('',(-2.52084615047869,1.62651689264698,50.3835611636247));
#6948=CARTESIAN_POINT('',(-2.52887120271275,1.61394251449366,50.3714589214322));
#6949=CARTESIAN_POINT('',(-2.53690767633849,1.60135024027013,50.3593394551214));
#6950=CARTESIAN_POINT('',(-2.54383490372074,1.59028481169568,50.3444773361043));
#6951=CARTESIAN_POINT('',(-2.54915450724057,1.58171150916184,50.3280995449172));
#6952=CARTESIAN_POINT('',(-2.55447748487774,1.57313276875492,50.3117113656271));
#6953=CARTESIAN_POINT('',(-2.55834074296982,1.56681505317014,50.2933524791189));
#6954=CARTESIAN_POINT('',(-2.56047460843331,1.56332011423388,50.2745446797166));
#6955=CARTESIAN_POINT('',(-2.56183134433883,1.56109799235058,50.2625864671725));
#6956=CARTESIAN_POINT('',(-2.56251941136259,1.55996611065429,50.2502787079467));
#6957=CARTESIAN_POINT('',(-2.56251941136259,1.55996611065429,50.23804035));
#6958=CARTESIAN_POINT('',(-2.56251941136259,1.55996611065429,50.23804035));
#6959=CARTESIAN_POINT('',(-2.56251941136259,1.55996611065429,56.01904035));
#6960=CARTESIAN_POINT('',(-2.56251941136259,1.55996611065429,55.9998238216495));
#6961=CARTESIAN_POINT('',(-2.56079685922324,1.56280514955914,55.9803423607282));
#6962=CARTESIAN_POINT('',(-2.55747056492049,1.56822967372932,55.962209923893));
#6963=CARTESIAN_POINT('',(-2.55414440291044,1.57365398215644,55.9440782082173));
#6964=CARTESIAN_POINT('',(-2.54912107082724,1.58181091398508,55.9267954973416));
#6965=CARTESIAN_POINT('',(-2.54275311335286,1.59198197368384,55.9117873578439));
#6966=CARTESIAN_POINT('',(-2.53637858474798,1.60216352895528,55.8967637313642));
#6967=CARTESIAN_POINT('',(-2.52847742142949,1.61464168066757,55.8836049583199));
#6968=CARTESIAN_POINT('',(-2.51962784233158,1.62833520386542,55.8733980779199));
#6969=CARTESIAN_POINT('',(-2.51077230435263,1.64203794762335,55.8631843246974));
#6970=CARTESIAN_POINT('',(-2.50071899619475,1.65733432087596,55.8556448810108));
#6971=CARTESIAN_POINT('',(-2.49024858435557,1.67292019777245,55.8514072623909));
#6972=CARTESIAN_POINT('',(-2.4797898790702,1.68848864871575,55.8471743816849));
#6973=CARTESIAN_POINT('',(-2.46862464051712,1.70477481620921,55.8461194292073));
#6974=CARTESIAN_POINT('',(-2.4576715939459,1.72042155773268,55.8483304720829));
#6975=CARTESIAN_POINT('',(-2.44673128104804,1.73605010883813,55.8505389444684));
#6976=CARTESIAN_POINT('',(-2.4357020322357,1.7514719779407,55.8560661372563));
#6977=CARTESIAN_POINT('',(-2.42553512363378,1.76544027483764,55.8644530352237));
#6978=CARTESIAN_POINT('',(-2.41536208105741,1.77941699919071,55.8728449932363));
#6979=CARTESIAN_POINT('',(-2.40577487913759,1.79232549721025,55.8843307016978));
#6980=CARTESIAN_POINT('',(-2.39763387609399,1.8031505195647,55.8979618255934));
#6981=CARTESIAN_POINT('',(-2.38948122391503,1.81399103167513,55.9116124545557));
#6982=CARTESIAN_POINT('',(-2.38255762018574,1.82304354773508,55.9277915218116));
#6983=CARTESIAN_POINT('',(-2.37750672490364,1.82960699961437,55.9451619468988));
#6984=CARTESIAN_POINT('',(-2.37245567976688,1.83617064622426,55.962532887348));
#6985=CARTESIAN_POINT('',(-2.36914110476658,1.84042784508053,55.981575519869));
#6986=CARTESIAN_POINT('',(-2.36787867015671,1.84205065169685,56.0007096998468));
#6987=CARTESIAN_POINT('',(-2.36661803088964,1.8436711504755,56.0198166685839));
#6988=CARTESIAN_POINT('',(-2.36736970609726,1.84270994915247,56.0395421225617));
#6989=CARTESIAN_POINT('',(-2.37006182342895,1.83924086327065,56.0582506615049));
#6990=CARTESIAN_POINT('',(-2.37275218176984,1.83577404403973,56.0769469765575));
#6991=CARTESIAN_POINT('',(-2.37745250921782,1.82970656846891,56.095142782183));
#6992=CARTESIAN_POINT('',(-2.38372018671731,1.8215043429639,56.1113368791216));
#6993=CARTESIAN_POINT('',(-2.38999498362657,1.81329280060994,56.1275493708183));
#6994=CARTESIAN_POINT('',(-2.39801018496894,1.80271338243656,56.1422025456767));
#6995=CARTESIAN_POINT('',(-2.40703024781819,1.79058800009613,56.154087871099));
#6996=CARTESIAN_POINT('',(-2.4160607071085,1.77844864215208,56.1659868954375));
#6997=CARTESIAN_POINT('',(-2.42634442557321,1.76442186453977,56.1754398271439));
#6998=CARTESIAN_POINT('',(-2.43696758930173,1.74962537952924,56.181661756927));
#6999=CARTESIAN_POINT('',(-2.44758410074741,1.73483816015801,56.187879790504));
#7000=CARTESIAN_POINT('',(-2.45883080464839,1.71887203870078,56.191042066233));
#7001=CARTESIAN_POINT('',(-2.46975049048331,1.70303626348864,56.1908845915688));
#7002=CARTESIAN_POINT('',(-2.48065462094707,1.68722304674245,56.1907273412312));
#7003=CARTESIAN_POINT('',(-2.49153338384597,1.6711038773234,56.1872557434824));
#7004=CARTESIAN_POINT('',(-2.50151197684508,1.65603074539713,56.1807587450683));
#7005=CARTESIAN_POINT('',(-2.51149054418913,1.64095765222402,56.174261763358));
#7006=CARTESIAN_POINT('',(-2.52084615047869,1.62651689264698,56.1645611636247));
#7007=CARTESIAN_POINT('',(-2.52887120271275,1.61394251449366,56.1524589214322));
#7008=CARTESIAN_POINT('',(-2.53690767633849,1.60135024027013,56.1403394551214));
#7009=CARTESIAN_POINT('',(-2.54383490372074,1.59028481169568,56.1254773361043));
#7010=CARTESIAN_POINT('',(-2.54915450724057,1.58171150916184,56.1090995449172));
#7011=CARTESIAN_POINT('',(-2.55447748487774,1.57313276875492,56.0927113656271));
#7012=CARTESIAN_POINT('',(-2.55834074296982,1.56681505317014,56.0743524791189));
#7013=CARTESIAN_POINT('',(-2.56047460843331,1.56332011423388,56.0555446797166));
#7014=CARTESIAN_POINT('',(-2.56183134433883,1.56109799235058,56.0435864671725));
#7015=CARTESIAN_POINT('',(-2.56251941136259,1.55996611065429,56.0312787079467));
#7016=CARTESIAN_POINT('',(-2.56251941136259,1.55996611065429,56.01904035));
#7017=CARTESIAN_POINT('',(-2.56251941136259,1.55996611065429,56.01904035));
#7018=CARTESIAN_POINT('',(-2.11473292842062,2.12788736578173,50.23804035));
#7019=CARTESIAN_POINT('',(-2.11473292842062,2.12788736578173,50.2188238216495));
#7020=CARTESIAN_POINT('',(-2.11238100403438,2.13023167366625,50.1993423607282));
#7021=CARTESIAN_POINT('',(-2.10785319219354,2.13470253669204,50.181209923893));
#7022=CARTESIAN_POINT('',(-2.10332556043191,2.13917322190358,50.1630782082173));
#7023=CARTESIAN_POINT('',(-2.09649611569039,2.14589096606347,50.1457954973416));
#7024=CARTESIAN_POINT('',(-2.08787910557861,2.1542425212794,50.1307873578439));
#7025=CARTESIAN_POINT('',(-2.07925320352648,2.16260269451128,50.1157637313642));
#7026=CARTESIAN_POINT('',(-2.06859541648814,2.17282738166472,50.1026049583199));
#7027=CARTESIAN_POINT('',(-2.05672591547483,2.18400515306493,50.0923980779199));
#7028=CARTESIAN_POINT('',(-2.04484842211028,2.19519045103892,50.0821843246974));
#7029=CARTESIAN_POINT('',(-2.03142658309018,2.20763642536474,50.0746448810108));
#7030=CARTESIAN_POINT('',(-2.01753047790686,2.22026367144014,50.0704072623909));
#7031=CARTESIAN_POINT('',(-2.00364990940974,2.23287679949059,50.0661743816849));
#7032=CARTESIAN_POINT('',(-1.98891157740462,2.24601770407433,50.0651194292074));
#7033=CARTESIAN_POINT('',(-1.97453229611878,2.25858854410976,50.067330472083));
#7034=CARTESIAN_POINT('',(-1.96016973174088,2.27114476967515,50.0695389444685));
#7035=CARTESIAN_POINT('',(-1.94577027800534,2.28347903528359,50.0750661372563));
#7036=CARTESIAN_POINT('',(-1.93255596903892,2.29460833837324,50.0834530352237));
#7037=CARTESIAN_POINT('',(-1.91933368751795,2.30574435607627,50.0918449932363));
#7038=CARTESIAN_POINT('',(-1.9069358664834,2.31598338900751,50.1033307016978));
#7039=CARTESIAN_POINT('',(-1.89644082877689,2.32454558633467,50.1169618255934));
#7040=CARTESIAN_POINT('',(-1.88593077349648,2.33312003549309,50.1306124545557));
#7041=CARTESIAN_POINT('',(-1.87704194821406,2.34025257506288,50.1467915218116));
#7042=CARTESIAN_POINT('',(-1.87056708592272,2.34541654659946,50.1641619468988));
#7043=CARTESIAN_POINT('',(-1.86409203152914,2.35058067134555,50.181532887348));
#7044=CARTESIAN_POINT('',(-1.85985495768206,2.35392093402218,50.200575519869));
#7045=CARTESIAN_POINT('',(-1.85824084408418,2.35519446445028,50.2197096998468));
#7046=CARTESIAN_POINT('',(-1.8566290259614,2.35646618375593,50.2388166685839));
#7047=CARTESIAN_POINT('',(-1.85758888938673,2.35571280084808,50.2585421225617));
#7048=CARTESIAN_POINT('',(-1.86103298527377,2.35298878614475,50.277250661505));
#7049=CARTESIAN_POINT('',(-1.86447483083801,2.35026655127351,50.2959469765575));
#7050=CARTESIAN_POINT('',(-1.87049061725963,2.34550024750118,50.314142782183));
#7051=CARTESIAN_POINT('',(-1.87853908848739,2.33903631716673,50.3303368791216));
#7052=CARTESIAN_POINT('',(-1.88659670191571,2.33256504450032,50.3465493708183));
#7053=CARTESIAN_POINT('',(-1.89691081656204,2.3242112082254,50.3612025456767));
#7054=CARTESIAN_POINT('',(-1.90857056670774,2.31459680979147,50.373087871099));
#7055=CARTESIAN_POINT('',(-1.92024375577367,2.30497132989078,50.3849868954375));
#7056=CARTESIAN_POINT('',(-1.93358547567179,2.29381319985898,50.3944398271439));
#7057=CARTESIAN_POINT('',(-1.94744098020859,2.28198896329586,50.4006617569271));
#7058=CARTESIAN_POINT('',(-1.96128780835318,2.27017213113392,50.406879790504));
#7059=CARTESIAN_POINT('',(-1.97602864644148,2.2573614685641,50.410042066233));
#7060=CARTESIAN_POINT('',(-1.99042077511617,2.24459910406868,50.4098845915688));
#7061=CARTESIAN_POINT('',(-2.00479240183624,2.23185491988719,50.4097273412312));
#7062=CARTESIAN_POINT('',(-2.01921261739392,2.21880760260583,50.4062557434824));
#7063=CARTESIAN_POINT('',(-2.03250848719566,2.20656050211127,50.3997587450683));
#7064=CARTESIAN_POINT('',(-2.04580432281359,2.19431343310412,50.393261763358));
#7065=CARTESIAN_POINT('',(-2.0583439721585,2.18253123888938,50.3835611636247));
#7066=CARTESIAN_POINT('',(-2.06914507662034,2.17224277001853,50.3714589214322));
#7067=CARTESIAN_POINT('',(-2.07996155339891,2.16193965842268,50.3593394551214));
#7068=CARTESIAN_POINT('',(-2.08933561853307,2.15285356511466,50.3444773361043));
#7069=CARTESIAN_POINT('',(-2.09655236963363,2.1458024516212,50.3280995449172));
#7070=CARTESIAN_POINT('',(-2.10377369817401,2.13874686574851,50.3117113656271));
#7071=CARTESIAN_POINT('',(-2.10903662530907,2.13353726967327,50.2933524791189));
#7072=CARTESIAN_POINT('',(-2.11194487815351,2.13065455474159,50.2745446797166));
#7073=CARTESIAN_POINT('',(-2.11379397835402,2.12882169183617,50.2625864671725));
#7074=CARTESIAN_POINT('',(-2.11473292842062,2.12788736578173,50.2502787079467));
#7075=CARTESIAN_POINT('',(-2.11473292842062,2.12788736578173,50.23804035));
#7076=CARTESIAN_POINT('',(-2.11473292842062,2.12788736578173,50.23804035));
#7077=CARTESIAN_POINT('',(-2.11473292842062,2.12788736578173,56.01904035));
#7078=CARTESIAN_POINT('',(-2.11473292842062,2.12788736578173,55.9998238216495));
#7079=CARTESIAN_POINT('',(-2.11238100403438,2.13023167366625,55.9803423607282));
#7080=CARTESIAN_POINT('',(-2.10785319219354,2.13470253669204,55.962209923893));
#7081=CARTESIAN_POINT('',(-2.10332556043191,2.13917322190358,55.9440782082173));
#7082=CARTESIAN_POINT('',(-2.09649611569039,2.14589096606347,55.9267954973416));
#7083=CARTESIAN_POINT('',(-2.08787910557861,2.1542425212794,55.9117873578439));
#7084=CARTESIAN_POINT('',(-2.07925320352649,2.16260269451128,55.8967637313642));
#7085=CARTESIAN_POINT('',(-2.06859541648814,2.17282738166472,55.8836049583199));
#7086=CARTESIAN_POINT('',(-2.05672591547483,2.18400515306493,55.8733980779199));
#7087=CARTESIAN_POINT('',(-2.04484842211028,2.19519045103891,55.8631843246974));
#7088=CARTESIAN_POINT('',(-2.03142658309018,2.20763642536474,55.8556448810108));
#7089=CARTESIAN_POINT('',(-2.01753047790686,2.22026367144014,55.8514072623909));
#7090=CARTESIAN_POINT('',(-2.00364990940974,2.23287679949058,55.8471743816849));
#7091=CARTESIAN_POINT('',(-1.98891157740462,2.24601770407433,55.8461194292074));
#7092=CARTESIAN_POINT('',(-1.97453229611878,2.25858854410976,55.8483304720829));
#7093=CARTESIAN_POINT('',(-1.96016973174088,2.27114476967515,55.8505389444685));
#7094=CARTESIAN_POINT('',(-1.94577027800534,2.28347903528359,55.8560661372563));
#7095=CARTESIAN_POINT('',(-1.93255596903892,2.29460833837324,55.8644530352237));
#7096=CARTESIAN_POINT('',(-1.91933368751795,2.30574435607627,55.8728449932363));
#7097=CARTESIAN_POINT('',(-1.9069358664834,2.31598338900751,55.8843307016978));
#7098=CARTESIAN_POINT('',(-1.89644082877689,2.32454558633467,55.8979618255934));
#7099=CARTESIAN_POINT('',(-1.88593077349648,2.33312003549309,55.9116124545557));
#7100=CARTESIAN_POINT('',(-1.87704194821406,2.34025257506288,55.9277915218116));
#7101=CARTESIAN_POINT('',(-1.87056708592272,2.34541654659946,55.9451619468988));
#7102=CARTESIAN_POINT('',(-1.86409203152914,2.35058067134555,55.962532887348));
#7103=CARTESIAN_POINT('',(-1.85985495768206,2.35392093402218,55.981575519869));
#7104=CARTESIAN_POINT('',(-1.85824084408418,2.35519446445028,56.0007096998468));
#7105=CARTESIAN_POINT('',(-1.8566290259614,2.35646618375593,56.0198166685839));
#7106=CARTESIAN_POINT('',(-1.85758888938673,2.35571280084808,56.0395421225617));
#7107=CARTESIAN_POINT('',(-1.86103298527377,2.35298878614475,56.0582506615049));
#7108=CARTESIAN_POINT('',(-1.86447483083801,2.35026655127351,56.0769469765575));
#7109=CARTESIAN_POINT('',(-1.87049061725963,2.34550024750118,56.095142782183));
#7110=CARTESIAN_POINT('',(-1.87853908848739,2.33903631716673,56.1113368791216));
#7111=CARTESIAN_POINT('',(-1.88659670191571,2.33256504450032,56.1275493708183));
#7112=CARTESIAN_POINT('',(-1.89691081656204,2.3242112082254,56.1422025456767));
#7113=CARTESIAN_POINT('',(-1.90857056670774,2.31459680979147,56.154087871099));
#7114=CARTESIAN_POINT('',(-1.92024375577367,2.30497132989078,56.1659868954375));
#7115=CARTESIAN_POINT('',(-1.93358547567179,2.29381319985898,56.1754398271439));
#7116=CARTESIAN_POINT('',(-1.94744098020859,2.28198896329586,56.181661756927));
#7117=CARTESIAN_POINT('',(-1.96128780835318,2.27017213113392,56.187879790504));
#7118=CARTESIAN_POINT('',(-1.97602864644148,2.2573614685641,56.191042066233));
#7119=CARTESIAN_POINT('',(-1.99042077511617,2.24459910406868,56.1908845915688));
#7120=CARTESIAN_POINT('',(-2.00479240183624,2.23185491988719,56.1907273412312));
#7121=CARTESIAN_POINT('',(-2.01921261739392,2.21880760260583,56.1872557434824));
#7122=CARTESIAN_POINT('',(-2.03250848719566,2.20656050211127,56.1807587450683));
#7123=CARTESIAN_POINT('',(-2.04580432281359,2.19431343310412,56.174261763358));
#7124=CARTESIAN_POINT('',(-2.0583439721585,2.18253123888938,56.1645611636247));
#7125=CARTESIAN_POINT('',(-2.06914507662034,2.17224277001853,56.1524589214322));
#7126=CARTESIAN_POINT('',(-2.07996155339891,2.16193965842268,56.1403394551214));
#7127=CARTESIAN_POINT('',(-2.08933561853307,2.15285356511466,56.1254773361043));
#7128=CARTESIAN_POINT('',(-2.09655236963363,2.1458024516212,56.1090995449172));
#7129=CARTESIAN_POINT('',(-2.10377369817401,2.13874686574851,56.0927113656271));
#7130=CARTESIAN_POINT('',(-2.10903662530907,2.13353726967327,56.0743524791189));
#7131=CARTESIAN_POINT('',(-2.11194487815351,2.13065455474159,56.0555446797166));
#7132=CARTESIAN_POINT('',(-2.11379397835402,2.12882169183617,56.0435864671725));
#7133=CARTESIAN_POINT('',(-2.11473292842062,2.12788736578173,56.0312787079467));
#7134=CARTESIAN_POINT('',(-2.11473292842062,2.12788736578173,56.01904035));
#7135=CARTESIAN_POINT('',(-2.11473292842062,2.12788736578173,56.01904035));
#7136=CARTESIAN_POINT('',(-1.54404585442028,2.5721435417658,50.23804035));
#7137=CARTESIAN_POINT('',(-1.54404585442028,2.5721435417658,50.2188238216495));
#7138=CARTESIAN_POINT('',(-1.54120124308357,2.57385687597696,50.1993423607282));
#7139=CARTESIAN_POINT('',(-1.53573505367091,2.57711424755022,50.181209923893));
#7140=CARTESIAN_POINT('',(-1.53026908165842,2.58037148957197,50.1630782082173));
#7141=CARTESIAN_POINT('',(-1.52203042676294,2.58525963519055,50.1457954973416));
#7142=CARTESIAN_POINT('',(-1.51166515331989,2.59130632389116,50.1307873578439));
#7143=CARTESIAN_POINT('',(-1.50128918389392,2.59735925220324,50.1157637313642));
#7144=CARTESIAN_POINT('',(-1.48849416497891,2.60473625314569,50.1026049583199));
#7145=CARTESIAN_POINT('',(-1.47429455430521,2.61274866130402,50.0923980779199));
#7146=CARTESIAN_POINT('',(-1.46008538229647,2.62076646463273,50.0821843246974));
#7147=CARTESIAN_POINT('',(-1.4440750409116,2.62963872524323,50.0746448810108));
#7148=CARTESIAN_POINT('',(-1.42756083350711,2.6385734908538,50.0704072623909));
#7149=CARTESIAN_POINT('',(-1.41106508998547,2.64749826685595,50.0661743816849));
#7150=CARTESIAN_POINT('',(-1.3936102028128,2.65673020692082,50.0651194292074));
#7151=CARTESIAN_POINT('',(-1.37664035837411,2.66549457393849,50.067330472083));
#7152=CARTESIAN_POINT('',(-1.359690242552,2.674248751774,50.0695389444685));
#7153=CARTESIAN_POINT('',(-1.34275742780449,2.68277859120438,50.0750661372563));
#7154=CARTESIAN_POINT('',(-1.32726368607866,2.69042210584452,50.0834530352237));
#7155=CARTESIAN_POINT('',(-1.31176059655405,2.69807023202641,50.0918449932363));
#7156=CARTESIAN_POINT('',(-1.29727267269903,2.70504474449274,50.1033307016978));
#7157=CARTESIAN_POINT('',(-1.28503353377321,2.71084651300628,50.1169618255934));
#7158=CARTESIAN_POINT('',(-1.27277688160176,2.71665658339446,50.1306124545557));
#7159=CARTESIAN_POINT('',(-1.26243942098206,2.72145462920001,50.1467915218116));
#7160=CARTESIAN_POINT('',(-1.25491688714268,2.72491900913845,50.1641619468988));
#7161=CARTESIAN_POINT('',(-1.24739413011777,2.72838349186134,50.181532887348));
#7162=CARTESIAN_POINT('',(-1.24248080075477,2.73061269443292,50.200575519869));
#7163=CARTESIAN_POINT('',(-1.24060881458412,2.73146293571342,50.2197096998468));
#7164=CARTESIAN_POINT('',(-1.23873949061621,2.73231196784253,50.2388166685839));
#7165=CARTESIAN_POINT('',(-1.23985175848594,2.73181018722602,50.2585421225617));
#7166=CARTESIAN_POINT('',(-1.24384767459414,2.72998955353436,50.277250661505));
#7167=CARTESIAN_POINT('',(-1.24784097982815,2.7281701094186,50.2959469765575));
#7168=CARTESIAN_POINT('',(-1.25482260958307,2.72498197769519,50.314142782183));
#7169=CARTESIAN_POINT('',(-1.26418412664635,2.72063200266691,50.3303368791216));
#7170=CARTESIAN_POINT('',(-1.27355627738951,2.7162770865333,50.3465493708183));
#7171=CARTESIAN_POINT('',(-1.28556988648684,2.71063432675617,50.3612025456767));
#7172=CARTESIAN_POINT('',(-1.29919170163197,2.70408966611882,50.373087871099));
#7173=CARTESIAN_POINT('',(-1.31282921715533,2.69753746216611,50.3849868954375));
#7174=CARTESIAN_POINT('',(-1.32845356622157,2.68989644967412,50.3944398271439));
#7175=CARTESIAN_POINT('',(-1.34473618000568,2.68173164320811,50.4006617569271));
#7176=CARTESIAN_POINT('',(-1.36100859752858,2.67357194958828,50.406879790504));
#7177=CARTESIAN_POINT('',(-1.37838688587528,2.66466125504956,50.410042066233));
#7178=CARTESIAN_POINT('',(-1.39541503918441,2.65571400350601,50.4098845915688));
#7179=CARTESIAN_POINT('',(-1.41241893545456,2.64677949755064,50.4097273412312));
#7180=CARTESIAN_POINT('',(-1.42954255315817,2.63756229506229,50.4062557434824));
#7181=CARTESIAN_POINT('',(-1.44538299213819,2.62885298296379,50.3997587450683));
#7182=CARTESIAN_POINT('',(-1.46122339039228,2.62014369325701,50.393261763358));
#7183=CARTESIAN_POINT('',(-1.47621832395238,2.61170480270579,50.3835611636247));
#7184=CARTESIAN_POINT('',(-1.48916775971109,2.60430017153112,50.3714589214322));
#7185=CARTESIAN_POINT('',(-1.50213562532841,2.59688500195862,50.3593394551214));
#7186=CARTESIAN_POINT('',(-1.51341174162223,2.59030629463349,50.3444773361043));
#7187=CARTESIAN_POINT('',(-1.52210622896138,2.58518715526689,50.3280995449172));
#7188=CARTESIAN_POINT('',(-1.53080623103867,2.58006476893334,50.3117113656271));
#7189=CARTESIAN_POINT('',(-1.53716296502158,2.57626605515541,50.2933524791189));
#7190=CARTESIAN_POINT('',(-1.54067658816272,2.57416309714191,50.2745446797166));
#7191=CARTESIAN_POINT('',(-1.54291058967576,2.57282601254425,50.2625864671725));
#7192=CARTESIAN_POINT('',(-1.54404585442028,2.5721435417658,50.2502787079467));
#7193=CARTESIAN_POINT('',(-1.54404585442028,2.5721435417658,50.23804035));
#7194=CARTESIAN_POINT('',(-1.54404585442028,2.5721435417658,50.23804035));
#7195=CARTESIAN_POINT('',(-1.54404585442028,2.5721435417658,56.01904035));
#7196=CARTESIAN_POINT('',(-1.54404585442028,2.5721435417658,55.9998238216495));
#7197=CARTESIAN_POINT('',(-1.54120124308357,2.57385687597696,55.9803423607282));
#7198=CARTESIAN_POINT('',(-1.53573505367091,2.57711424755022,55.962209923893));
#7199=CARTESIAN_POINT('',(-1.53026908165842,2.58037148957197,55.9440782082173));
#7200=CARTESIAN_POINT('',(-1.52203042676294,2.58525963519055,55.9267954973416));
#7201=CARTESIAN_POINT('',(-1.51166515331989,2.59130632389116,55.9117873578439));
#7202=CARTESIAN_POINT('',(-1.50128918389392,2.59735925220324,55.8967637313642));
#7203=CARTESIAN_POINT('',(-1.48849416497891,2.60473625314569,55.8836049583199));
#7204=CARTESIAN_POINT('',(-1.47429455430521,2.61274866130402,55.8733980779199));
#7205=CARTESIAN_POINT('',(-1.46008538229647,2.62076646463273,55.8631843246974));
#7206=CARTESIAN_POINT('',(-1.4440750409116,2.62963872524323,55.8556448810108));
#7207=CARTESIAN_POINT('',(-1.42756083350711,2.6385734908538,55.8514072623909));
#7208=CARTESIAN_POINT('',(-1.41106508998547,2.64749826685595,55.8471743816849));
#7209=CARTESIAN_POINT('',(-1.3936102028128,2.65673020692082,55.8461194292074));
#7210=CARTESIAN_POINT('',(-1.37664035837411,2.66549457393849,55.8483304720829));
#7211=CARTESIAN_POINT('',(-1.359690242552,2.674248751774,55.8505389444685));
#7212=CARTESIAN_POINT('',(-1.34275742780449,2.68277859120438,55.8560661372563));
#7213=CARTESIAN_POINT('',(-1.32726368607866,2.69042210584452,55.8644530352237));
#7214=CARTESIAN_POINT('',(-1.31176059655405,2.69807023202641,55.8728449932363));
#7215=CARTESIAN_POINT('',(-1.29727267269903,2.70504474449274,55.8843307016978));
#7216=CARTESIAN_POINT('',(-1.28503353377321,2.71084651300628,55.8979618255934));
#7217=CARTESIAN_POINT('',(-1.27277688160176,2.71665658339446,55.9116124545557));
#7218=CARTESIAN_POINT('',(-1.26243942098206,2.72145462920001,55.9277915218116));
#7219=CARTESIAN_POINT('',(-1.25491688714268,2.72491900913845,55.9451619468988));
#7220=CARTESIAN_POINT('',(-1.24739413011777,2.72838349186134,55.962532887348));
#7221=CARTESIAN_POINT('',(-1.24248080075477,2.73061269443292,55.981575519869));
#7222=CARTESIAN_POINT('',(-1.24060881458412,2.73146293571342,56.0007096998468));
#7223=CARTESIAN_POINT('',(-1.23873949061621,2.73231196784253,56.0198166685839));
#7224=CARTESIAN_POINT('',(-1.23985175848594,2.73181018722602,56.0395421225617));
#7225=CARTESIAN_POINT('',(-1.24384767459414,2.72998955353436,56.0582506615049));
#7226=CARTESIAN_POINT('',(-1.24784097982815,2.7281701094186,56.0769469765575));
#7227=CARTESIAN_POINT('',(-1.25482260958307,2.72498197769519,56.095142782183));
#7228=CARTESIAN_POINT('',(-1.26418412664635,2.72063200266691,56.1113368791216));
#7229=CARTESIAN_POINT('',(-1.27355627738951,2.7162770865333,56.1275493708183));
#7230=CARTESIAN_POINT('',(-1.28556988648684,2.71063432675617,56.1422025456767));
#7231=CARTESIAN_POINT('',(-1.29919170163197,2.70408966611882,56.154087871099));
#7232=CARTESIAN_POINT('',(-1.31282921715533,2.69753746216611,56.1659868954375));
#7233=CARTESIAN_POINT('',(-1.32845356622157,2.68989644967412,56.1754398271439));
#7234=CARTESIAN_POINT('',(-1.34473618000568,2.68173164320811,56.181661756927));
#7235=CARTESIAN_POINT('',(-1.36100859752858,2.67357194958828,56.187879790504));
#7236=CARTESIAN_POINT('',(-1.37838688587528,2.66466125504956,56.191042066233));
#7237=CARTESIAN_POINT('',(-1.39541503918441,2.65571400350601,56.1908845915688));
#7238=CARTESIAN_POINT('',(-1.41241893545456,2.64677949755064,56.1907273412312));
#7239=CARTESIAN_POINT('',(-1.42954255315817,2.63756229506229,56.1872557434824));
#7240=CARTESIAN_POINT('',(-1.44538299213819,2.62885298296379,56.1807587450683));
#7241=CARTESIAN_POINT('',(-1.46122339039228,2.62014369325701,56.174261763358));
#7242=CARTESIAN_POINT('',(-1.47621832395238,2.61170480270579,56.1645611636247));
#7243=CARTESIAN_POINT('',(-1.48916775971109,2.60430017153112,56.1524589214322));
#7244=CARTESIAN_POINT('',(-1.50213562532841,2.59688500195862,56.1403394551214));
#7245=CARTESIAN_POINT('',(-1.51341174162223,2.59030629463349,56.1254773361043));
#7246=CARTESIAN_POINT('',(-1.52210622896138,2.58518715526689,56.1090995449172));
#7247=CARTESIAN_POINT('',(-1.53080623103867,2.58006476893334,56.0927113656271));
#7248=CARTESIAN_POINT('',(-1.53716296502158,2.57626605515541,56.0743524791189));
#7249=CARTESIAN_POINT('',(-1.54067658816272,2.57416309714191,56.0555446797166));
#7250=CARTESIAN_POINT('',(-1.54291058967576,2.57282601254425,56.0435864671725));
#7251=CARTESIAN_POINT('',(-1.54404585442028,2.5721435417658,56.0312787079467));
#7252=CARTESIAN_POINT('',(-1.54404585442028,2.5721435417658,56.01904035));
#7253=CARTESIAN_POINT('',(-1.54404585442028,2.5721435417658,56.01904035));
#7254=CARTESIAN_POINT('',(-0.883624447739356,2.86691608446381,50.23804035));
#7255=CARTESIAN_POINT('',(-0.883624447739356,2.86691608446381,50.2188238216495));
#7256=CARTESIAN_POINT('',(-0.880452467923333,2.86789887224497,50.1993423607282));
#7257=CARTESIAN_POINT('',(-0.874365575998722,2.86975344576993,50.181209923893));
#7258=CARTESIAN_POINT('',(-0.868278926160732,2.87160794553518,50.1630782082173));
#7259=CARTESIAN_POINT('',(-0.85910986178753,2.87438241135677,50.1457954973416));
#7260=CARTESIAN_POINT('',(-0.84759871702949,2.87777282197361,50.1307873578439));
#7261=CARTESIAN_POINT('',(-0.836075693857585,2.88116673117389,50.1157637313642));
#7262=CARTESIAN_POINT('',(-0.821887043057253,2.88526732142489,50.1026049583199));
#7263=CARTESIAN_POINT('',(-0.806182552482037,2.88964871430309,50.0923980779199));
#7264=CARTESIAN_POINT('',(-0.790467487258011,2.89403305740058,50.0821843246974));
#7265=CARTESIAN_POINT('',(-0.772799106354444,2.89881598075843,50.0746448810108));
#7266=CARTESIAN_POINT('',(-0.75462654243643,2.90353900980345,50.0704072623909));
#7267=CARTESIAN_POINT('',(-0.73647429654416,2.9082567582163,50.0661743816849));
#7268=CARTESIAN_POINT('',(-0.717317268800473,2.91304320696245,50.0651194292074));
#7269=CARTESIAN_POINT('',(-0.698743086884847,2.91749174780849,50.067330472083));
#7270=CARTESIAN_POINT('',(-0.680190498738948,2.92193511691844,50.0695389444685));
#7271=CARTESIAN_POINT('',(-0.661708396624316,2.92616480690777,50.0750661372563));
#7272=CARTESIAN_POINT('',(-0.644835662090704,2.92987831981057,50.0834530352237));
#7273=CARTESIAN_POINT('',(-0.62795274777419,2.93359407317743,50.0918449932363));
#7274=CARTESIAN_POINT('',(-0.612216706571707,2.93689873186564,50.1033307016978));
#7275=CARTESIAN_POINT('',(-0.598944760693478,2.93960289386812,50.1169618255934));
#7276=CARTESIAN_POINT('',(-0.585653823704066,2.94231092531383,50.1306124545557));
#7277=CARTESIAN_POINT('',(-0.574468503383169,2.94449563237312,50.1467915218116));
#7278=CARTESIAN_POINT('',(-0.566335480319196,2.94605908354391,50.1641619468988));
#7279=CARTESIAN_POINT('',(-0.558202215957139,2.94762258110063,50.181532887348));
#7280=CARTESIAN_POINT('',(-0.552898175921563,2.94861117041651,50.200575519869));
#7281=CARTESIAN_POINT('',(-0.550877110209988,2.94898870961668,50.2197096998468));
#7282=CARTESIAN_POINT('',(-0.548858918711245,2.94936571190803,50.2388166685839));
#7283=CARTESIAN_POINT('',(-0.55005895005971,2.9491446952484,50.2585421225617));
#7284=CARTESIAN_POINT('',(-0.554374458269435,2.94833325118082,50.277250661505));
#7285=CARTESIAN_POINT('',(-0.558687146788078,2.94752233729914,50.2959469765575));
#7286=CARTESIAN_POINT('',(-0.566228872932146,2.94609766025202,50.314142782183));
#7287=CARTESIAN_POINT('',(-0.576359378486956,2.94411444526705,50.3303368791216));
#7288=CARTESIAN_POINT('',(-0.58650139121014,2.94212897756244,50.3465493708183));
#7289=CARTESIAN_POINT('',(-0.599516307465431,2.93952523097076,50.3612025456767));
#7290=CARTESIAN_POINT('',(-0.614308537227051,2.93643066001735,50.373087871099));
#7291=CARTESIAN_POINT('',(-0.629117816375964,2.93333252229007,50.3849868954375));
#7292=CARTESIAN_POINT('',(-0.64611676423479,2.92965269520997,50.3944398271439));
#7293=CARTESIAN_POINT('',(-0.663880200937972,2.92562182771501,50.4006617569271));
#7294=CARTESIAN_POINT('',(-0.681632514080584,2.92159348437119,50.406879790504));
#7295=CARTESIAN_POINT('',(-0.700638289734481,2.91710061504111,50.410042066233));
#7296=CARTESIAN_POINT('',(-0.719312853302552,2.91248845818721,50.4098845915688));
#7297=CARTESIAN_POINT('',(-0.737960814478207,2.90788287146846,50.4097273412312));
#7298=CARTESIAN_POINT('',(-0.756792671908632,2.90303145407859,50.4062557434824));
#7299=CARTESIAN_POINT('',(-0.77425709133105,2.89836608393825,50.3997587450683));
#7300=CARTESIAN_POINT('',(-0.791721465852288,2.89370072579262,50.393261763358));
#7301=CARTESIAN_POINT('',(-0.808300232593422,2.88909557654964,50.3835611636247));
#7302=CARTESIAN_POINT('',(-0.822645425512002,2.88500511332028,50.3714589214322));
#7303=CARTESIAN_POINT('',(-0.837011034754668,2.88090882847364,50.3593394551214));
#7304=CARTESIAN_POINT('',(-0.849533875316166,2.8772198376885,50.3444773361043));
#7305=CARTESIAN_POINT('',(-0.859200806892917,2.87433017822145,50.3280995449172));
#7306=CARTESIAN_POINT('',(-0.868873870009603,2.87143868590162,50.3117113656271));
#7307=CARTESIAN_POINT('',(-0.875954980567071,2.86927162185801,50.2933524791189));
#7308=CARTESIAN_POINT('',(-0.879869774999448,2.86807063703849,50.2745446797166));
#7309=CARTESIAN_POINT('',(-0.882358845777352,2.8673070372453,50.2625864671725));
#7310=CARTESIAN_POINT('',(-0.883624447739356,2.86691608446381,50.2502787079467));
#7311=CARTESIAN_POINT('',(-0.883624447739356,2.86691608446381,50.23804035));
#7312=CARTESIAN_POINT('',(-0.883624447739356,2.86691608446381,50.23804035));
#7313=CARTESIAN_POINT('',(-0.883624447739356,2.86691608446381,56.01904035));
#7314=CARTESIAN_POINT('',(-0.883624447739356,2.86691608446381,55.9998238216495));
#7315=CARTESIAN_POINT('',(-0.880452467923333,2.86789887224497,55.9803423607282));
#7316=CARTESIAN_POINT('',(-0.874365575998722,2.86975344576993,55.962209923893));
#7317=CARTESIAN_POINT('',(-0.868278926160732,2.87160794553518,55.9440782082173));
#7318=CARTESIAN_POINT('',(-0.85910986178753,2.87438241135677,55.9267954973416));
#7319=CARTESIAN_POINT('',(-0.84759871702949,2.87777282197361,55.9117873578439));
#7320=CARTESIAN_POINT('',(-0.836075693857585,2.88116673117389,55.8967637313642));
#7321=CARTESIAN_POINT('',(-0.821887043057253,2.88526732142489,55.8836049583199));
#7322=CARTESIAN_POINT('',(-0.806182552482037,2.88964871430309,55.8733980779199));
#7323=CARTESIAN_POINT('',(-0.790467487258011,2.89403305740058,55.8631843246974));
#7324=CARTESIAN_POINT('',(-0.772799106354444,2.89881598075843,55.8556448810108));
#7325=CARTESIAN_POINT('',(-0.75462654243643,2.90353900980345,55.8514072623909));
#7326=CARTESIAN_POINT('',(-0.73647429654416,2.9082567582163,55.8471743816849));
#7327=CARTESIAN_POINT('',(-0.717317268800473,2.91304320696245,55.8461194292074));
#7328=CARTESIAN_POINT('',(-0.698743086884847,2.91749174780849,55.8483304720829));
#7329=CARTESIAN_POINT('',(-0.680190498738948,2.92193511691844,55.8505389444685));
#7330=CARTESIAN_POINT('',(-0.661708396624316,2.92616480690777,55.8560661372563));
#7331=CARTESIAN_POINT('',(-0.644835662090704,2.92987831981057,55.8644530352237));
#7332=CARTESIAN_POINT('',(-0.62795274777419,2.93359407317743,55.8728449932363));
#7333=CARTESIAN_POINT('',(-0.612216706571707,2.93689873186564,55.8843307016978));
#7334=CARTESIAN_POINT('',(-0.598944760693478,2.93960289386812,55.8979618255934));
#7335=CARTESIAN_POINT('',(-0.585653823704066,2.94231092531383,55.9116124545557));
#7336=CARTESIAN_POINT('',(-0.574468503383169,2.94449563237312,55.9277915218116));
#7337=CARTESIAN_POINT('',(-0.566335480319196,2.94605908354391,55.9451619468988));
#7338=CARTESIAN_POINT('',(-0.558202215957139,2.94762258110063,55.962532887348));
#7339=CARTESIAN_POINT('',(-0.552898175921563,2.94861117041651,55.981575519869));
#7340=CARTESIAN_POINT('',(-0.550877110209988,2.94898870961668,56.0007096998468));
#7341=CARTESIAN_POINT('',(-0.548858918711245,2.94936571190803,56.0198166685839));
#7342=CARTESIAN_POINT('',(-0.55005895005971,2.9491446952484,56.0395421225617));
#7343=CARTESIAN_POINT('',(-0.554374458269435,2.94833325118082,56.0582506615049));
#7344=CARTESIAN_POINT('',(-0.558687146788078,2.94752233729914,56.0769469765575));
#7345=CARTESIAN_POINT('',(-0.566228872932146,2.94609766025202,56.095142782183));
#7346=CARTESIAN_POINT('',(-0.576359378486956,2.94411444526705,56.1113368791216));
#7347=CARTESIAN_POINT('',(-0.58650139121014,2.94212897756244,56.1275493708183));
#7348=CARTESIAN_POINT('',(-0.599516307465431,2.93952523097076,56.1422025456767));
#7349=CARTESIAN_POINT('',(-0.614308537227051,2.93643066001735,56.154087871099));
#7350=CARTESIAN_POINT('',(-0.629117816375964,2.93333252229007,56.1659868954375));
#7351=CARTESIAN_POINT('',(-0.64611676423479,2.92965269520997,56.1754398271439));
#7352=CARTESIAN_POINT('',(-0.663880200937972,2.92562182771501,56.181661756927));
#7353=CARTESIAN_POINT('',(-0.681632514080584,2.92159348437119,56.187879790504));
#7354=CARTESIAN_POINT('',(-0.700638289734481,2.91710061504111,56.191042066233));
#7355=CARTESIAN_POINT('',(-0.719312853302552,2.91248845818721,56.1908845915688));
#7356=CARTESIAN_POINT('',(-0.737960814478207,2.90788287146846,56.1907273412312));
#7357=CARTESIAN_POINT('',(-0.756792671908632,2.90303145407859,56.1872557434824));
#7358=CARTESIAN_POINT('',(-0.77425709133105,2.89836608393825,56.1807587450683));
#7359=CARTESIAN_POINT('',(-0.791721465852288,2.89370072579262,56.174261763358));
#7360=CARTESIAN_POINT('',(-0.808300232593422,2.88909557654964,56.1645611636247));
#7361=CARTESIAN_POINT('',(-0.822645425512002,2.88500511332028,56.1524589214322));
#7362=CARTESIAN_POINT('',(-0.837011034754668,2.88090882847364,56.1403394551214));
#7363=CARTESIAN_POINT('',(-0.849533875316166,2.8772198376885,56.1254773361043));
#7364=CARTESIAN_POINT('',(-0.859200806892917,2.87433017822145,56.1090995449172));
#7365=CARTESIAN_POINT('',(-0.868873870009603,2.87143868590162,56.0927113656271));
#7366=CARTESIAN_POINT('',(-0.875954980567071,2.86927162185801,56.0743524791189));
#7367=CARTESIAN_POINT('',(-0.879869774999448,2.86807063703849,56.0555446797166));
#7368=CARTESIAN_POINT('',(-0.882358845777352,2.8673070372453,56.0435864671725));
#7369=CARTESIAN_POINT('',(-0.883624447739356,2.86691608446381,56.0312787079467));
#7370=CARTESIAN_POINT('',(-0.883624447739356,2.86691608446381,56.01904035));
#7371=CARTESIAN_POINT('',(-0.883624447739356,2.86691608446381,56.01904035));
#7372=CARTESIAN_POINT('',(-0.171850000000003,2.99507388514874,50.23804035));
#7373=CARTESIAN_POINT('',(-0.171850000000003,2.99507388514874,50.2188238216495));
#7374=CARTESIAN_POINT('',(-0.168534995641894,2.99526901044635,50.1993423607282));
#7375=CARTESIAN_POINT('',(-0.162181149239038,2.99561300485084,50.181209923893));
#7376=CARTESIAN_POINT('',(-0.155827555540063,2.99595698557406,50.1630782082173));
#7377=CARTESIAN_POINT('',(-0.146260954382312,2.9964565297299,50.1457954973416));
#7378=CARTESIAN_POINT('',(-0.134272924201311,2.99699362392155,50.1307873578439));
#7379=CARTESIAN_POINT('',(-0.122272523505743,2.99753127234366,50.1157637313642));
#7380=CARTESIAN_POINT('',(-0.107514833630954,2.99811714050287,50.1026049583199));
#7381=CARTESIAN_POINT('',(-0.0912181510629515,2.99861288747258,50.0923980779199));
#7382=CARTESIAN_POINT('',(-0.0749104950925267,2.99910896825447,50.0821843246974));
#7383=CARTESIAN_POINT('',(-0.0566108967464217,2.99952458823932,50.0746448810108));
#7384=CARTESIAN_POINT('',(-0.0378360996752156,2.9997613954382,50.0704072623909));
#7385=CARTESIAN_POINT('',(-0.0190822939628484,2.99999793787231,50.0661743816849));
#7386=CARTESIAN_POINT('',(0.000663537532353438,3.00006072429667,50.0651194292074));
#7387=CARTESIAN_POINT('',(0.0197625929863919,2.99993490594687,50.067330472083));
#7388=CARTESIAN_POINT('',(0.0388394444689517,2.9998092338696,50.0695389444685));
#7389=CARTESIAN_POINT('',(0.0577967213555125,2.99949296020999,50.0750661372563));
#7390=CARTESIAN_POINT('',(0.0750678666956998,2.99906065550361,50.0834530352237));
#7391=CARTESIAN_POINT('',(0.0923494321909424,2.99862808997597,50.0918449932363));
#7392=CARTESIAN_POINT('',(0.108419069224385,2.99807084013504,50.1033307016978));
#7393=CARTESIAN_POINT('',(0.121952504802138,2.99752023956011,50.1169618255934));
#7394=CARTESIAN_POINT('',(0.135505305662275,2.99696885111903,50.1306124545557));
#7395=CARTESIAN_POINT('',(0.146888435524307,2.99641325219886,50.1467915218116));
#7396=CARTESIAN_POINT('',(0.155159286074728,2.99598491250286,50.1641619468988));
#7397=CARTESIAN_POINT('',(0.163430382012427,2.99555656009849,50.181532887348));
#7398=CARTESIAN_POINT('',(0.168816881193109,2.99524708294102,50.200575519869));
#7399=CARTESIAN_POINT('',(0.170869569452726,2.99512997885485,50.2197096998468));
#7400=CARTESIAN_POINT('',(0.172919338528221,2.9950130413056,50.2388166685839));
#7401=CARTESIAN_POINT('',(0.171701285161055,2.99508563328774,50.2585421225617));
#7402=CARTESIAN_POINT('',(0.167316986500723,2.99533053702397,50.277250661505));
#7403=CARTESIAN_POINT('',(0.162935552478165,2.99557528074362,50.2959469765575));
#7404=CARTESIAN_POINT('',(0.155272027655389,2.99599685542429,50.314142782183));
#7405=CARTESIAN_POINT('',(0.144961281769003,2.99649565772886,50.3303368791216));
#7406=CARTESIAN_POINT('',(0.134638823980547,2.99699502661937,50.3465493708183));
#7407=CARTESIAN_POINT('',(0.121378980192762,2.9975816135008,50.3612025456767));
#7408=CARTESIAN_POINT('',(0.106276006440831,2.99811697744684,50.373087871099));
#7409=CARTESIAN_POINT('',(0.0911556251409555,2.99865295844842,50.3849868954375));
#7410=CARTESIAN_POINT('',(0.073769995550439,2.99914817495447,50.3944398271439));
#7411=CARTESIAN_POINT('',(0.0555580823019087,2.99948550579777,50.4006617569271));
#7412=CARTESIAN_POINT('',(0.0373575734523987,2.99982262540267,50.406879790504));
#7413=CARTESIAN_POINT('',(0.0178288570891277,3.00000869051578,50.410042066233));
#7414=CARTESIAN_POINT('',(-0.0014068189825824,2.99999967014337,50.4098845915688));
#7415=CARTESIAN_POINT('',(-0.0206150933427947,2.99999066262072,50.4097273412312));
#7416=CARTESIAN_POINT('',(-0.0400607513971926,2.99978697707384,50.4062557434824));
#7417=CARTESIAN_POINT('',(-0.0581341826857697,2.99943668324628,50.3997587450683));
#7418=CARTESIAN_POINT('',(-0.0762075675073914,2.99908639031933,50.393261763358));
#7419=CARTESIAN_POINT('',(-0.0934066697679371,2.99858261691956,50.3835611636247));
#7420=CARTESIAN_POINT('',(-0.108313929376609,2.99804404449017,50.3714589214322));
#7421=CARTESIAN_POINT('',(-0.1232424052523,2.99750470555529,50.3593394551214));
#7422=CARTESIAN_POINT('',(-0.136284188106715,2.99691982204563,50.3444773361043));
#7423=CARTESIAN_POINT('',(-0.1463617569957,2.99642757898287,50.3280995449172));
#7424=CARTESIAN_POINT('',(-0.156445717883596,2.99593502370024,50.3117113656271));
#7425=CARTESIAN_POINT('',(-0.163839676608807,2.99552555127622,50.2933524791189));
#7426=CARTESIAN_POINT('',(-0.16792812870971,2.99529633652299,50.2745446797166));
#7427=CARTESIAN_POINT('',(-0.17052761300627,2.99515059917867,50.2625864671725));
#7428=CARTESIAN_POINT('',(-0.171850000000003,2.99507388514874,50.2502787079467));
#7429=CARTESIAN_POINT('',(-0.171850000000003,2.99507388514874,50.23804035));
#7430=CARTESIAN_POINT('',(-0.171850000000003,2.99507388514874,50.23804035));
#7431=CARTESIAN_POINT('',(-0.171850000000003,2.99507388514874,56.01904035));
#7432=CARTESIAN_POINT('',(-0.171850000000003,2.99507388514874,55.9998238216495));
#7433=CARTESIAN_POINT('',(-0.168534995641894,2.99526901044635,55.9803423607282));
#7434=CARTESIAN_POINT('',(-0.162181149239038,2.99561300485084,55.962209923893));
#7435=CARTESIAN_POINT('',(-0.155827555540063,2.99595698557406,55.9440782082173));
#7436=CARTESIAN_POINT('',(-0.146260954382312,2.9964565297299,55.9267954973416));
#7437=CARTESIAN_POINT('',(-0.134272924201311,2.99699362392155,55.9117873578439));
#7438=CARTESIAN_POINT('',(-0.122272523505743,2.99753127234366,55.8967637313642));
#7439=CARTESIAN_POINT('',(-0.107514833630954,2.99811714050287,55.8836049583199));
#7440=CARTESIAN_POINT('',(-0.0912181510629515,2.99861288747258,55.8733980779199));
#7441=CARTESIAN_POINT('',(-0.0749104950925267,2.99910896825447,55.8631843246974));
#7442=CARTESIAN_POINT('',(-0.0566108967464217,2.99952458823932,55.8556448810108));
#7443=CARTESIAN_POINT('',(-0.0378360996752156,2.9997613954382,55.8514072623909));
#7444=CARTESIAN_POINT('',(-0.0190822939628484,2.99999793787231,55.8471743816849));
#7445=CARTESIAN_POINT('',(0.000663537532353438,3.00006072429667,55.8461194292074));
#7446=CARTESIAN_POINT('',(0.0197625929863919,2.99993490594687,55.8483304720829));
#7447=CARTESIAN_POINT('',(0.0388394444689517,2.9998092338696,55.8505389444685));
#7448=CARTESIAN_POINT('',(0.0577967213555125,2.99949296020999,55.8560661372563));
#7449=CARTESIAN_POINT('',(0.0750678666956998,2.99906065550361,55.8644530352237));
#7450=CARTESIAN_POINT('',(0.0923494321909424,2.99862808997597,55.8728449932363));
#7451=CARTESIAN_POINT('',(0.108419069224385,2.99807084013504,55.8843307016978));
#7452=CARTESIAN_POINT('',(0.121952504802138,2.99752023956011,55.8979618255934));
#7453=CARTESIAN_POINT('',(0.135505305662275,2.99696885111903,55.9116124545557));
#7454=CARTESIAN_POINT('',(0.146888435524307,2.99641325219886,55.9277915218116));
#7455=CARTESIAN_POINT('',(0.155159286074728,2.99598491250286,55.9451619468988));
#7456=CARTESIAN_POINT('',(0.163430382012427,2.99555656009849,55.962532887348));
#7457=CARTESIAN_POINT('',(0.168816881193109,2.99524708294102,55.981575519869));
#7458=CARTESIAN_POINT('',(0.170869569452726,2.99512997885485,56.0007096998468));
#7459=CARTESIAN_POINT('',(0.172919338528221,2.9950130413056,56.0198166685839));
#7460=CARTESIAN_POINT('',(0.171701285161055,2.99508563328774,56.0395421225617));
#7461=CARTESIAN_POINT('',(0.167316986500723,2.99533053702397,56.0582506615049));
#7462=CARTESIAN_POINT('',(0.162935552478165,2.99557528074362,56.0769469765575));
#7463=CARTESIAN_POINT('',(0.155272027655389,2.99599685542429,56.095142782183));
#7464=CARTESIAN_POINT('',(0.144961281769003,2.99649565772886,56.1113368791216));
#7465=CARTESIAN_POINT('',(0.134638823980547,2.99699502661937,56.1275493708183));
#7466=CARTESIAN_POINT('',(0.121378980192762,2.9975816135008,56.1422025456767));
#7467=CARTESIAN_POINT('',(0.106276006440831,2.99811697744684,56.154087871099));
#7468=CARTESIAN_POINT('',(0.0911556251409555,2.99865295844842,56.1659868954375));
#7469=CARTESIAN_POINT('',(0.073769995550439,2.99914817495447,56.1754398271439));
#7470=CARTESIAN_POINT('',(0.0555580823019087,2.99948550579777,56.181661756927));
#7471=CARTESIAN_POINT('',(0.0373575734523987,2.99982262540267,56.187879790504));
#7472=CARTESIAN_POINT('',(0.0178288570891277,3.00000869051578,56.191042066233));
#7473=CARTESIAN_POINT('',(-0.0014068189825824,2.99999967014337,56.1908845915688));
#7474=CARTESIAN_POINT('',(-0.0206150933427947,2.99999066262072,56.1907273412312));
#7475=CARTESIAN_POINT('',(-0.0400607513971926,2.99978697707384,56.1872557434824));
#7476=CARTESIAN_POINT('',(-0.0581341826857697,2.99943668324628,56.1807587450683));
#7477=CARTESIAN_POINT('',(-0.0762075675073914,2.99908639031933,56.174261763358));
#7478=CARTESIAN_POINT('',(-0.0934066697679371,2.99858261691956,56.1645611636247));
#7479=CARTESIAN_POINT('',(-0.108313929376609,2.99804404449017,56.1524589214322));
#7480=CARTESIAN_POINT('',(-0.1232424052523,2.99750470555529,56.1403394551214));
#7481=CARTESIAN_POINT('',(-0.136284188106715,2.99691982204563,56.1254773361043));
#7482=CARTESIAN_POINT('',(-0.1463617569957,2.99642757898287,56.1090995449172));
#7483=CARTESIAN_POINT('',(-0.156445717883596,2.99593502370024,56.0927113656271));
#7484=CARTESIAN_POINT('',(-0.163839676608807,2.99552555127622,56.0743524791189));
#7485=CARTESIAN_POINT('',(-0.16792812870971,2.99529633652299,56.0555446797166));
#7486=CARTESIAN_POINT('',(-0.17052761300627,2.99515059917867,56.0435864671725));
#7487=CARTESIAN_POINT('',(-0.171850000000003,2.99507388514874,56.0312787079467));
#7488=CARTESIAN_POINT('',(-0.171850000000003,2.99507388514874,56.01904035));
#7489=CARTESIAN_POINT('',(-0.171850000000003,2.99507388514874,56.01904035));
#7490=CARTESIAN_POINT('',(1.45267128087341E-14,0.,49.75354035));
#7491=CARTESIAN_POINT('',(-2.99999999999998,0.,49.75354035));
#7492=CARTESIAN_POINT('',(1.45267128087341E-14,0.,116.57854035));
#7493=CARTESIAN_POINT('',(1.45267128087341E-14,0.,49.75354035));
#7494=CARTESIAN_POINT('',(-2.89299999999998,0.,49.75354035));
#7495=CARTESIAN_POINT('',(-3.,0.,49.75354035));
#7496=CARTESIAN_POINT('',(-3.46553803081381E-15,2.875,56.01904035));
#7497=CARTESIAN_POINT('',(-3.46553803081381E-15,2.875,50.23804035));
#7498=CARTESIAN_POINT('',(-0.688032534826731,2.7914577250999,56.01904035));
#7499=CARTESIAN_POINT('',(-0.688032534826731,2.7914577250999,50.23804035));
#7500=CARTESIAN_POINT('',(-1.33607911962583,2.54568607375297,56.01904035));
#7501=CARTESIAN_POINT('',(-1.33607911962583,2.54568607375297,50.23804035));
#7502=CARTESIAN_POINT('',(-1.90647764244228,2.15196840099191,56.01904035));
#7503=CARTESIAN_POINT('',(-1.90647764244228,2.15196840099191,50.23804035));
#7504=CARTESIAN_POINT('',(-2.36607861444425,1.63318614685206,56.01904035));
#7505=CARTESIAN_POINT('',(-2.36607861444425,1.63318614685206,50.23804035));
#7506=CARTESIAN_POINT('',(-2.68817169772056,1.01948905024728,56.01904035));
#7507=CARTESIAN_POINT('',(-2.68817169772056,1.01948905024728,50.23804035));
#7508=CARTESIAN_POINT('',(-2.85403801303189,0.346542955734052,56.01904035));
#7509=CARTESIAN_POINT('',(-2.85403801303189,0.346542955734052,50.23804035));
#7510=CARTESIAN_POINT('',(-2.85403801303189,-0.346542955734052,56.01904035));
#7511=CARTESIAN_POINT('',(-2.85403801303189,-0.346542955734052,50.23804035));
#7512=CARTESIAN_POINT('',(-2.68817169772056,-1.01948905024728,56.01904035));
#7513=CARTESIAN_POINT('',(-2.68817169772056,-1.01948905024728,50.23804035));
#7514=CARTESIAN_POINT('',(-2.36607861444425,-1.63318614685206,56.01904035));
#7515=CARTESIAN_POINT('',(-2.36607861444425,-1.63318614685206,50.23804035));
#7516=CARTESIAN_POINT('',(-1.90647764244228,-2.15196840099191,56.01904035));
#7517=CARTESIAN_POINT('',(-1.90647764244228,-2.15196840099191,50.23804035));
#7518=CARTESIAN_POINT('',(-1.33607911962583,-2.54568607375297,56.01904035));
#7519=CARTESIAN_POINT('',(-1.33607911962583,-2.54568607375297,50.23804035));
#7520=CARTESIAN_POINT('',(-0.68803253482673,-2.7914577250999,56.01904035));
#7521=CARTESIAN_POINT('',(-0.68803253482673,-2.7914577250999,50.23804035));
#7522=CARTESIAN_POINT('',(-3.46553803081381E-15,-2.875,56.01904035));
#7523=CARTESIAN_POINT('',(-3.46553803081381E-15,-2.875,50.23804035));
#7524=CARTESIAN_POINT('',(0.688032534826726,-2.7914577250999,56.01904035));
#7525=CARTESIAN_POINT('',(0.688032534826726,-2.7914577250999,50.23804035));
#7526=CARTESIAN_POINT('',(1.33607911962583,-2.54568607375299,56.01904035));
#7527=CARTESIAN_POINT('',(1.33607911962583,-2.54568607375299,50.23804035));
#7528=CARTESIAN_POINT('',(1.90647764244229,-2.15196840099193,56.01904035));
#7529=CARTESIAN_POINT('',(1.90647764244229,-2.15196840099193,50.23804035));
#7530=CARTESIAN_POINT('',(2.36607861444427,-1.63318614685209,56.01904035));
#7531=CARTESIAN_POINT('',(2.36607861444427,-1.63318614685209,50.23804035));
#7532=CARTESIAN_POINT('',(2.68817169772058,-1.0194890502473,56.01904035));
#7533=CARTESIAN_POINT('',(2.68817169772058,-1.0194890502473,50.23804035));
#7534=CARTESIAN_POINT('',(2.85403801303192,-0.346542955734061,56.01904035));
#7535=CARTESIAN_POINT('',(2.85403801303192,-0.346542955734061,50.23804035));
#7536=CARTESIAN_POINT('',(2.85403801303192,0.346542955734047,56.01904035));
#7537=CARTESIAN_POINT('',(2.85403801303192,0.346542955734047,50.23804035));
#7538=CARTESIAN_POINT('',(2.68817169772058,1.01948905024729,56.01904035));
#7539=CARTESIAN_POINT('',(2.68817169772058,1.01948905024729,50.23804035));
#7540=CARTESIAN_POINT('',(2.36607861444428,1.63318614685207,56.01904035));
#7541=CARTESIAN_POINT('',(2.36607861444428,1.63318614685207,50.23804035));
#7542=CARTESIAN_POINT('',(1.9064776424423,2.15196840099192,56.01904035));
#7543=CARTESIAN_POINT('',(1.9064776424423,2.15196840099192,50.23804035));
#7544=CARTESIAN_POINT('',(1.33607911962585,2.54568607375298,56.01904035));
#7545=CARTESIAN_POINT('',(1.33607911962585,2.54568607375298,50.23804035));
#7546=CARTESIAN_POINT('',(0.688032534826738,2.7914577250999,56.01904035));
#7547=CARTESIAN_POINT('',(0.688032534826738,2.7914577250999,50.23804035));
#7548=CARTESIAN_POINT('',(1.45267128087341E-14,0.,56.4014572772469));
#7549=CARTESIAN_POINT('',(1.45267128087341E-14,0.,49.75354035));
#7550=MECHANICAL_DESIGN_GEOMETRIC_PRESENTATION_REPRESENTATION('',(#32),
#7551);
#7551=(
GEOMETRIC_REPRESENTATION_CONTEXT(3)
GLOBAL_UNCERTAINTY_ASSIGNED_CONTEXT((#7552))
GLOBAL_UNIT_ASSIGNED_CONTEXT((#7557,#7554,#7553))
REPRESENTATION_CONTEXT('oxidizer_tank_wall','TOP_LEVEL_ASSEMBLY_PART')
);
#7552=UNCERTAINTY_MEASURE_WITH_UNIT(LENGTH_MEASURE(0.002),#7557,
'DISTANCE_ACCURACY_VALUE','Maximum Tolerance applied to model');
#7553=(
NAMED_UNIT(*)
SI_UNIT($,.STERADIAN.)
SOLID_ANGLE_UNIT()
);
#7554=(
CONVERSION_BASED_UNIT('DEGREE',#7555)
NAMED_UNIT(#7559)
PLANE_ANGLE_UNIT()
);
#7555=PLANE_ANGLE_MEASURE_WITH_UNIT(PLANE_ANGLE_MEASURE(0.0174532925),#7556);
#7556=(
NAMED_UNIT(*)
PLANE_ANGLE_UNIT()
SI_UNIT($,.RADIAN.)
);
#7557=(
CONVERSION_BASED_UNIT('INCH',#7560)
LENGTH_UNIT()
NAMED_UNIT(#7558)
);
#7558=DIMENSIONAL_EXPONENTS(1.,0.,0.,0.,0.,0.,0.);
#7559=DIMENSIONAL_EXPONENTS(0.,0.,0.,0.,0.,0.,0.);
#7560=LENGTH_MEASURE_WITH_UNIT(LENGTH_MEASURE(25.4),#7561);
#7561=(
LENGTH_UNIT()
NAMED_UNIT(*)
SI_UNIT(.MILLI.,.METRE.)
);
ENDSEC;
END-ISO-10303-21;
